Data File Name,GG_20170621_High Sensitivity DNA Assay_DE24802700_2017-06-21_14-37-03.xad,,
Data File Path,C:\Users\jlchiniquy\Desktop\20171205_Nextera_library_size_to_loading_concentration_tool\GGoyal,,
Date Created,"Wednesday, June 21, 2017 9:37:03 PM",,
Date Last Modified,"Wednesday, June 21, 2017 10:15:32 PM",,
Version Created,B.02.07.SI532,,
Version Last Modified,B.02.07.SI532,,
 ,,,
Assay Name,High Sensitivity DNA,,
Assay Path,C:\Program Files\Agilent\2100 bioanalyzer\2100 expert\assays\dsDNA,,
Assay Title,High Sensitivity DNA Assay,,
Assay Version,1,,
 ,,,
Number of Samples Run,10,,
 ,,,
Sample Name,0.2,,
Number of Events,2121,,
 ,,,
Time,Value,Library Loading Concentration (pM),Cluster Density (K/mm^2)
32,-0.3117981,12,1208
32.05,-0.3117981,,
32.1,-0.3117981,,
32.15,-0.3117981,,
32.2,-0.3117981,,
32.25,-0.3117981,,
32.3,-0.3117981,,
32.35,-0.3117981,,
32.4,-0.3117981,,
32.45,-0.3117981,,
32.5,-0.3117981,,
32.55,-0.3117981,,
32.6,-0.3117981,,
32.65,-0.3117981,,
32.7,-0.3117981,,
32.75,-0.3117981,,
32.8,-0.3117981,,
32.85,-0.3117981,,
32.9,-0.3117981,,
32.95,-0.3117981,,
33,-0.3117981,,
33.05,-0.3117981,,
33.1,-0.3117981,,
33.15,-0.3117981,,
33.2,-0.3117981,,
33.25,-0.3117981,,
33.3,-0.3117981,,
33.35,-0.3117981,,
33.4,-0.3117981,,
33.45,-0.3117981,,
33.5,-0.4030728,,
33.55,-0.4587749,,
33.6,-0.4457372,,
33.65,-0.4041882,,
33.7,-0.3241807,,
33.75,-0.163347,,
33.8,0.1159319,,
33.85,0.4503419,,
33.9,0.6928549,,
33.95,0.7344905,,
34,0.5252481,,
34.05,0.2105466,,
34.1,1.72E-02,,
34.15,-3.73E-02,,
34.2,-5.11E-02,,
34.25,-4.06E-02,,
34.3,3.72E-02,,
34.35,4.17E-02,,
34.4,-8.20E-02,,
34.45,-0.2456942,,
34.5,-0.4474606,,
34.55,-0.6466214,,
34.6,-0.7051195,,
34.65,-0.6185697,,
34.7,-0.4082142,,
34.75,-0.2912299,,
34.8,-0.2865779,,
34.85,-0.3221011,,
34.9,-0.3456906,,
34.95,-0.2816115,,
35,0.0855917,,
35.05,0.4012591,,
35.1,0.4972686,,
35.15,0.3543083,,
35.2,6.84E-02,,
35.25,-0.1353658,,
35.3,-0.2125607,,
35.35,-0.3167753,,
35.4,-0.2363408,,
35.45,-0.2344958,,
35.5,-0.375589,,
35.55,-0.5791892,,
35.6,-0.7877653,,
35.65,-0.9861109,,
35.7,-1.101745,,
35.75,-1.118472,,
35.8,-0.879097,,
35.85,-0.5366738,,
35.9,-0.344136,,
35.95,-0.2575611,,
36,-0.1980325,,
36.05,-0.1525746,,
36.1,-0.1222262,,
36.15,-0.1003334,,
36.2,-5.50E-02,,
36.25,2.67E-02,,
36.3,6.42E-02,,
36.35,-2.67E-02,,
36.4,-3.25E-02,,
36.45,0.1050976,,
36.5,0.2903249,,
36.55,0.4222836,,
36.6,0.3220209,,
36.65,2.70E-02,,
36.7,-0.3274658,,
36.75,-0.6856328,,
36.8,-0.8367183,,
36.85,-0.6638013,,
36.9,-0.3491245,,
36.95,-3.89E-02,,
37,0.2094804,,
37.05,0.4394397,,
37.1,0.5045561,,
37.15,0.4270374,,
37.2,0.2858286,,
37.25,7.06E-02,,
37.3,3.12E-02,,
37.35,-3.40E-03,,
37.4,-5.94E-02,,
37.45,-9.66E-02,,
37.5,-0.2325294,,
37.55,-0.3338487,,
37.6,-0.3606668,,
37.65,-0.1082238,,
37.7,0.1709865,,
37.75,-0.03146,,
37.8,-0.1829904,,
37.85,-0.340025,,
37.9,-0.554247,,
37.95,-0.8166666,,
38,-0.7205339,,
38.05,-0.3805639,,
38.1,-0.277374,,
38.15,-0.2685744,,
38.2,-7.89E-02,,
38.25,-0.1701758,,
38.3,-0.4503399,,
38.35,-0.8225852,,
38.4,-0.8493558,,
38.45,-0.7529348,,
38.5,-0.6414187,,
38.55,-0.5455008,,
38.6,-0.4199388,,
38.65,-0.2493542,,
38.7,-0.1719388,,
38.75,-0.1022903,,
38.8,6.80E-03,,
38.85,3.95E-02,,
38.9,-0.0690399,,
38.95,-0.2556219,,
39,-0.4209835,,
39.05,-0.4312647,,
39.1,-0.4402517,,
39.15,-0.5111343,,
39.2,-0.5985662,,
39.25,-0.6844332,,
39.3,-0.6953962,,
39.35,-0.6740182,,
39.4,-0.6196024,,
39.45,-0.5500278,,
39.5,-0.4946733,,
39.55,-0.5617812,,
39.6,-0.5622164,,
39.65,-0.6448136,,
39.7,-0.8077798,,
39.75,-0.9822591,,
39.8,-1.03433,,
39.85,-0.8883726,,
39.9,-0.606533,,
39.95,-0.5339481,,
40,-0.4784664,,
40.05,-0.4018148,,
40.1,-0.3872695,,
40.15,-0.3684061,,
40.2,-0.4362821,,
40.25,-0.5459797,,
40.3,-0.7036502,,
40.35,-0.8701106,,
40.4,-0.7346322,,
40.45,-0.5851694,,
40.5,-0.5006846,,
40.55,-0.5866837,,
40.6,-0.5341664,,
40.65,-0.5409393,,
40.7,-0.5039635,,
40.75,-0.4628538,,
40.8,-0.4318525,,
40.85,-0.4596775,,
40.9,-0.4196634,,
40.95,-0.3839854,,
41,-0.2082536,,
41.05,-0.1803395,,
41.1,-0.1117205,,
41.15,1.66E-02,,
41.2,7.08E-02,,
41.25,-3.08E-02,,
41.3,-0.2845804,,
41.35,-0.4794222,,
41.4,-0.5779681,,
41.45,-0.5730824,,
41.5,-0.3939147,,
41.55,-0.1903841,,
41.6,-8.38E-02,,
41.65,-0.1513264,,
41.7,-0.3324776,,
41.75,-0.3807815,,
41.8,-0.2380009,,
41.85,-7.85E-02,,
41.9,-2.17E-02,,
41.95,-2.64E-02,,
42,-8.37E-02,,
42.05,-0.2010556,,
42.1,-0.2616457,,
42.15,-0.2170817,,
42.2,-0.0801742,,
42.25,4.05E-03,,
42.3,9.65E-02,,
42.35,0.2559667,,
42.4,0.4668754,,
42.45,1.018226,,
42.5,2.337445,,
42.55,5.454548,,
42.6,11.65528,,
42.65,22.51057,,
42.7,38.91324,,
42.75,61.04123,,
42.8,88.16978,,
42.85,117.4359,,
42.9,143.7966,,
42.95,162.0381,,
43,167.7702,,
43.05,159.6011,,
43.1,139.012,,
43.15,110.9552,,
43.2,80.83121,,
43.25,53.69343,,
43.3,32.16922,,
43.35,17.36369,,
43.4,8.582275,,
43.45,4.074506,,
43.5,1.984035,,
43.55,1.214284,,
43.6,0.8457842,,
43.65,0.7173007,,
43.7,0.5578256,,
43.75,0.3697003,,
43.8,0.1817071,,
43.85,3.27E-04,,
43.9,-0.1525138,,
43.95,-0.2317133,,
44,-0.2125611,,
44.05,-0.1246858,,
44.1,-3.00E-02,,
44.15,3.11E-03,,
44.2,-3.76E-02,,
44.25,-5.23E-02,,
44.3,-6.92E-02,,
44.35,-7.37E-02,,
44.4,3.39E-02,,
44.45,0.1693334,,
44.5,0.1914001,,
44.55,9.98E-02,,
44.6,7.14E-02,,
44.65,0.1269975,,
44.7,0.1351166,,
44.75,0.2102689,,
44.8,0.4138617,,
44.85,0.5340328,,
44.9,0.4292687,,
44.95,0.2967258,,
45,0.2757898,,
45.05,0.2468151,,
45.1,0.1565851,,
45.15,8.20E-02,,
45.2,7.82E-02,,
45.25,0.1810582,,
45.3,0.289579,,
45.35,0.4610911,,
45.4,0.4812052,,
45.45,0.5190969,,
45.5,0.5367996,,
45.55,0.5557064,,
45.6,0.807315,,
45.65,1.109797,,
45.7,1.194045,,
45.75,1.088286,,
45.8,0.7573458,,
45.85,0.4082428,,
45.9,0.2179966,,
45.95,0.2360363,,
46,0.5324966,,
46.05,0.8365521,,
46.1,0.945698,,
46.15,0.9023722,,
46.2,0.5635255,,
46.25,0.2842089,,
46.3,0.0958355,,
46.35,-3.84E-03,,
46.4,2.59E-02,,
46.45,-1.47E-03,,
46.5,-4.18E-02,,
46.55,6.23E-04,,
46.6,-7.30E-02,,
46.65,-0.2631524,,
46.7,-0.5316848,,
46.75,-0.8133859,,
46.8,-0.994501,,
46.85,-1.030699,,
46.9,-0.9827812,,
46.95,-0.9567531,,
47,-1.036553,,
47.05,-1.080381,,
47.1,-0.9427569,,
47.15,-0.811659,,
47.2,-0.7546268,,
47.25,-0.7269908,,
47.3,-0.8297126,,
47.35,-0.9999668,,
47.4,-0.9842917,,
47.45,-0.7725065,,
47.5,-0.5297135,,
47.55,-0.5449077,,
47.6,-0.7079369,,
47.65,-0.7633588,,
47.7,-0.8040058,,
47.75,-0.8281073,,
47.8,-0.9080486,,
47.85,-1.025583,,
47.9,-0.9213236,,
47.95,-0.9552834,,
48,-0.9904507,,
48.05,-1.018503,,
48.1,-1.22446,,
48.15,-1.420882,,
48.2,-1.452699,,
48.25,-1.155874,,
48.3,-0.7166846,,
48.35,-0.6328137,,
48.4,-0.70333,,
48.45,-0.9174143,,
48.5,-1.086364,,
48.55,-1.187349,,
48.6,-1.308262,,
48.65,-1.476304,,
48.7,-1.385751,,
48.75,-1.317297,,
48.8,-1.271058,,
48.85,-1.202273,,
48.9,-1.15001,,
48.95,-1.220297,,
49,-1.360744,,
49.05,-1.390824,,
49.1,-1.299969,,
49.15,-1.330138,,
49.2,-1.253757,,
49.25,-1.018464,,
49.3,-0.8836566,,
49.35,-0.8473037,,
49.4,-0.8719245,,
49.45,-1.012689,,
49.5,-1.180805,,
49.55,-1.344198,,
49.6,-1.417283,,
49.65,-1.383159,,
49.7,-1.359803,,
49.75,-1.262208,,
49.8,-1.155643,,
49.85,-1.116853,,
49.9,-1.088385,,
49.95,-1.073305,,
50,-1.100867,,
50.05,-1.00127,,
50.1,-0.8639563,,
50.15,-0.8908994,,
50.2,-1.134429,,
50.25,-1.234833,,
50.3,-1.381249,,
50.35,-1.59124,,
50.4,-1.696752,,
50.45,-1.578736,,
50.5,-1.365244,,
50.55,-1.419959,,
50.6,-1.393405,,
50.65,-1.134603,,
50.7,-1.041984,,
50.75,-1.094525,,
50.8,-1.242851,,
50.85,-1.480952,,
50.9,-1.805373,,
50.95,-2.066805,,
51,-2.10689,,
51.05,-1.998701,,
51.1,-1.686766,,
51.15,-1.525183,,
51.2,-1.440478,,
51.25,-1.442613,,
51.3,-1.514569,,
51.35,-1.702857,,
51.4,-1.957962,,
51.45,-2.035594,,
51.5,-1.98177,,
51.55,-1.940033,,
51.6,-1.862236,,
51.65,-1.837212,,
51.7,-1.803274,,
51.75,-1.763531,,
51.8,-1.708394,,
51.85,-1.647451,,
51.9,-1.586553,,
51.95,-1.537524,,
52,-1.395649,,
52.05,-1.183715,,
52.1,-0.9682456,,
52.15,-0.8668916,,
52.2,-0.9516168,,
52.25,-1.126211,,
52.3,-1.344722,,
52.35,-1.506883,,
52.4,-1.506195,,
52.45,-1.332123,,
52.5,-1.128847,,
52.55,-0.9725916,,
52.6,-1.070905,,
52.65,-1.212246,,
52.7,-1.244731,,
52.75,-1.256239,,
52.8,-1.177098,,
52.85,-1.260415,,
52.9,-1.357744,,
52.95,-1.468145,,
53,-1.633675,,
53.05,-1.515494,,
53.1,-1.293779,,
53.15,-1.177527,,
53.2,-1.19229,,
53.25,-1.454542,,
53.3,-1.601493,,
53.35,-1.763369,,
53.4,-1.815044,,
53.45,-1.822343,,
53.5,-1.866841,,
53.55,-1.908978,,
53.6,-1.962956,,
53.65,-1.816665,,
53.7,-1.594522,,
53.75,-1.606962,,
53.8,-1.692261,,
53.85,-1.864911,,
53.9,-1.990833,,
53.95,-2.120522,,
54,-2.133899,,
54.05,-2.024624,,
54.1,-2.004828,,
54.15,-2.043551,,
54.2,-2.021994,,
54.25,-1.936942,,
54.3,-1.816636,,
54.35,-1.67663,,
54.4,-1.533521,,
54.45,-1.399588,,
54.5,-1.329789,,
54.55,-1.288443,,
54.6,-1.272528,,
54.65,-1.183328,,
54.7,-1.152215,,
54.75,-1.372575,,
54.8,-1.731236,,
54.85,-2.057006,,
54.9,-2.217906,,
54.95,-2.131305,,
55,-1.810717,,
55.05,-1.552333,,
55.1,-1.444135,,
55.15,-1.388575,,
55.2,-1.301467,,
55.25,-1.264318,,
55.3,-1.249228,,
55.35,-1.361727,,
55.4,-1.391614,,
55.45,-1.498704,,
55.5,-1.577016,,
55.55,-1.541884,,
55.6,-1.657585,,
55.65,-1.820877,,
55.7,-1.956521,,
55.75,-2.051752,,
55.8,-1.874397,,
55.85,-1.717963,,
55.9,-1.571636,,
55.95,-1.481265,,
56,-1.617171,,
56.05,-1.853829,,
56.1,-2.121352,,
56.15,-2.367904,,
56.2,-2.318792,,
56.25,-2.089504,,
56.3,-1.822015,,
56.35,-1.679918,,
56.4,-1.6633,,
56.45,-1.646944,,
56.5,-1.735657,,
56.55,-1.971016,,
56.6,-2.13605,,
56.65,-2.197942,,
56.7,-2.202134,,
56.75,-2.171953,,
56.8,-1.965122,,
56.85,-1.647099,,
56.9,-1.490607,,
56.95,-1.555206,,
57,-1.707971,,
57.05,-1.779544,,
57.1,-1.831764,,
57.15,-1.905115,,
57.2,-1.830717,,
57.25,-1.720696,,
57.3,-1.721363,,
57.35,-1.734952,,
57.4,-1.643168,,
57.45,-1.426024,,
57.5,-1.306975,,
57.55,-1.434034,,
57.6,-1.649396,,
57.65,-1.79772,,
57.7,-1.870221,,
57.75,-1.925141,,
57.8,-1.911009,,
57.85,-1.795916,,
57.9,-1.690373,,
57.95,-1.716254,,
58,-1.775176,,
58.05,-1.642773,,
58.1,-1.578939,,
58.15,-1.606564,,
58.2,-1.62198,,
58.25,-1.714546,,
58.3,-1.847224,,
58.35,-1.858515,,
58.4,-1.588162,,
58.45,-1.348822,,
58.5,-1.35311,,
58.55,-1.411614,,
58.6,-1.642964,,
58.65,-1.64365,,
58.7,-1.501534,,
58.75,-1.348007,,
58.8,-1.330687,,
58.85,-1.426826,,
58.9,-1.566212,,
58.95,-1.755406,,
59,-1.886308,,
59.05,-1.790794,,
59.1,-1.695472,,
59.15,-1.727723,,
59.2,-1.801835,,
59.25,-1.833753,,
59.3,-1.940613,,
59.35,-2.014925,,
59.4,-1.995717,,
59.45,-1.941652,,
59.5,-1.881738,,
59.55,-1.91894,,
59.6,-1.870069,,
59.65,-1.752006,,
59.7,-1.656321,,
59.75,-1.614681,,
59.8,-1.669971,,
59.85,-1.751168,,
59.9,-1.761102,,
59.95,-1.711444,,
60,-1.5986,,
60.05,-1.485486,,
60.1,-1.450371,,
60.15,-1.446073,,
60.2,-1.510084,,
60.25,-1.51195,,
60.3,-1.396447,,
60.35,-1.417575,,
60.4,-1.644799,,
60.45,-1.867305,,
60.5,-2.014008,,
60.55,-2.110481,,
60.6,-2.045978,,
60.65,-1.852165,,
60.7,-1.647993,,
60.75,-1.651154,,
60.8,-1.696002,,
60.85,-1.629492,,
60.9,-1.45906,,
60.95,-1.29541,,
61,-1.132033,,
61.05,-1.2836,,
61.1,-1.476305,,
61.15,-1.740648,,
61.2,-1.944054,,
61.25,-2.005827,,
61.3,-1.877233,,
61.35,-1.829185,,
61.4,-1.7225,,
61.45,-1.636387,,
61.5,-1.585111,,
61.55,-1.559916,,
61.6,-1.544593,,
61.65,-1.43236,,
61.7,-1.354097,,
61.75,-1.358383,,
61.8,-1.378749,,
61.85,-1.503902,,
61.9,-1.767744,,
61.95,-1.887477,,
62,-1.859486,,
62.05,-1.722656,,
62.1,-1.623634,,
62.15,-1.407863,,
62.2,-1.186252,,
62.25,-1.067378,,
62.3,-1.123954,,
62.35,-1.246592,,
62.4,-1.394077,,
62.45,-1.577641,,
62.5,-1.686394,,
62.55,-1.64787,,
62.6,-1.567166,,
62.65,-1.558629,,
62.7,-1.700133,,
62.75,-1.908747,,
62.8,-1.862175,,
62.85,-1.744452,,
62.9,-1.53549,,
62.95,-1.291719,,
63,-1.230303,,
63.05,-1.361272,,
63.1,-1.455527,,
63.15,-1.437656,,
63.2,-1.35939,,
63.25,-1.388478,,
63.3,-1.32015,,
63.35,-1.268379,,
63.4,-1.116442,,
63.45,-0.7863375,,
63.5,-0.5450587,,
63.55,-0.6272358,,
63.6,-0.7868393,,
63.65,-0.9302593,,
63.7,-0.9504765,,
63.75,-1.125289,,
63.8,-1.157586,,
63.85,-1.282688,,
63.9,-1.342716,,
63.95,-1.373974,,
64,-1.382913,,
64.05,-1.288366,,
64.1,-1.189386,,
64.15,-1.209158,,
64.2,-1.155313,,
64.25,-0.8565198,,
64.3,-0.5386435,,
64.35,-0.3653733,,
64.4,-0.3072449,,
64.45,-0.2994068,,
64.5,-0.4534527,,
64.55,-0.5730838,,
64.6,-0.5324156,,
64.65,-0.3829038,,
64.7,-0.46777,,
64.75,-0.6594797,,
64.8,-0.8375553,,
64.85,-0.8786224,,
64.9,-0.7293357,,
64.95,-0.5415131,,
65,-0.4563622,,
65.05,-0.5032837,,
65.1,-0.6920717,,
65.15,-0.8189169,,
65.2,-0.7240411,,
65.25,-0.5818868,,
65.3,-0.4424303,,
65.35,-0.3475218,,
65.4,-0.3599304,,
65.45,-0.3265494,,
65.5,-0.228134,,
65.55,-9.96E-02,,
65.6,5.39E-02,,
65.65,0.117626,,
65.7,0.1391791,,
65.75,0.123553,,
65.8,2.49E-02,,
65.85,-7.50E-02,,
65.9,-0.2347218,,
65.95,-0.443959,,
66,-0.4060946,,
66.05,-0.2956078,,
66.1,-5.97E-03,,
66.15,0.1896481,,
66.2,0.0650775,,
66.25,-0.2347086,,
66.3,-0.5170171,,
66.35,-0.6977278,,
66.4,-0.6922228,,
66.45,-0.5717445,,
66.5,-0.1928139,,
66.55,-0.111071,,
66.6,-0.1269848,,
66.65,3.42E-02,,
66.7,0.3222112,,
66.75,0.4310402,,
66.8,0.4069963,,
66.85,0.3093101,,
66.9,0.2364739,,
66.95,0.0644133,,
67,-6.61E-03,,
67.05,0.1190109,,
67.1,0.3248463,,
67.15,0.505069,,
67.2,0.6989973,,
67.25,0.8935525,,
67.3,1.077446,,
67.35,1.10418,,
67.4,1.100587,,
67.45,1.103588,,
67.5,1.056242,,
67.55,0.9576604,,
67.6,0.9066413,,
67.65,1.008059,,
67.7,1.212563,,
67.75,1.372094,,
67.8,1.49355,,
67.85,1.649154,,
67.9,1.756137,,
67.95,1.816272,,
68,1.802512,,
68.05,1.706001,,
68.1,1.551273,,
68.15,1.17656,,
68.2,0.9476088,,
68.25,1.102667,,
68.3,1.615565,,
68.35,2.094756,,
68.4,2.31204,,
68.45,2.272328,,
68.5,2.090368,,
68.55,1.645081,,
68.6,1.466041,,
68.65,1.468182,,
68.7,1.593633,,
68.75,1.83961,,
68.8,1.993256,,
68.85,2.186887,,
68.9,2.472472,,
68.95,2.654467,,
69,2.715895,,
69.05,2.941825,,
69.1,2.823936,,
69.15,2.868505,,
69.2,2.75115,,
69.25,2.67212,,
69.3,2.874308,,
69.35,2.822032,,
69.4,2.639306,,
69.45,2.692262,,
69.5,2.679675,,
69.55,2.79863,,
69.6,2.891046,,
69.65,3.041349,,
69.7,3.125483,,
69.75,2.988437,,
69.8,2.924778,,
69.85,3.004259,,
69.9,3.137637,,
69.95,3.362221,,
70,3.618424,,
70.05,3.789196,,
70.1,3.817944,,
70.15,3.831394,,
70.2,3.851066,,
70.25,3.965437,,
70.3,4.096704,,
70.35,4.138346,,
70.4,4.215262,,
70.45,4.343231,,
70.5,4.533576,,
70.55,4.631927,,
70.6,4.61877,,
70.65,4.578498,,
70.7,4.447966,,
70.75,4.244064,,
70.8,4.359468,,
70.85,4.563776,,
70.9,4.784812,,
70.95,4.898619,,
71,4.880126,,
71.05,4.720562,,
71.1,4.856493,,
71.15,5.252327,,
71.2,5.689581,,
71.25,5.906717,,
71.3,5.795318,,
71.35,5.578948,,
71.4,5.216639,,
71.45,4.973161,,
71.5,5.336019,,
71.55,5.659685,,
71.6,5.807556,,
71.65,5.705775,,
71.7,5.546991,,
71.75,5.575153,,
71.8,5.581326,,
71.85,5.684426,,
71.9,5.742701,,
71.95,5.585334,,
72,5.168437,,
72.05,5.004533,,
72.1,5.196424,,
72.15,5.71645,,
72.2,6.150218,,
72.25,6.435633,,
72.3,6.33286,,
72.35,6.247019,,
72.4,6.359467,,
72.45,6.461137,,
72.5,6.614368,,
72.55,6.881091,,
72.6,7.04106,,
72.65,6.966053,,
72.7,6.92752,,
72.75,7.114588,,
72.8,7.272354,,
72.85,7.214308,,
72.9,7.375953,,
72.95,7.731802,,
73,7.789442,,
73.05,7.757124,,
73.1,7.963569,,
73.15,8.359275,,
73.2,8.55772,,
73.25,8.536702,,
73.3,8.521624,,
73.35,8.438233,,
73.4,8.320579,,
73.45,8.516325,,
73.5,8.880855,,
73.55,9.079784,,
73.6,9.220894,,
73.65,9.111263,,
73.7,9.001945,,
73.75,8.724084,,
73.8,8.911238,,
73.85,9.187366,,
73.9,9.410631,,
73.95,9.582888,,
74,9.924393,,
74.05,9.948869,,
74.1,10.13227,,
74.15,10.41716,,
74.2,10.77084,,
74.25,10.82433,,
74.3,10.62923,,
74.35,10.27278,,
74.4,9.981987,,
74.45,9.839487,,
74.5,9.713663,,
74.55,9.641105,,
74.6,9.93253,,
74.65,10.24847,,
74.7,10.48958,,
74.75,10.66201,,
74.8,10.68196,,
74.85,10.8897,,
74.9,10.89529,,
74.95,10.99035,,
75,11.14282,,
75.05,10.96114,,
75.1,10.75944,,
75.15,10.73804,,
75.2,10.71178,,
75.25,10.75813,,
75.3,10.89622,,
75.35,11.14038,,
75.4,11.31753,,
75.45,11.4546,,
75.5,11.85825,,
75.55,12.31426,,
75.6,12.55537,,
75.65,12.77383,,
75.7,13.19613,,
75.75,13.5684,,
75.8,13.5247,,
75.85,13.3427,,
75.9,13.10954,,
75.95,13.02203,,
76,13.35956,,
76.05,13.72548,,
76.1,14.10081,,
76.15,14.51857,,
76.2,14.51067,,
76.25,14.55157,,
76.3,14.43043,,
76.35,14.3312,,
76.4,14.43364,,
76.45,14.32135,,
76.5,14.3573,,
76.55,14.44383,,
76.6,14.63628,,
76.65,14.77448,,
76.7,14.77245,,
76.75,15.34513,,
76.8,15.78714,,
76.85,15.81998,,
76.9,15.54856,,
76.95,15.68565,,
77,16.04684,,
77.05,16.33702,,
77.1,16.80828,,
77.15,17.20988,,
77.2,17.15263,,
77.25,16.72796,,
77.3,16.21926,,
77.35,16.21515,,
77.4,16.2546,,
77.45,16.36774,,
77.5,16.76814,,
77.55,17.05494,,
77.6,17.35857,,
77.65,17.41448,,
77.7,17.39764,,
77.75,17.46561,,
77.8,17.64333,,
77.85,17.97802,,
77.9,18.34626,,
77.95,18.16363,,
78,17.82944,,
78.05,17.73939,,
78.1,18.04813,,
78.15,18.86045,,
78.2,19.60623,,
78.25,19.99313,,
78.3,19.81549,,
78.35,19.41103,,
78.4,19.34077,,
78.45,19.77151,,
78.5,20.02859,,
78.55,20.16553,,
78.6,20.27757,,
78.65,20.56,,
78.7,20.87942,,
78.75,20.93738,,
78.8,20.90138,,
78.85,20.66134,,
78.9,20.33499,,
78.95,20.41554,,
79,20.96608,,
79.05,21.82441,,
79.1,22.90544,,
79.15,23.58194,,
79.2,24.19964,,
79.25,24.49818,,
79.3,24.68883,,
79.35,24.54222,,
79.4,24.02488,,
79.45,23.57026,,
79.5,23.34385,,
79.55,23.10643,,
79.6,23.25051,,
79.65,23.84709,,
79.7,24.42156,,
79.75,25.18016,,
79.8,25.73478,,
79.85,26.17007,,
79.9,26.42547,,
79.95,26.16658,,
80,25.97889,,
80.05,25.83159,,
80.1,25.92231,,
80.15,25.98019,,
80.2,25.79788,,
80.25,25.59485,,
80.3,25.49617,,
80.35,25.52382,,
80.4,25.92191,,
80.45,26.44732,,
80.5,26.99556,,
80.55,27.30636,,
80.6,27.43307,,
80.65,27.49466,,
80.7,27.58518,,
80.75,27.87519,,
80.8,28.37759,,
80.85,29.22359,,
80.9,29.85411,,
80.95,29.97629,,
81,30.01168,,
81.05,30.27025,,
81.1,30.39291,,
81.15,30.37301,,
81.2,30.04735,,
81.25,29.5932,,
81.3,29.14055,,
81.35,29.15144,,
81.4,29.57508,,
81.45,29.97909,,
81.5,29.87525,,
81.55,29.78424,,
81.6,30.01577,,
81.65,30.4527,,
81.7,31.53575,,
81.75,32.43099,,
81.8,32.93459,,
81.85,32.95468,,
81.9,32.88643,,
81.95,33.01289,,
82,33.16547,,
82.05,32.9444,,
82.1,32.96403,,
82.15,32.93348,,
82.2,33.05164,,
82.25,33.19647,,
82.3,33.95948,,
82.35,34.88546,,
82.4,35.42907,,
82.45,35.59993,,
82.5,35.98033,,
82.55,36.15219,,
82.6,36.39933,,
82.65,36.5276,,
82.7,36.88997,,
82.75,37.18385,,
82.8,37.28877,,
82.85,37.43224,,
82.9,37.76371,,
82.95,38.0051,,
83,38.33286,,
83.05,38.85189,,
83.1,39.23606,,
83.15,39.51019,,
83.2,39.65398,,
83.25,39.6582,,
83.3,39.7321,,
83.35,39.84931,,
83.4,40.22203,,
83.45,40.84083,,
83.5,41.28137,,
83.55,41.56427,,
83.6,41.39944,,
83.65,40.82816,,
83.7,40.25642,,
83.75,40.09125,,
83.8,40.10945,,
83.85,40.61809,,
83.9,41.67618,,
83.95,42.69761,,
84,43.48072,,
84.05,44.45986,,
84.1,45.41552,,
84.15,45.64231,,
84.2,45.50238,,
84.25,45.24802,,
84.3,45.52,,
84.35,45.70631,,
84.4,46.25331,,
84.45,46.61132,,
84.5,46.6103,,
84.55,45.98832,,
84.6,46.19191,,
84.65,47.16671,,
84.7,48.3379,,
84.75,49.33064,,
84.8,49.27545,,
84.85,48.88885,,
84.9,48.94993,,
84.95,49.4281,,
85,50.22691,,
85.05,51.1656,,
85.1,51.63839,,
85.15,51.72467,,
85.2,51.20007,,
85.25,50.88687,,
85.3,51.28936,,
85.35,52.11151,,
85.4,53.0103,,
85.45,53.34541,,
85.5,53.07008,,
85.55,52.53082,,
85.6,52.17865,,
85.65,52.15364,,
85.7,52.73151,,
85.75,53.68071,,
85.8,54.64384,,
85.85,55.40401,,
85.9,55.78327,,
85.95,56.20159,,
86,56.8029,,
86.05,57.09552,,
86.1,57.21697,,
86.15,57.74743,,
86.2,58.44204,,
86.25,59.10667,,
86.3,59.26225,,
86.35,59.5777,,
86.4,60.31976,,
86.45,60.69681,,
86.5,60.76883,,
86.55,61.39268,,
86.6,61.58032,,
86.65,62.20913,,
86.7,62.71276,,
86.75,63.48013,,
86.8,64.04711,,
86.85,64.3576,,
86.9,63.96689,,
86.95,64.54506,,
87,65.11173,,
87.05,65.88381,,
87.1,66.01598,,
87.15,66.84132,,
87.2,67.82722,,
87.25,68.98606,,
87.3,69.55563,,
87.35,70.59074,,
87.4,70.535,,
87.45,69.75006,,
87.5,69.63454,,
87.55,70.4351,,
87.6,71.50667,,
87.65,72.33921,,
87.7,72.24023,,
87.75,72.53384,,
87.8,73.49752,,
87.85,74.84928,,
87.9,76.57003,,
87.95,77.95038,,
88,78.3744,,
88.05,78.15929,,
88.1,78.11736,,
88.15,78.46723,,
88.2,78.88876,,
88.25,79.40279,,
88.3,79.84023,,
88.35,80.33108,,
88.4,80.92979,,
88.45,81.48605,,
88.5,81.84129,,
88.55,82.18311,,
88.6,83.07587,,
88.65,84.22013,,
88.7,84.93348,,
88.75,85.16887,,
88.8,85.45055,,
88.85,85.40923,,
88.9,86.12103,,
88.95,87.12698,,
89,88.08373,,
89.05,88.91361,,
89.1,89.62521,,
89.15,90.16098,,
89.2,90.91782,,
89.25,91.39435,,
89.3,91.9322,,
89.35,91.72795,,
89.4,92.15478,,
89.45,93.21307,,
89.5,94.28603,,
89.55,95.78796,,
89.6,97.55489,,
89.65,98.00793,,
89.7,98.7793,,
89.75,98.83899,,
89.8,100.5533,,
89.85,102.6256,,
89.9,104.8011,,
89.95,106.1438,,
90,107.0286,,
90.05,106.0304,,
90.1,106.065,,
90.15,105.8421,,
90.2,106.9685,,
90.25,108.1717,,
90.3,109.8059,,
90.35,111.6714,,
90.4,113.3416,,
90.45,114.3163,,
90.5,115.0371,,
90.55,115.1991,,
90.6,115.2329,,
90.65,115.3506,,
90.7,115.9382,,
90.75,116.9243,,
90.8,118.0485,,
90.85,119.2326,,
90.9,120.603,,
90.95,122.2403,,
91,123.8351,,
91.05,125.4077,,
91.1,126.3025,,
91.15,126.3828,,
91.2,126.8861,,
91.25,127.9567,,
91.3,129.6474,,
91.35,131.5792,,
91.4,132.8303,,
91.45,133.1804,,
91.5,133.6915,,
91.55,134.6926,,
91.6,137.0704,,
91.65,139.8504,,
91.7,142.237,,
91.75,144.3331,,
91.8,146.1218,,
91.85,147.529,,
91.9,148.7896,,
91.95,149.6507,,
92,150.5375,,
92.05,150.8128,,
92.1,152.183,,
92.15,153.8667,,
92.2,155.7921,,
92.25,156.5449,,
92.3,156.3028,,
92.35,157.4045,,
92.4,159.7507,,
92.45,161.6786,,
92.5,163.7354,,
92.55,165.1897,,
92.6,168.1115,,
92.65,170.895,,
92.7,174.0371,,
92.75,176.7981,,
92.8,178.0525,,
92.85,176.9818,,
92.9,177.4984,,
92.95,179.2474,,
93,182.041,,
93.05,184.0645,,
93.1,184.933,,
93.15,185.5663,,
93.2,186.8254,,
93.25,189.1953,,
93.3,192.3449,,
93.35,195.5496,,
93.4,198.4014,,
93.45,200.34,,
93.5,201.8162,,
93.55,203.2179,,
93.6,204.6868,,
93.65,205.9457,,
93.7,206.5989,,
93.75,207.818,,
93.8,209.7627,,
93.85,211.6312,,
93.9,213.4422,,
93.95,214.7612,,
94,216.5993,,
94.05,219.3692,,
94.1,221.6148,,
94.15,223.0517,,
94.2,223.6054,,
94.25,224.8925,,
94.3,227.7105,,
94.35,232.6385,,
94.4,237.7714,,
94.45,242.0403,,
94.5,244.2627,,
94.55,245.8749,,
94.6,247.5547,,
94.65,250.8367,,
94.7,254.7183,,
94.75,256.0907,,
94.8,255.1147,,
94.85,256.454,,
94.9,258.6293,,
94.95,261.0379,,
95,265.2602,,
95.05,269.4095,,
95.1,273.7528,,
95.15,275.7672,,
95.2,278.975,,
95.25,281.4526,,
95.3,282.9742,,
95.35,283.4059,,
95.4,286.7983,,
95.45,290.9047,,
95.5,294.0918,,
95.55,297.5107,,
95.6,301.2886,,
95.65,303.1448,,
95.7,304.1179,,
95.75,306.0419,,
95.8,308.298,,
95.85,310.6455,,
95.9,313.4477,,
95.95,318.8388,,
96,324.4565,,
96.05,328.9368,,
96.1,332.5255,,
96.15,334.8802,,
96.2,336.9806,,
96.25,340.1053,,
96.3,343.8065,,
96.35,347.709,,
96.4,351.5414,,
96.45,353.9728,,
96.5,355.3817,,
96.55,356.759,,
96.6,360.9918,,
96.65,365.7798,,
96.7,370.131,,
96.75,373.869,,
96.8,375.2416,,
96.85,375.2994,,
96.9,376.4875,,
96.95,378.3585,,
97,382.549,,
97.05,389.9573,,
97.1,395.0903,,
97.15,399.762,,
97.2,401.0539,,
97.25,401.5273,,
97.3,403.4901,,
97.35,407.0406,,
97.4,410.5854,,
97.45,415.1918,,
97.5,414.3198,,
97.55,416.5458,,
97.6,416.9194,,
97.65,419.4912,,
97.7,424.9457,,
97.75,430.2109,,
97.8,433.8655,,
97.85,436.1007,,
97.9,437.1089,,
97.95,438.4376,,
98,436.5656,,
98.05,434.7971,,
98.1,435.3947,,
98.15,438.3263,,
98.2,441.5564,,
98.25,444.2113,,
98.3,443.9144,,
98.35,442.2059,,
98.4,441.5464,,
98.45,442.8206,,
98.5,445.4633,,
98.55,448.3129,,
98.6,449.7182,,
98.65,450.5644,,
98.7,450.7318,,
98.75,450.2495,,
98.8,450.3042,,
98.85,449.531,,
98.9,447.3568,,
98.95,445.774,,
99,445.5005,,
99.05,444.4077,,
99.1,442.475,,
99.15,442.768,,
99.2,443.7976,,
99.25,443.9814,,
99.3,443.4607,,
99.35,443.6231,,
99.4,444.278,,
99.45,443.9824,,
99.5,444.0952,,
99.55,445.3152,,
99.6,442.3562,,
99.65,437.6076,,
99.7,435.6393,,
99.75,434.7292,,
99.8,435.6044,,
99.85,433.8376,,
99.9,431.8213,,
99.95,427.9938,,
100,424.6524,,
100.05,423.6002,,
100.1,423.0086,,
100.15,421.844,,
100.2,417.02,,
100.25,410.28,,
100.3,405.5712,,
100.35,399.2813,,
100.4,398.1987,,
100.45,397.1682,,
100.5,396.3304,,
100.55,396.3511,,
100.6,395.8795,,
100.65,395.4541,,
100.7,393.906,,
100.75,390.863,,
100.8,388.5269,,
100.85,384.334,,
100.9,380.6825,,
100.95,379.0429,,
101,376.8885,,
101.05,371.946,,
101.1,365.9606,,
101.15,359.7668,,
101.2,352.9903,,
101.25,346.9904,,
101.3,341.9575,,
101.35,339.0472,,
101.4,336.6419,,
101.45,333.2865,,
101.5,330.9421,,
101.55,328.5518,,
101.6,325.4153,,
101.65,321.8778,,
101.7,316.9747,,
101.75,310.6707,,
101.8,305.8852,,
101.85,302.1476,,
101.9,300.2733,,
101.95,297.3722,,
102,294.2885,,
102.05,290.1793,,
102.1,283.7771,,
102.15,277.556,,
102.2,275.4915,,
102.25,274.8556,,
102.3,274.0244,,
102.35,273.0499,,
102.4,272.0309,,
102.45,267.6765,,
102.5,260.8811,,
102.55,252.498,,
102.6,247.1409,,
102.65,244.0201,,
102.7,243.8446,,
102.75,242.7518,,
102.8,240.0648,,
102.85,233.7266,,
102.9,227.7162,,
102.95,221.1836,,
103,220.6905,,
103.05,221.2819,,
103.1,223.785,,
103.15,223.8821,,
103.2,223.1553,,
103.25,218.9743,,
103.3,216.3139,,
103.35,214.2901,,
103.4,216.2949,,
103.45,217.5346,,
103.5,217.4478,,
103.55,214.3273,,
103.6,209.2388,,
103.65,203.9631,,
103.7,201.4647,,
103.75,200.2577,,
103.8,200.2671,,
103.85,199.7258,,
103.9,198.0688,,
103.95,195.6036,,
104,193.6057,,
104.05,192.9969,,
104.1,192.4966,,
104.15,191.8171,,
104.2,190.1336,,
104.25,189.0636,,
104.3,188.5673,,
104.35,188.0457,,
104.4,187.0794,,
104.45,186.9268,,
104.5,187.115,,
104.55,187.9453,,
104.6,186.5808,,
104.65,187.3696,,
104.7,187.0964,,
104.75,187.1456,,
104.8,186.7423,,
104.85,186.3435,,
104.9,185.4962,,
104.95,186.049,,
105,185.6693,,
105.05,188.1146,,
105.1,188.0104,,
105.15,189.6986,,
105.2,190.627,,
105.25,192.1912,,
105.3,194.3226,,
105.35,196.9631,,
105.4,196.1618,,
105.45,197.2708,,
105.5,198.3682,,
105.55,200.7364,,
105.6,202.5245,,
105.65,206.1825,,
105.7,208.7421,,
105.75,209.3142,,
105.8,209.233,,
105.85,210.4081,,
105.9,212.0666,,
105.95,214.238,,
106,217.8965,,
106.05,221.9296,,
106.1,223.4617,,
106.15,222.31,,
106.2,223.1934,,
106.25,227.2511,,
106.3,231.8577,,
106.35,236.8671,,
106.4,241.4005,,
106.45,245.2434,,
106.5,247.5892,,
106.55,248.3374,,
106.6,250.5012,,
106.65,254.1863,,
106.7,257.5673,,
106.75,261.0843,,
106.8,264.7889,,
106.85,269.8231,,
106.9,276.1918,,
106.95,279.2766,,
107,280.3845,,
107.05,280.8717,,
107.1,281.3861,,
107.15,283.1705,,
107.2,283.9501,,
107.25,284.0524,,
107.3,283.9494,,
107.35,280.7256,,
107.4,275.4431,,
107.45,272.2639,,
107.5,269.7103,,
107.55,268.6837,,
107.6,265.8558,,
107.65,262.8565,,
107.7,260.5038,,
107.75,259.2153,,
107.8,257.7274,,
107.85,254.5142,,
107.9,249.339,,
107.95,243.7062,,
108,237.902,,
108.05,232.6844,,
108.1,228.3594,,
108.15,224.8217,,
108.2,220.6951,,
108.25,215.7938,,
108.3,211.5172,,
108.35,207.7261,,
108.4,204.7602,,
108.45,201.9905,,
108.5,198.7279,,
108.55,193.8242,,
108.6,187.7564,,
108.65,181.0526,,
108.7,175.0898,,
108.75,169.9059,,
108.8,164.4371,,
108.85,160.1822,,
108.9,157.9272,,
108.95,156.1748,,
109,154.2656,,
109.05,152.9135,,
109.1,150.1271,,
109.15,144.9572,,
109.2,139.1718,,
109.25,134.5656,,
109.3,131.1923,,
109.35,127.9684,,
109.4,125.4572,,
109.45,122.6472,,
109.5,118.4143,,
109.55,113.5398,,
109.6,110.1644,,
109.65,108.5357,,
109.7,108.1379,,
109.75,107.0856,,
109.8,105.5185,,
109.85,103.1488,,
109.9,101.5981,,
109.95,99.93941,,
110,99.04648,,
110.05,97.9956,,
110.1,94.68335,,
110.15,90.20593,,
110.2,86.61243,,
110.25,84.14037,,
110.3,82.6498,,
110.35,81.93691,,
110.4,81.57324,,
110.45,81.71961,,
110.5,81.75648,,
110.55,81.21919,,
110.6,80.37622,,
110.65,78.28977,,
110.7,76.0826,,
110.75,74.46297,,
110.8,73.62004,,
110.85,72.84917,,
110.9,71.38008,,
110.95,69.56642,,
111,68.34733,,
111.05,66.93832,,
111.1,66.20264,,
111.15,65.46521,,
111.2,64.27745,,
111.25,62.44099,,
111.3,61.28433,,
111.35,61.20845,,
111.4,60.52842,,
111.45,59.43825,,
111.5,58.32331,,
111.55,57.25756,,
111.6,57.15537,,
111.65,58.01211,,
111.7,59.11007,,
111.75,59.71296,,
111.8,58.60162,,
111.85,56.64928,,
111.9,55.79512,,
111.95,56.12956,,
112,57.59003,,
112.05,59.55317,,
112.1,61.41303,,
112.15,62.74905,,
112.2,63.29332,,
112.25,65.65923,,
112.3,70.31198,,
112.35,77.058,,
112.4,87.88471,,
112.45,103.382,,
112.5,119.8676,,
112.55,140.8223,,
112.6,166.4664,,
112.65,192.1833,,
112.7,217.8173,,
112.75,240.6482,,
112.8,263.9284,,
112.85,284.7655,,
112.9,296.7166,,
112.95,308.3649,,
113,310.1041,,
113.05,305.6151,,
113.1,300.8624,,
113.15,289.5541,,
113.2,271.235,,
113.25,244.2695,,
113.3,217.608,,
113.35,196.3301,,
113.4,173.8049,,
113.45,155.5155,,
113.5,142.4016,,
113.55,129.3451,,
113.6,117.9193,,
113.65,108.695,,
113.7,100.4578,,
113.75,91.03013,,
113.8,79.2039,,
113.85,69.62141,,
113.9,64.2197,,
113.95,60.73561,,
114,59.59517,,
114.05,58.04142,,
114.1,55.16703,,
114.15,52.5521,,
114.2,51.05289,,
114.25,51.13869,,
114.3,51.98982,,
114.35,52.39831,,
114.4,51.76669,,
114.45,50.39362,,
114.5,49.23593,,
114.55,48.10463,,
114.6,47.11193,,
114.65,46.5573,,
114.7,45.02351,,
114.75,42.81017,,
114.8,40.74929,,
114.85,39.83635,,
114.9,40.57479,,
114.95,40.70897,,
115,40.44889,,
115.05,40.82653,,
115.1,40.73953,,
115.15,40.15089,,
115.2,40.37996,,
115.25,41.12208,,
115.3,42.24842,,
115.35,42.1645,,
115.4,42.02646,,
115.45,42.76117,,
115.5,42.85313,,
115.55,42.66294,,
115.6,41.811,,
115.65,41.22187,,
115.7,41.89104,,
115.75,41.3351,,
115.8,40.27046,,
115.85,38.68093,,
115.9,36.56637,,
115.95,35.23734,,
116,34.45863,,
116.05,34.67045,,
116.1,35.52372,,
116.15,35.26902,,
116.2,34.88831,,
116.25,34.0239,,
116.3,33.14627,,
116.35,32.59323,,
116.4,31.80439,,
116.45,30.75099,,
116.5,30.11823,,
116.55,29.04347,,
116.6,28.38963,,
116.65,28.50095,,
116.7,28.99905,,
116.75,29.70611,,
116.8,30.16288,,
116.85,29.84767,,
116.9,29.05289,,
116.95,28.11806,,
117,27.39493,,
117.05,27.29639,,
117.1,27.85143,,
117.15,28.82104,,
117.2,29.17651,,
117.25,28.71346,,
117.3,28.30405,,
117.35,28.10484,,
117.4,27.85976,,
117.45,28.00161,,
117.5,28.50786,,
117.55,28.83693,,
117.6,27.79959,,
117.65,26.57879,,
117.7,26.01028,,
117.75,25.72727,,
117.8,25.75066,,
117.85,25.47248,,
117.9,25.27232,,
117.95,25.1076,,
118,24.32623,,
118.05,24.09927,,
118.1,24.5346,,
118.15,25.63489,,
118.2,25.96012,,
118.25,25.62994,,
118.3,25.6032,,
118.35,25.54517,,
118.4,24.97809,,
118.45,25.34548,,
118.5,26.18779,,
118.55,26.73184,,
118.6,26.7943,,
118.65,26.19357,,
118.7,25.28777,,
118.75,24.30641,,
118.8,24.14441,,
118.85,25.16301,,
118.9,26.25322,,
118.95,26.65647,,
119,26.18627,,
119.05,24.71546,,
119.1,23.28889,,
119.15,22.19144,,
119.2,21.74246,,
119.25,21.77418,,
119.3,21.99159,,
119.35,22.26838,,
119.4,22.53753,,
119.45,22.91282,,
119.5,23.11,,
119.55,23.10764,,
119.6,23.22273,,
119.65,23.31164,,
119.7,23.47028,,
119.75,23.65897,,
119.8,23.6295,,
119.85,23.42528,,
119.9,22.58248,,
119.95,21.945,,
120,22.41414,,
120.05,23.11528,,
120.1,23.8757,,
120.15,23.99663,,
120.2,23.43502,,
120.25,22.60532,,
120.3,21.90054,,
120.35,21.65515,,
120.4,21.48236,,
120.45,20.88117,,
120.5,20.42864,,
120.55,19.793,,
120.6,20.09618,,
120.65,20.84102,,
120.7,21.76353,,
120.75,22.04022,,
120.8,22.02872,,
120.85,21.88536,,
120.9,22.03293,,
120.95,22.03072,,
121,22.74965,,
121.05,22.69818,,
121.1,22.17981,,
121.15,21.19828,,
121.2,20.82601,,
121.25,20.57755,,
121.3,20.14845,,
121.35,20.24004,,
121.4,21.07574,,
121.45,21.46865,,
121.5,21.30579,,
121.55,20.72596,,
121.6,20.09138,,
121.65,19.29153,,
121.7,18.88926,,
121.75,19.2964,,
121.8,20.00227,,
121.85,20.35023,,
121.9,20.2449,,
121.95,19.75161,,
122,18.97711,,
122.05,18.54205,,
122.1,18.71875,,
122.15,19.04121,,
122.2,19.35184,,
122.25,19.66908,,
122.3,19.80643,,
122.35,19.8892,,
122.4,19.93848,,
122.45,19.9559,,
122.5,20.12708,,
122.55,19.77766,,
122.6,19.05437,,
122.65,18.40403,,
122.7,18.20191,,
122.75,18.53801,,
122.8,18.96787,,
122.85,19.12159,,
122.9,19.34009,,
122.95,19.27082,,
123,19.08848,,
123.05,18.77369,,
123.1,18.95858,,
123.15,19.4556,,
123.2,19.6648,,
123.25,19.36944,,
123.3,18.48069,,
123.35,17.38496,,
123.4,16.90136,,
123.45,16.54494,,
123.5,17.43718,,
123.55,18.56154,,
123.6,19.35234,,
123.65,19.46019,,
123.7,19.04021,,
123.75,18.21059,,
123.8,17.4681,,
123.85,16.85858,,
123.9,16.81725,,
123.95,16.8999,,
124,16.87033,,
124.05,16.34934,,
124.1,15.81637,,
124.15,15.6328,,
124.2,15.80571,,
124.25,16.51033,,
124.3,17.59846,,
124.35,18.56365,,
124.4,18.82419,,
124.45,18.65113,,
124.5,18.78561,,
124.55,18.96873,,
124.6,18.72654,,
124.65,18.41148,,
124.7,18.46386,,
124.75,18.38844,,
124.8,18.0498,,
124.85,17.78891,,
124.9,17.28498,,
124.95,16.5513,,
125,16.18012,,
125.05,16.57466,,
125.1,17.178,,
125.15,17.78045,,
125.2,18.21377,,
125.25,18.37212,,
125.3,17.61589,,
125.35,16.48244,,
125.4,15.87613,,
125.45,15.44376,,
125.5,15.1936,,
125.55,15.66169,,
125.6,16.60201,,
125.65,16.92836,,
125.7,17.07879,,
125.75,16.63915,,
125.8,16.66737,,
125.85,16.05266,,
125.9,15.28939,,
125.95,15.3386,,
126,16.11154,,
126.05,16.37327,,
126.1,16.77111,,
126.15,16.84197,,
126.2,16.78675,,
126.25,16.35793,,
126.3,16.39828,,
126.35,16.65103,,
126.4,16.82199,,
126.45,16.89078,,
126.5,16.90475,,
126.55,16.68338,,
126.6,16.41625,,
126.65,16.44664,,
126.7,16.47966,,
126.75,16.34048,,
126.8,16.40911,,
126.85,16.4358,,
126.9,16.25117,,
126.95,16.0462,,
127,15.98231,,
127.05,16.0094,,
127.1,15.73279,,
127.15,15.00172,,
127.2,14.34253,,
127.25,14.1425,,
127.3,14.41373,,
127.35,14.80284,,
127.4,15.0528,,
127.45,15.08131,,
127.5,14.62008,,
127.55,14.13595,,
127.6,14.13978,,
127.65,14.22626,,
127.7,14.19571,,
127.75,14.29981,,
127.8,14.57741,,
127.85,14.83924,,
127.9,14.64816,,
127.95,14.483,,
128,14.28376,,
128.05,13.92414,,
128.1,13.94573,,
128.15,14.41373,,
128.2,14.6928,,
128.25,14.49074,,
128.3,14.18162,,
128.35,14.59116,,
128.4,15.00235,,
128.45,14.89117,,
128.5,14.53182,,
128.55,14.12564,,
128.6,13.71308,,
128.65,13.52478,,
128.7,14.10218,,
128.75,14.28173,,
128.8,14.22337,,
128.85,14.22992,,
128.9,14.45818,,
128.95,14.97707,,
129,15.41507,,
129.05,15.60167,,
129.1,15.43986,,
129.15,14.52531,,
129.2,14.02149,,
129.25,13.65999,,
129.3,13.78895,,
129.35,14.44367,,
129.4,15.02295,,
129.45,15.28058,,
129.5,15.05575,,
129.55,14.21828,,
129.6,13.23315,,
129.65,12.39261,,
129.7,12.12483,,
129.75,12.57198,,
129.8,13.3638,,
129.85,14.22826,,
129.9,14.76673,,
129.95,14.82372,,
130,14.64747,,
130.05,14.21289,,
130.1,13.6762,,
130.15,13.35807,,
130.2,13.10422,,
130.25,12.89835,,
130.3,12.97193,,
130.35,13.42777,,
130.4,14.00208,,
130.45,14.20958,,
130.5,14.05109,,
130.55,13.91675,,
130.6,13.85095,,
130.65,13.59098,,
130.7,13.70639,,
130.75,13.73504,,
130.8,13.58699,,
130.85,13.38054,,
130.9,13.37116,,
130.95,13.28806,,
131,13.58754,,
131.05,14.05836,,
131.1,14.10814,,
131.15,13.33667,,
131.2,12.8858,,
131.25,12.49277,,
131.3,12.10161,,
131.35,11.76609,,
131.4,12.14656,,
131.45,12.56353,,
131.5,12.60524,,
131.55,13.01978,,
131.6,13.55203,,
131.65,13.52221,,
131.7,12.72979,,
131.75,11.95396,,
131.8,11.66507,,
131.85,11.38526,,
131.9,11.22772,,
131.95,11.21711,,
132,11.02518,,
132.05,10.25756,,
132.1,9.625614,,
132.15,9.982302,,
132.2,10.91242,,
132.25,12.02807,,
132.3,13.06232,,
132.35,13.69746,,
132.4,13.8009,,
132.45,13.48632,,
132.5,13.22393,,
132.55,13.01443,,
132.6,12.64883,,
132.65,12.30428,,
132.7,11.80665,,
132.75,11.46394,,
132.8,11.68427,,
132.85,11.77585,,
132.9,11.79881,,
132.95,11.94261,,
133,12.19058,,
133.05,12.41943,,
133.1,12.32706,,
133.15,11.87614,,
133.2,11.47088,,
133.25,11.48201,,
133.3,11.81829,,
133.35,12.27481,,
133.4,12.81177,,
133.45,13.13595,,
133.5,12.63027,,
133.55,11.72211,,
133.6,11.17215,,
133.65,11.09923,,
133.7,10.97956,,
133.75,10.51823,,
133.8,10.4954,,
133.85,10.94667,,
133.9,11.57123,,
133.95,12.61913,,
134,13.31176,,
134.05,13.18642,,
134.1,12.78448,,
134.15,12.11861,,
134.2,11.43018,,
134.25,11.12891,,
134.3,10.96894,,
134.35,10.48666,,
134.4,10.15248,,
134.45,10.06158,,
134.5,10.41434,,
134.55,10.90569,,
134.6,11.19129,,
134.65,11.23772,,
134.7,11.06208,,
134.75,11.03977,,
134.8,11.24548,,
134.85,11.64221,,
134.9,12.16103,,
134.95,12.30229,,
135,12.02918,,
135.05,11.58075,,
135.1,11.2583,,
135.15,11.09755,,
135.2,10.6455,,
135.25,10.02977,,
135.3,9.594349,,
135.35,9.4232,,
135.4,9.635878,,
135.45,10.04197,,
135.5,10.43708,,
135.55,10.77549,,
135.6,11.02349,,
135.65,10.8911,,
135.7,10.43189,,
135.75,10.08008,,
135.8,9.653628,,
135.85,9.297568,,
135.9,9.511359,,
135.95,10.26792,,
136,11.10075,,
136.05,10.73488,,
136.1,10.61383,,
136.15,10.37264,,
136.2,10.19443,,
136.25,10.62747,,
136.3,11.37881,,
136.35,11.71322,,
136.4,11.52389,,
136.45,11.077,,
136.5,10.58875,,
136.55,9.495937,,
136.6,9.101567,,
136.65,8.923686,,
136.7,9.213834,,
136.75,9.658213,,
136.8,10.20767,,
136.85,10.71577,,
136.9,10.95372,,
136.95,10.99011,,
137,10.74365,,
137.05,10.50142,,
137.1,10.24845,,
137.15,9.796181,,
137.2,9.653421,,
137.25,9.762676,,
137.3,9.920314,,
137.35,10.01466,,
137.4,10.13949,,
137.45,10.32459,,
137.5,10.3553,,
137.55,10.32916,,
137.6,10.40622,,
137.65,10.21817,,
137.7,9.922205,,
137.75,9.763908,,
137.8,9.593903,,
137.85,9.60367,,
137.9,9.947885,,
137.95,10.39197,,
138,10.2801,,
 ,,,
Alignment,On,,
