Data File Name,ggoyal_High Sensitivity DNA Assay_DE24802700_2017-12-18_11-08-52.xad,,
Data File Path,C:\Users\jlchiniquy\Desktop\JGI_Computer_BackUp\JBEI,SynBio\MiSeq\20171211_Nextera_library_size_to_loading_concentration,
Date Created,"Monday, December 18, 2017 7:08:52 PM",,
Date Last Modified,"Monday, December 18, 2017 7:41:38 PM",,
Version Created,B.02.07.SI532,,
Version Last Modified,B.02.07.SI532,,
 ,,,
Assay Name,High Sensitivity DNA,,
Assay Path,C:\Program Files\Agilent\2100 bioanalyzer\2100 expert\assays\dsDNA,,
Assay Title,High Sensitivity DNA Assay,,
Assay Version,1,,
 ,,,
Number of Samples Run,8,,
 ,,,
Sample Name,0.1,,
Number of Events,2121,,
 ,,,
Time,Value,Library Loading Concentration (pM),Cluster Density (K/mm^2)
32,-0.1081848,10.5,1546
32.05,-0.1081848,,
32.1,-0.1081848,,
32.15,-0.1081848,,
32.2,-0.1081848,,
32.25,-0.1081848,,
32.3,-0.1081848,,
32.35,-0.1081848,,
32.4,-0.1081848,,
32.45,-0.1081848,,
32.5,-0.1081848,,
32.55,-0.1081848,,
32.6,-0.1081848,,
32.65,-0.1081848,,
32.7,-0.1081848,,
32.75,-0.1081848,,
32.8,-0.1081848,,
32.85,-0.1081848,,
32.9,-5.24E-02,,
32.95,2.94E-02,,
33,6.02E-02,,
33.05,8.05E-02,,
33.1,7.56E-02,,
33.15,-1.49E-02,,
33.2,-9.57E-02,,
33.25,-0.1797214,,
33.3,-0.1730654,,
33.35,-0.1005712,,
33.4,2.79E-02,,
33.45,0.1549505,,
33.5,0.2488894,,
33.55,0.2101898,,
33.6,4.69E-02,,
33.65,-0.1191578,,
33.7,-0.1550979,,
33.75,-7.20E-02,,
33.8,0.0130743,,
33.85,9.14E-02,,
33.9,0.2129676,,
33.95,0.2361504,,
34,0.1945524,,
34.05,0.1944565,,
34.1,0.217104,,
34.15,0.1793284,,
34.2,0.1018321,,
34.25,0.1312436,,
34.3,0.2036545,,
34.35,0.2786325,,
34.4,0.3399751,,
34.45,0.3683829,,
34.5,0.1628553,,
34.55,-5.24E-02,,
34.6,-0.1191005,,
34.65,-1.52E-02,,
34.7,4.82E-02,,
34.75,0.2654232,,
34.8,0.2561764,,
34.85,0.1900944,,
34.9,-5.54E-02,,
34.95,-4.07E-02,,
35,2.30E-03,,
35.05,-6.26E-03,,
35.1,-7.29E-03,,
35.15,-9.87E-02,,
35.2,-0.2596944,,
35.25,-0.3771249,,
35.3,-0.4573953,,
35.35,-0.3213819,,
35.4,-0.1612038,,
35.45,-0.1317776,,
35.5,-0.139664,,
35.55,-0.1801781,,
35.6,-0.2861983,,
35.65,-0.4128576,,
35.7,-0.4322997,,
35.75,-0.2807664,,
35.8,-0.1252643,,
35.85,-2.87E-02,,
35.9,1.87E-02,,
35.95,-1.51E-02,,
36,-5.84E-02,,
36.05,2.37E-02,,
36.1,0.07616,,
36.15,0.2091158,,
36.2,0.1414321,,
36.25,-4.99E-02,,
36.3,-0.1478307,,
36.35,-0.1945421,,
36.4,-0.1426685,,
36.45,-7.12E-02,,
36.5,-9.57E-02,,
36.55,-4.95E-02,,
36.6,-0.1529749,,
36.65,-0.2375856,,
36.7,-0.2229637,,
36.75,-9.58E-02,,
36.8,9.59E-02,,
36.85,0.2633325,,
36.9,0.2936055,,
36.95,0.1850097,,
37,4.01E-02,,
37.05,3.24E-02,,
37.1,7.17E-02,,
37.15,9.04E-02,,
37.2,0.1857041,,
37.25,0.3085079,,
37.3,0.3296086,,
37.35,0.1866218,,
37.4,1.82E-02,,
37.45,-0.2008208,,
37.5,-0.429307,,
37.55,-0.4333998,,
37.6,-0.3634778,,
37.65,-0.2984997,,
37.7,-0.3890363,,
37.75,-0.4111816,,
37.8,-0.378442,,
37.85,-0.2715713,,
37.9,-0.1734228,,
37.95,-0.207367,,
38,-0.3628602,,
38.05,-0.4424735,,
38.1,-0.4538867,,
38.15,-0.3718572,,
38.2,-0.2017059,,
38.25,1.26E-02,,
38.3,0.1137543,,
38.35,0.1423745,,
38.4,7.21E-02,,
38.45,0.1089809,,
38.5,6.31E-02,,
38.55,0.1023529,,
38.6,0.1903674,,
38.65,0.1546419,,
38.7,0.0897831,,
38.75,5.86E-02,,
38.8,9.38E-02,,
38.85,0.107487,,
38.9,7.93E-02,,
38.95,0.1132627,,
39,7.31E-02,,
39.05,0.0434522,,
39.1,0.0634959,,
39.15,0.1039445,,
39.2,0.180688,,
39.25,0.1876898,,
39.3,0.2258829,,
39.35,0.2146727,,
39.4,0.0992288,,
39.45,-0.098882,,
39.5,-0.3123328,,
39.55,-0.4879578,,
39.6,-0.534701,,
39.65,-0.4712304,,
39.7,-0.3904407,,
39.75,-0.406118,,
39.8,-0.3990434,,
39.85,-0.4588549,,
39.9,-0.3801056,,
39.95,-0.261412,,
40,-0.235254,,
40.05,-0.2506283,,
40.1,-0.3280863,,
40.15,-0.4461305,,
40.2,-0.5134907,,
40.25,-0.4462495,,
40.3,-0.2564632,,
40.35,-6.99E-02,,
40.4,1.93E-02,,
40.45,3.83E-02,,
40.5,-4.86E-02,,
40.55,-0.1738924,,
40.6,-0.2416239,,
40.65,-0.2417742,,
40.7,-0.1534469,,
40.75,-0.0608423,,
40.8,-2.54E-02,,
40.85,5.82E-02,,
40.9,0.1374777,,
40.95,0.2465238,,
41,0.3415166,,
41.05,0.2981824,,
41.1,0.2222896,,
41.15,0.1294514,,
41.2,-6.05E-02,,
41.25,-8.63E-02,,
41.3,-0.1480756,,
41.35,-5.88E-02,,
41.4,-0.1155033,,
41.45,-0.1538155,,
41.5,-0.2172735,,
41.55,-0.3287553,,
41.6,-0.5330505,,
41.65,-0.5781313,,
41.7,-0.6300119,,
41.75,-0.6805181,,
41.8,-0.6510562,,
41.85,-0.5476854,,
41.9,-0.3868917,,
41.95,-0.3161612,,
42,-0.2726916,,
42.05,-0.2475863,,
42.1,-0.2718213,,
42.15,-0.3345092,,
42.2,-0.4091962,,
42.25,-0.5209139,,
42.3,-0.4166832,,
42.35,0.1543112,,
42.4,0.9206074,,
42.45,2.003971,,
42.5,4.206204,,
42.55,8.681322,,
42.6,17.16895,,
42.65,31.67509,,
42.7,53.70828,,
42.75,82.4086,,
42.8,116.1147,,
42.85,150.6474,,
42.9,180.3095,,
42.95,198.1865,,
43,201.292,,
43.05,187.7791,,
43.1,161.2669,,
43.15,127.3091,,
43.2,92.81736,,
43.25,62.44588,,
43.3,39.08179,,
43.35,23.11762,,
43.4,13.50368,,
43.45,7.96773,,
43.5,5.072242,,
43.55,3.616462,,
43.6,2.872182,,
43.65,2.34515,,
43.7,1.980532,,
43.75,1.721868,,
43.8,1.458354,,
43.85,1.266212,,
43.9,1.062089,,
43.95,0.8164979,,
44,0.6220335,,
44.05,0.5476959,,
44.1,0.650059,,
44.15,0.7197065,,
44.2,0.7357017,,
44.25,0.6148616,,
44.3,0.3867441,,
44.35,0.3284017,,
44.4,0.3612317,,
44.45,0.4675506,,
44.5,0.5110183,,
44.55,0.3499374,,
44.6,0.1784443,,
44.65,0.1399065,,
44.7,0.288817,,
44.75,0.4890865,,
44.8,0.5919216,,
44.85,0.7149742,,
44.9,0.6951671,,
44.95,0.8309149,,
45,0.9822236,,
45.05,1.012434,,
45.1,0.9629828,,
45.15,0.9264934,,
45.2,0.9571139,,
45.25,0.9799158,,
45.3,1.03612,,
45.35,1.125561,,
45.4,1.175876,,
45.45,1.243696,,
45.5,1.237528,,
45.55,1.134387,,
45.6,1.028454,,
45.65,0.9423774,,
45.7,0.8193102,,
45.75,0.6582163,,
45.8,0.5884163,,
45.85,0.5410004,,
45.9,0.449556,,
45.95,0.4914665,,
46,0.6093724,,
46.05,0.6082506,,
46.1,0.5748913,,
46.15,0.4820337,,
46.2,0.4581581,,
46.25,0.3440389,,
46.3,0.3283242,,
46.35,0.4990194,,
46.4,0.6466425,,
46.45,0.5844876,,
46.5,0.4217462,,
46.55,0.1659368,,
46.6,-8.80E-02,,
46.65,-0.3148452,,
46.7,-0.3797756,,
46.75,-0.3401101,,
46.8,-0.3450004,,
46.85,-0.3705209,,
46.9,-0.3739935,,
46.95,-0.4277245,,
47,-0.4044812,,
47.05,-0.3042167,,
47.1,-0.1752262,,
47.15,-9.00E-02,,
47.2,-0.0617292,,
47.25,-0.1493797,,
47.3,-0.2810932,,
47.35,-0.2760928,,
47.4,-0.2051467,,
47.45,-0.0951793,,
47.5,-4.41E-02,,
47.55,-1.80E-02,,
47.6,-0.1236344,,
47.65,-0.2964242,,
47.7,-0.1950454,,
47.75,-0.0900354,,
47.8,-2.56E-02,,
47.85,0.1275751,,
47.9,0.3444376,,
47.95,0.4189065,,
48,0.2416854,,
48.05,6.42E-02,,
48.1,-1.39E-02,,
48.15,-0.2720234,,
48.2,-0.3058102,,
48.25,-0.2329267,,
48.3,-0.2551304,,
48.35,-0.377295,,
48.4,-0.4389639,,
48.45,-0.5398187,,
48.5,-0.6855154,,
48.55,-0.7817507,,
48.6,-0.7755568,,
48.65,-0.711625,,
48.7,-0.6301106,,
48.75,-0.6856291,,
48.8,-0.8684972,,
48.85,-0.9872676,,
48.9,-0.9853923,,
48.95,-0.9298678,,
49,-0.8172601,,
49.05,-0.6977857,,
49.1,-0.6457318,,
49.15,-0.7121733,,
49.2,-0.6418172,,
49.25,-0.6305252,,
49.3,-0.5449165,,
49.35,-0.4544229,,
49.4,-0.4010578,,
49.45,-0.5322928,,
49.5,-0.6271676,,
49.55,-0.7264313,,
49.6,-0.7394873,,
49.65,-0.6516078,,
49.7,-0.559157,,
49.75,-0.64533,,
49.8,-0.6266875,,
49.85,-0.5588503,,
49.9,-0.4497766,,
49.95,-0.3966505,,
50,-0.4598298,,
50.05,-0.5284512,,
50.1,-0.6176811,,
50.15,-0.5554722,,
50.2,-0.4448997,,
50.25,-0.4563513,,
50.3,-0.4912964,,
50.35,-0.6437836,,
50.4,-0.814397,,
50.45,-0.8287465,,
50.5,-0.8430678,,
50.55,-0.8453895,,
50.6,-0.7292801,,
50.65,-0.6154956,,
50.7,-0.6605575,,
50.75,-0.8092486,,
50.8,-0.9452178,,
50.85,-1.041891,,
50.9,-1.052495,,
50.95,-0.9212313,,
51,-0.7987771,,
51.05,-0.8008466,,
51.1,-0.8465473,,
51.15,-0.9342639,,
51.2,-0.9490202,,
51.25,-0.9146968,,
51.3,-0.7977247,,
51.35,-0.7715689,,
51.4,-0.642263,,
51.45,-0.648769,,
51.5,-0.5594099,,
51.55,-0.5203648,,
51.6,-0.5284826,,
51.65,-0.5953293,,
51.7,-0.6433704,,
51.75,-0.6975776,,
51.8,-0.576367,,
51.85,-0.5176291,,
51.9,-0.5073068,,
51.95,-0.6206974,,
52,-0.7331855,,
52.05,-0.8064675,,
52.1,-0.7354667,,
52.15,-0.6073343,,
52.2,-0.4708543,,
52.25,-0.4066358,,
52.3,-0.406699,,
52.35,-0.4418746,,
52.4,-0.5170278,,
52.45,-0.5430934,,
52.5,-0.607666,,
52.55,-0.6617213,,
52.6,-0.68783,,
52.65,-0.6923082,,
52.7,-0.6176502,,
52.75,-0.5624835,,
52.8,-0.5499128,,
52.85,-0.5565206,,
52.9,-0.6295501,,
52.95,-0.6989878,,
53,-0.7931427,,
53.05,-0.6756536,,
53.1,-0.6413777,,
53.15,-0.5943367,,
53.2,-0.5170174,,
53.25,-0.4860495,,
53.3,-0.4935067,,
53.35,-0.5231399,,
53.4,-0.5978197,,
53.45,-0.5542676,,
53.5,-0.5247321,,
53.55,-0.403097,,
53.6,-0.3872396,,
53.65,-0.4326863,,
53.7,-0.447083,,
53.75,-0.5232951,,
53.8,-0.504198,,
53.85,-0.3781372,,
53.9,-0.2492346,,
53.95,-0.1362996,,
54,-0.1219091,,
54.05,-0.1579561,,
54.1,-0.1694129,,
54.15,-0.1201252,,
54.2,-0.0883205,,
54.25,-0.1229726,,
54.3,-0.1667362,,
54.35,-0.1125858,,
54.4,-0.2250272,,
54.45,-0.3265868,,
54.5,-0.3435183,,
54.55,-0.3772677,,
54.6,-0.4169679,,
54.65,-0.2906465,,
54.7,-7.84E-02,,
54.75,2.45E-02,,
54.8,-6.20E-02,,
54.85,-0.2755637,,
54.9,-0.3828989,,
54.95,-0.5482767,,
55,-0.6133448,,
55.05,-0.5639288,,
55.1,-0.5065373,,
55.15,-0.4445523,,
55.2,-0.3945853,,
55.25,-0.3717043,,
55.3,-0.2953147,,
55.35,-0.2339153,,
55.4,-0.1775035,,
55.45,-0.2519628,,
55.5,-0.374246,,
55.55,-0.4267955,,
55.6,-0.401129,,
55.65,-0.3303988,,
55.7,-0.2225764,,
55.75,-0.178836,,
55.8,-0.19236,,
55.85,-0.2466539,,
55.9,-0.1352172,,
55.95,-9.06E-02,,
56,-6.48E-03,,
56.05,2.06E-02,,
56.1,-5.52E-02,,
56.15,-0.1424431,,
56.2,-4.15E-02,,
56.25,0.1035403,,
56.3,0.1510332,,
56.35,0.2168118,,
56.4,0.3697317,,
56.45,0.3309889,,
56.5,0.3725886,,
56.55,0.4345322,,
56.6,0.4485298,,
56.65,0.3860574,,
56.7,0.4564173,,
56.75,0.5961917,,
56.8,0.4733473,,
56.85,0.3417265,,
56.9,0.1783907,,
56.95,0.1263402,,
57,0.2784453,,
57.05,0.6095087,,
57.1,0.8860549,,
57.15,0.8786064,,
57.2,0.7456707,,
57.25,0.5648527,,
57.3,0.4619537,,
57.35,0.5583227,,
57.4,0.66296,,
57.45,0.8219913,,
57.5,0.9587435,,
57.55,0.9462988,,
57.6,0.9438626,,
57.65,0.9366783,,
57.7,1.131001,,
57.75,1.311053,,
57.8,1.39214,,
57.85,1.572797,,
57.9,1.541876,,
57.95,1.622183,,
58,1.6429,,
58.05,1.857801,,
58.1,2.063678,,
58.15,2.246813,,
58.2,2.360262,,
58.25,2.597463,,
58.3,2.707579,,
58.35,2.868226,,
58.4,3.089017,,
58.45,3.439872,,
58.5,3.623153,,
58.55,3.936266,,
58.6,4.171162,,
58.65,4.31543,,
58.7,4.472467,,
58.75,4.766701,,
58.8,5.158433,,
58.85,5.569345,,
58.9,6.023332,,
58.95,6.551043,,
59,6.965269,,
59.05,7.158461,,
59.1,7.234426,,
59.15,7.509424,,
59.2,7.730274,,
59.25,7.9866,,
59.3,7.989157,,
59.35,8.041031,,
59.4,7.914866,,
59.45,7.968387,,
59.5,8.3613,,
59.55,8.81569,,
59.6,9.160183,,
59.65,9.457787,,
59.7,9.799025,,
59.75,10.08288,,
59.8,10.26752,,
59.85,10.29033,,
59.9,10.40254,,
59.95,10.72912,,
60,11.27778,,
60.05,11.85973,,
60.1,12.39179,,
60.15,12.55744,,
60.2,12.64531,,
60.25,12.51579,,
60.3,12.42612,,
60.35,12.48073,,
60.4,12.52297,,
60.45,12.49969,,
60.5,12.34407,,
60.55,12.15287,,
60.6,11.79694,,
60.65,11.37835,,
60.7,11.11964,,
60.75,11.0098,,
60.8,11.13613,,
60.85,11.03076,,
60.9,10.85855,,
60.95,10.70946,,
61,10.74566,,
61.05,10.73831,,
61.1,10.99014,,
61.15,11.04518,,
61.2,10.74432,,
61.25,10.22569,,
61.3,10.09811,,
61.35,9.92915,,
61.4,10.13299,,
61.45,10.14182,,
61.5,10.20221,,
61.55,9.851571,,
61.6,9.806884,,
61.65,9.608688,,
61.7,9.51647,,
61.75,9.441817,,
61.8,9.452237,,
61.85,9.179646,,
61.9,8.957218,,
61.95,8.881467,,
62,8.620022,,
62.05,8.377807,,
62.1,8.39606,,
62.15,8.313872,,
62.2,8.106442,,
62.25,7.846438,,
62.3,7.69553,,
62.35,7.732923,,
62.4,7.987608,,
62.45,8.178932,,
62.5,8.158405,,
62.55,8.044055,,
62.6,7.875046,,
62.65,7.8289,,
62.7,8.232781,,
62.75,8.482534,,
62.8,8.564292,,
62.85,8.547928,,
62.9,8.664428,,
62.95,8.803143,,
63,8.982677,,
63.05,9.140893,,
63.1,9.450035,,
63.15,9.458432,,
63.2,9.57475,,
63.25,9.493957,,
63.3,9.605914,,
63.35,9.80685,,
63.4,10.22613,,
63.45,10.78669,,
63.5,11.0849,,
63.55,11.11764,,
63.6,11.10488,,
63.65,11.03589,,
63.7,11.1032,,
63.75,11.34916,,
63.8,11.82366,,
63.85,12.08386,,
63.9,12.25117,,
63.95,12.29167,,
64,12.12802,,
64.05,12.03874,,
64.1,12.17181,,
64.15,12.69015,,
64.2,13.13573,,
64.25,13.39888,,
64.3,13.64212,,
64.35,13.75561,,
64.4,14.07171,,
64.45,14.58557,,
64.5,15.28849,,
64.55,15.91671,,
64.6,16.0544,,
64.65,15.92045,,
64.7,15.88639,,
64.75,15.80417,,
64.8,15.99927,,
64.85,16.00267,,
64.9,15.94207,,
64.95,15.90298,,
65,15.94908,,
65.05,16.21441,,
65.1,16.43596,,
65.15,16.5711,,
65.2,16.58065,,
65.25,16.62637,,
65.3,17.07298,,
65.35,17.52779,,
65.4,17.77472,,
65.45,18.00168,,
65.5,18.23521,,
65.55,18.36253,,
65.6,18.81724,,
65.65,19.49924,,
65.7,20.37385,,
65.75,21.16976,,
65.8,21.88274,,
65.85,22.52253,,
65.9,22.7686,,
65.95,23.19928,,
66,23.89182,,
66.05,24.46173,,
66.1,24.97741,,
66.15,24.82339,,
66.2,24.33075,,
66.25,23.81278,,
66.3,23.38533,,
66.35,23.2972,,
66.4,23.77288,,
66.45,23.5682,,
66.5,23.8729,,
66.55,24.04156,,
66.6,24.0869,,
66.65,24.4325,,
66.7,24.35419,,
66.75,24.08886,,
66.8,23.82555,,
66.85,23.47109,,
66.9,23.77187,,
66.95,24.26275,,
67,24.93421,,
67.05,25.41343,,
67.1,25.47667,,
67.15,25.25591,,
67.2,25.07214,,
67.25,25.12241,,
67.3,25.3335,,
67.35,25.31105,,
67.4,25.16317,,
67.45,25.02747,,
67.5,25.03123,,
67.55,25.04116,,
67.6,25.13053,,
67.65,25.44541,,
67.7,25.93142,,
67.75,26.47469,,
67.8,27.06942,,
67.85,27.7916,,
67.9,28.37319,,
67.95,28.42466,,
68,28.44678,,
68.05,28.60878,,
68.1,28.75071,,
68.15,28.59454,,
68.2,28.21045,,
68.25,27.91747,,
68.3,27.22891,,
68.35,26.58001,,
68.4,26.22894,,
68.45,26.00184,,
68.5,25.65462,,
68.55,25.301,,
68.6,25.10893,,
68.65,24.85155,,
68.7,24.57184,,
68.75,24.46475,,
68.8,24.68948,,
68.85,25.00455,,
68.9,25.3725,,
68.95,25.78366,,
69,26.09689,,
69.05,26.35775,,
69.1,26.46637,,
69.15,27.02747,,
69.2,27.64214,,
69.25,28.06454,,
69.3,28.38887,,
69.35,28.52553,,
69.4,28.26378,,
69.45,27.88187,,
69.5,27.4978,,
69.55,27.17072,,
69.6,26.74471,,
69.65,26.91923,,
69.7,26.87651,,
69.75,26.65873,,
69.8,26.49953,,
69.85,26.17566,,
69.9,25.61441,,
69.95,25.20291,,
70,24.87774,,
70.05,24.39331,,
70.1,23.59434,,
70.15,22.92488,,
70.2,22.1807,,
70.25,21.52361,,
70.3,21.0773,,
70.35,20.65035,,
70.4,20.41006,,
70.45,20.24804,,
70.5,19.98195,,
70.55,19.69402,,
70.6,19.247,,
70.65,18.82719,,
70.7,18.3515,,
70.75,17.75094,,
70.8,17.18982,,
70.85,16.90171,,
70.9,16.70068,,
70.95,16.46314,,
71,16.19253,,
71.05,16.1407,,
71.1,16.00249,,
71.15,15.95784,,
71.2,15.89095,,
71.25,15.76239,,
71.3,15.43516,,
71.35,15.31126,,
71.4,15.04307,,
71.45,14.6988,,
71.5,14.50527,,
71.55,14.60821,,
71.6,14.3909,,
71.65,14.30832,,
71.7,14.23473,,
71.75,14.14178,,
71.8,14.01396,,
71.85,14.20617,,
71.9,14.30298,,
71.95,13.9864,,
72,13.49058,,
72.05,13.10696,,
72.1,12.81084,,
72.15,12.68474,,
72.2,12.76165,,
72.25,12.74669,,
72.3,12.64806,,
72.35,12.65919,,
72.4,12.71005,,
72.45,12.94678,,
72.5,13.17625,,
72.55,13.23569,,
72.6,13.10735,,
72.65,13.25424,,
72.7,13.3617,,
72.75,13.41817,,
72.8,13.36314,,
72.85,13.26312,,
72.9,13.02637,,
72.95,12.5344,,
73,12.38861,,
73.05,12.54147,,
73.1,12.4891,,
73.15,12.63125,,
73.2,12.593,,
73.25,12.72465,,
73.3,12.74648,,
73.35,12.61355,,
73.4,12.93646,,
73.45,13.16197,,
73.5,13.16292,,
73.55,12.93784,,
73.6,12.73606,,
73.65,12.66267,,
73.7,12.42044,,
73.75,12.33482,,
73.8,12.35572,,
73.85,12.54382,,
73.9,12.83599,,
73.95,13.03781,,
74,13.17441,,
74.05,13.17826,,
74.1,13.16001,,
74.15,13.35076,,
74.2,13.76657,,
74.25,14.07708,,
74.3,14.17831,,
74.35,14.25124,,
74.4,14.38885,,
74.45,14.25575,,
74.5,13.85603,,
74.55,14.1229,,
74.6,14.1436,,
74.65,13.95682,,
74.7,14.1298,,
74.75,14.3822,,
74.8,14.30684,,
74.85,14.34101,,
74.9,14.44625,,
74.95,14.60658,,
75,14.24995,,
75.05,14.13304,,
75.1,14.10889,,
75.15,14.03115,,
75.2,14.2457,,
75.25,14.75157,,
75.3,15.00306,,
75.35,14.96093,,
75.4,14.86723,,
75.45,14.71127,,
75.5,14.30607,,
75.55,14.2511,,
75.6,14.69396,,
75.65,15.32302,,
75.7,15.81947,,
75.75,15.95276,,
75.8,15.81511,,
75.85,15.44721,,
75.9,15.28824,,
75.95,15.46544,,
76,15.82014,,
76.05,16.233,,
76.1,16.84567,,
76.15,17.23333,,
76.2,17.54892,,
76.25,17.66607,,
76.3,17.68254,,
76.35,17.28782,,
76.4,17.15694,,
76.45,17.25264,,
76.5,17.49811,,
76.55,17.21997,,
76.6,17.0148,,
76.65,16.96792,,
76.7,16.81756,,
76.75,16.9364,,
76.8,17.35716,,
76.85,17.68719,,
76.9,17.68668,,
76.95,17.38906,,
77,17.32675,,
77.05,17.48196,,
77.1,17.52002,,
77.15,17.46808,,
77.2,17.62084,,
77.25,17.85733,,
77.3,17.92369,,
77.35,17.89776,,
77.4,18.23623,,
77.45,18.75696,,
77.5,18.81508,,
77.55,18.92312,,
77.6,18.95135,,
77.65,18.64845,,
77.7,18.4133,,
77.75,18.18488,,
77.8,18.57516,,
77.85,18.82938,,
77.9,18.94298,,
77.95,18.96851,,
78,18.62415,,
78.05,18.64853,,
78.1,19.08573,,
78.15,19.54424,,
78.2,20.27514,,
78.25,20.80105,,
78.3,20.9051,,
78.35,20.52865,,
78.4,20.56204,,
78.45,20.73114,,
78.5,20.8826,,
78.55,20.77521,,
78.6,20.7897,,
78.65,20.62368,,
78.7,20.30694,,
78.75,20.50806,,
78.8,20.87138,,
78.85,21.08936,,
78.9,21.40404,,
78.95,21.69435,,
79,22.08421,,
79.05,22.0892,,
79.1,22.08878,,
79.15,22.1251,,
79.2,21.86257,,
79.25,22.03553,,
79.3,22.84242,,
79.35,23.31859,,
79.4,23.44447,,
79.45,22.9542,,
79.5,22.79502,,
79.55,22.37632,,
79.6,22.28833,,
79.65,22.5042,,
79.7,22.48671,,
79.75,22.59928,,
79.8,22.80111,,
79.85,22.97635,,
79.9,23.42881,,
79.95,23.38516,,
80,23.19601,,
80.05,22.96284,,
80.1,23.01156,,
80.15,23.23568,,
80.2,23.38932,,
80.25,23.54369,,
80.3,23.80348,,
80.35,24.20924,,
80.4,24.59166,,
80.45,24.71839,,
80.5,24.69983,,
80.55,24.41026,,
80.6,23.75961,,
80.65,23.5538,,
80.7,24.23753,,
80.75,24.85866,,
80.8,25.20489,,
80.85,25.70035,,
80.9,25.76084,,
80.95,25.66994,,
81,25.7082,,
81.05,26.15029,,
81.1,26.71276,,
81.15,27.0167,,
81.2,27.56162,,
81.25,27.8575,,
81.3,27.46337,,
81.35,26.92789,,
81.4,26.33149,,
81.45,26.04182,,
81.5,26.51534,,
81.55,26.99763,,
81.6,27.81379,,
81.65,28.37128,,
81.7,28.45248,,
81.75,28.3403,,
81.8,28.04536,,
81.85,27.79065,,
81.9,27.79622,,
81.95,28.03345,,
82,28.22094,,
82.05,28.66149,,
82.1,28.64285,,
82.15,28.29695,,
82.2,28.33888,,
82.25,28.66792,,
82.3,29.43397,,
82.35,30.34544,,
82.4,31.34613,,
82.45,31.77996,,
82.5,31.61381,,
82.55,31.49347,,
82.6,31.19044,,
82.65,30.77913,,
82.7,30.92331,,
82.75,31.26802,,
82.8,31.26298,,
82.85,31.27933,,
82.9,31.86946,,
82.95,31.95603,,
83,32.01236,,
83.05,32.43676,,
83.1,33.00308,,
83.15,33.03074,,
83.2,33.10652,,
83.25,33.46152,,
83.3,33.26631,,
83.35,33.1605,,
83.4,33.63485,,
83.45,33.76033,,
83.5,33.93927,,
83.55,34.14911,,
83.6,34.23163,,
83.65,33.97947,,
83.7,33.81865,,
83.75,33.92038,,
83.8,34.01103,,
83.85,34.09991,,
83.9,34.58444,,
83.95,35.16969,,
84,35.7264,,
84.05,36.11712,,
84.1,36.0462,,
84.15,35.96494,,
84.2,35.89595,,
84.25,35.95773,,
84.3,36.1878,,
84.35,36.01164,,
84.4,35.94656,,
84.45,35.71593,,
84.5,36.08334,,
84.55,36.66849,,
84.6,37.76479,,
84.65,38.63816,,
84.7,38.72052,,
84.75,38.48961,,
84.8,38.79128,,
84.85,39.14178,,
84.9,39.63358,,
84.95,39.84161,,
85,39.89885,,
85.05,39.55562,,
85.1,39.19493,,
85.15,39.21621,,
85.2,39.35888,,
85.25,39.43889,,
85.3,39.40473,,
85.35,39.32652,,
85.4,39.95646,,
85.45,40.9419,,
85.5,41.78372,,
85.55,42.25434,,
85.6,42.4499,,
85.65,42.54544,,
85.7,42.8465,,
85.75,43.24747,,
85.8,43.42185,,
85.85,43.09723,,
85.9,42.96112,,
85.95,42.6413,,
86,42.62492,,
86.05,42.87732,,
86.1,42.99322,,
86.15,42.77797,,
86.2,43.16307,,
86.25,43.39415,,
86.3,43.81423,,
86.35,44.17485,,
86.4,44.54061,,
86.45,43.98232,,
86.5,44.08772,,
86.55,45.14322,,
86.6,45.61219,,
86.65,45.69194,,
86.7,45.47142,,
86.75,45.52614,,
86.8,45.89714,,
86.85,46.73249,,
86.9,47.66238,,
86.95,48.11444,,
87,47.6975,,
87.05,47.03312,,
87.1,46.51815,,
87.15,46.48665,,
87.2,46.60947,,
87.25,47.19909,,
87.3,48.27991,,
87.35,49.0275,,
87.4,48.88126,,
87.45,48.62065,,
87.5,48.54369,,
87.55,48.59681,,
87.6,49.29388,,
87.65,50.31432,,
87.7,50.60095,,
87.75,50.43911,,
87.8,49.79949,,
87.85,49.67084,,
87.9,49.25117,,
87.95,49.26958,,
88,49.18379,,
88.05,49.27721,,
88.1,49.23255,,
88.15,49.68106,,
88.2,50.52213,,
88.25,51.70862,,
88.3,52.64212,,
88.35,53.30866,,
88.4,53.48327,,
88.45,53.98179,,
88.5,54.41327,,
88.55,54.86257,,
88.6,55.28587,,
88.65,55.42179,,
88.7,55.37151,,
88.75,55.44267,,
88.8,55.48919,,
88.85,55.9842,,
88.9,56.51495,,
88.95,56.79702,,
89,57.31742,,
89.05,58.26303,,
89.1,59.79039,,
89.15,61.32587,,
89.2,62.0081,,
89.25,61.88054,,
89.3,60.86845,,
89.35,60.16467,,
89.4,60.01171,,
89.45,60.34291,,
89.5,61.0254,,
89.55,61.41897,,
89.6,61.28566,,
89.65,61.1878,,
89.7,61.14071,,
89.75,62.17227,,
89.8,64.00683,,
89.85,65.4227,,
89.9,66.689,,
89.95,66.6684,,
90,66.54555,,
90.05,66.60448,,
90.1,67.24493,,
90.15,68.419,,
90.2,69.257,,
90.25,70.29733,,
90.3,71.06158,,
90.35,71.17673,,
90.4,71.07633,,
90.45,71.11365,,
90.5,71.02773,,
90.55,71.09418,,
90.6,72.45021,,
90.65,74.1806,,
90.7,74.96786,,
90.75,74.98062,,
90.8,74.53414,,
90.85,74.49979,,
90.9,74.79891,,
90.95,76.01252,,
91,77.3093,,
91.05,78.49728,,
91.1,79.31493,,
91.15,80.13636,,
91.2,81.72006,,
91.25,83.24949,,
91.3,83.35052,,
91.35,83.50863,,
91.4,83.70369,,
91.45,84.07726,,
91.5,84.23962,,
91.55,84.93866,,
91.6,86.16567,,
91.65,86.5964,,
91.7,87.05855,,
91.75,87.2605,,
91.8,87.35424,,
91.85,87.93781,,
91.9,89.13667,,
91.95,90.97551,,
92,93.30283,,
92.05,95.36536,,
92.1,96.39145,,
92.15,96.71937,,
92.2,96.72338,,
92.25,96.52208,,
92.3,96.2711,,
92.35,97.02901,,
92.4,98.77416,,
92.45,100.2219,,
92.5,101.8341,,
92.55,103.9391,,
92.6,105.7331,,
92.65,106.5656,,
92.7,106.9195,,
92.75,107.2612,,
92.8,107.552,,
92.85,108.2097,,
92.9,110.33,,
92.95,112.2389,,
93,113.2336,,
93.05,114.9682,,
93.1,116.1144,,
93.15,117.15,,
93.2,118.1668,,
93.25,119.9032,,
93.3,121.0558,,
93.35,122.4022,,
93.4,123.3898,,
93.45,124.1346,,
93.5,123.9711,,
93.55,123.4991,,
93.6,123.7785,,
93.65,124.6731,,
93.7,125.8797,,
93.75,128.2058,,
93.8,130.531,,
93.85,132.9719,,
93.9,135.3208,,
93.95,137.181,,
94,138.0846,,
94.05,138.3683,,
94.1,138.9646,,
94.15,139.8523,,
94.2,141.0802,,
94.25,142.847,,
94.3,143.8879,,
94.35,144.8717,,
94.4,145.9156,,
94.45,148.2364,,
94.5,149.4979,,
94.55,150.9124,,
94.6,151.6086,,
94.65,152.8864,,
94.7,154.3456,,
94.75,157.7849,,
94.8,161.467,,
94.85,163.9829,,
94.9,165.6445,,
94.95,166.638,,
95,165.7509,,
95.05,164.7961,,
95.1,164.974,,
95.15,166.333,,
95.2,169.2282,,
95.25,173.7424,,
95.3,177.2735,,
95.35,180.2739,,
95.4,182.4955,,
95.45,184.2234,,
95.5,185.3303,,
95.55,187.0762,,
95.6,188.9102,,
95.65,190.2743,,
95.7,192.6569,,
95.75,194.8167,,
95.8,196.1194,,
95.85,198.2698,,
95.9,201.1494,,
95.95,203.2498,,
96,204.8163,,
96.05,206.9161,,
96.1,208.4265,,
96.15,210.6026,,
96.2,211.7434,,
96.25,212.2636,,
96.3,213.8286,,
96.35,215.2808,,
96.4,217.7951,,
96.45,221.0373,,
96.5,224.8976,,
96.55,227.4246,,
96.6,231.0812,,
96.65,234.4451,,
96.7,236.2942,,
96.75,236.7403,,
96.8,237.618,,
96.85,238.9648,,
96.9,240.0604,,
96.95,242.1915,,
97,245.3207,,
97.05,247.3898,,
97.1,248.3872,,
97.15,248.9309,,
97.2,249.5909,,
97.25,250.8827,,
97.3,253.8098,,
97.35,258.8835,,
97.4,263.6274,,
97.45,264.4028,,
97.5,263.7876,,
97.55,264.7611,,
97.6,268.3514,,
97.65,273.9059,,
97.7,277.9768,,
97.75,280.9324,,
97.8,280.7173,,
97.85,279.3979,,
97.9,280.8674,,
97.95,281.9085,,
98,283.4009,,
98.05,286.254,,
98.1,286.7778,,
98.15,287.0939,,
98.2,290.5904,,
98.25,297.7663,,
98.3,302.628,,
98.35,305.7042,,
98.4,308.3031,,
98.45,310.3814,,
98.5,310.9052,,
98.55,312.4809,,
98.6,314.8036,,
98.65,315.6403,,
98.7,316.2451,,
98.75,316.6588,,
98.8,316.7701,,
98.85,317.9578,,
98.9,320.4537,,
98.95,323.7815,,
99,326.0405,,
99.05,326.9489,,
99.1,326.1599,,
99.15,323.6546,,
99.2,325.023,,
99.25,326.762,,
99.3,327.9176,,
99.35,329.2009,,
99.4,329.8688,,
99.45,331.731,,
99.5,334.1747,,
99.55,336.3412,,
99.6,337.0641,,
99.65,336.1762,,
99.7,336.1577,,
99.75,340.4363,,
99.8,346.5292,,
99.85,349.0818,,
99.9,349.4448,,
99.95,348.1443,,
100,347.6775,,
100.05,349.9572,,
100.1,352.1708,,
100.15,355.214,,
100.2,353.7756,,
100.25,351.1442,,
100.3,351.0918,,
100.35,353.3687,,
100.4,357.6844,,
100.45,362.1714,,
100.5,366.5161,,
100.55,369.3333,,
100.6,371.4442,,
100.65,372.5716,,
100.7,373.6928,,
100.75,373.953,,
100.8,372.8356,,
100.85,373.215,,
100.9,373.2148,,
100.95,375.1852,,
101,375.5359,,
101.05,375.2934,,
101.1,377.1478,,
101.15,378.1368,,
101.2,377.3946,,
101.25,380.632,,
101.3,384.0089,,
101.35,388.4275,,
101.4,391.8401,,
101.45,394.8928,,
101.5,394.4163,,
101.55,390.3994,,
101.6,388.4181,,
101.65,389.5386,,
101.7,393.571,,
101.75,397.465,,
101.8,399.5482,,
101.85,399.4279,,
101.9,400.6195,,
101.95,401.2786,,
102,401.0835,,
102.05,402.1729,,
102.1,403.2296,,
102.15,401.2895,,
102.2,399.6206,,
102.25,401.3004,,
102.3,405.8418,,
102.35,409.5333,,
102.4,411.4916,,
102.45,411.5585,,
102.5,407.5067,,
102.55,401.7629,,
102.6,400.0078,,
102.65,399.9477,,
102.7,400.3019,,
102.75,400.2649,,
102.8,399.6207,,
102.85,395.7971,,
102.9,392.7866,,
102.95,391.0814,,
103,388.2332,,
103.05,386.655,,
103.1,385.7404,,
103.15,385.8359,,
103.2,381.0365,,
103.25,378.5455,,
103.3,379.365,,
103.35,378.4133,,
103.4,377.9821,,
103.45,376.1635,,
103.5,373.2188,,
103.55,371.8226,,
103.6,369.1491,,
103.65,365.9707,,
103.7,364.5343,,
103.75,362.6617,,
103.8,359.6448,,
103.85,355.9573,,
103.9,354.1837,,
103.95,352.5733,,
104,349.1341,,
104.05,348.1028,,
104.1,347.803,,
104.15,346.0205,,
104.2,344.7008,,
104.25,342.0899,,
104.3,338.9413,,
104.35,335.5354,,
104.4,333.8838,,
104.45,332.515,,
104.5,329.1451,,
104.55,325.2619,,
104.6,318.128,,
104.65,313.516,,
104.7,311.7104,,
104.75,309.9222,,
104.8,308.9485,,
104.85,304.3365,,
104.9,298.8882,,
104.95,292.7149,,
105,290.247,,
105.05,290.6665,,
105.1,291.116,,
105.15,288.6539,,
105.2,284.3394,,
105.25,280.4125,,
105.3,278.1286,,
105.35,276.7865,,
105.4,275.647,,
105.45,273.3147,,
105.5,269.5329,,
105.55,264.7762,,
105.6,261.5253,,
105.65,260.6626,,
105.7,258.6999,,
105.75,256.3498,,
105.8,254.652,,
105.85,253.61,,
105.9,250.0911,,
105.95,244.3236,,
106,238.2816,,
106.05,235.7217,,
106.1,234.9561,,
106.15,237.6744,,
106.2,240.5144,,
106.25,238.8332,,
106.3,233.2115,,
106.35,226.3639,,
106.4,221.5136,,
106.45,222.0199,,
106.5,221.9381,,
106.55,223.7823,,
106.6,223.2972,,
106.65,219.762,,
106.7,215.2094,,
106.75,210.5132,,
106.8,206.6737,,
106.85,205.6813,,
106.9,207.5642,,
106.95,209.532,,
107,207.6604,,
107.05,204.9933,,
107.1,204.4615,,
107.15,203.5862,,
107.2,202.2947,,
107.25,202.2537,,
107.3,201.2291,,
107.35,199.1307,,
107.4,198.0476,,
107.45,200.4312,,
107.5,203.4542,,
107.55,204.5756,,
107.6,202.4443,,
107.65,198.4855,,
107.7,191.4933,,
107.75,185.4356,,
107.8,184.0227,,
107.85,186.7461,,
107.9,190.0139,,
107.95,190.13,,
108,187.1122,,
108.05,185.667,,
108.1,182.2373,,
108.15,180.7543,,
108.2,179.5522,,
108.25,180.5594,,
108.3,182.9693,,
108.35,184.709,,
108.4,185.7209,,
108.45,184.8312,,
108.5,181.7852,,
108.55,178.0589,,
108.6,175.202,,
108.65,175.0579,,
108.7,174.5695,,
108.75,174.5253,,
108.8,175.8273,,
108.85,177.5212,,
108.9,177.5564,,
108.95,176.1759,,
109,174.8857,,
109.05,173.4836,,
109.1,172.9917,,
109.15,174.9183,,
109.2,178.8235,,
109.25,180.2155,,
109.3,177.9402,,
109.35,175.9832,,
109.4,175.1319,,
109.45,175.3813,,
109.5,173.8024,,
109.55,173.658,,
109.6,171.8361,,
109.65,166.4092,,
109.7,164.2681,,
109.75,165.3522,,
109.8,165.032,,
109.85,162.0399,,
109.9,157.9822,,
109.95,158.7252,,
110,159.6029,,
110.05,161.7987,,
110.1,164.236,,
110.15,163.2567,,
110.2,159.6453,,
110.25,154.2375,,
110.3,150.9876,,
110.35,147.7466,,
110.4,145.937,,
110.45,145.8047,,
110.5,144.9003,,
110.55,143.3243,,
110.6,140.5094,,
110.65,138.5472,,
110.7,136.424,,
110.75,133.7974,,
110.8,131.2548,,
110.85,127.0637,,
110.9,123.0443,,
110.95,119.7842,,
111,116.9132,,
111.05,115.6801,,
111.1,115.3566,,
111.15,114.7617,,
111.2,112.7142,,
111.25,110.5636,,
111.3,108.0009,,
111.35,104.6844,,
111.4,101.0139,,
111.45,98.79703,,
111.5,96.65433,,
111.55,93.37264,,
111.6,90.98483,,
111.65,90.07388,,
111.7,89.40481,,
111.75,89.796,,
111.8,88.55775,,
111.85,86.21753,,
111.9,84.23247,,
111.95,83.24013,,
112,83.00671,,
112.05,82.25635,,
112.1,82.47975,,
112.15,84.87943,,
112.2,89.31523,,
112.25,96.3979,,
112.3,106.4562,,
112.35,117.887,,
112.4,128.7763,,
112.45,143.9927,,
112.5,166.1195,,
112.55,188.4518,,
112.6,206.9604,,
112.65,222.8766,,
112.7,238.5972,,
112.75,256.5918,,
112.8,280.2012,,
112.85,302.0629,,
112.9,310.9977,,
112.95,316.7194,,
113,319.427,,
113.05,315.5365,,
113.1,311.8172,,
113.15,308.4487,,
113.2,302.4255,,
113.25,283.7558,,
113.3,269.5726,,
113.35,258.0334,,
113.4,241.9471,,
113.45,225.8457,,
113.5,209.5581,,
113.55,189.8169,,
113.6,168.9093,,
113.65,151.1461,,
113.7,140.0323,,
113.75,129.4073,,
113.8,121.5304,,
113.85,114.5311,,
113.9,105.8971,,
113.95,96.78651,,
114,88.21662,,
114.05,82.11387,,
114.1,77.88312,,
114.15,75.46886,,
114.2,74.61974,,
114.25,71.36888,,
114.3,67.75446,,
114.35,62.38197,,
114.4,57.68608,,
114.45,54.23902,,
114.5,51.86066,,
114.55,51.7464,,
114.6,51.54868,,
114.65,52.40798,,
114.7,52.4886,,
114.75,46.78478,,
114.8,43.17759,,
114.85,42.80324,,
114.9,42.88044,,
114.95,42.81706,,
115,43.53171,,
115.05,44.62347,,
115.1,42.48716,,
115.15,39.28408,,
115.2,37.55492,,
115.25,35.0619,,
115.3,32.13162,,
115.35,31.76826,,
115.4,33.82848,,
115.45,34.10624,,
115.5,32.25523,,
115.55,29.77847,,
115.6,26.70162,,
115.65,25.61911,,
115.7,27.88404,,
115.75,29.9207,,
115.8,29.57703,,
115.85,28.9113,,
115.9,28.8807,,
115.95,29.23663,,
116,30.15079,,
116.05,31.14213,,
116.1,30.91375,,
116.15,28.38215,,
116.2,26.97904,,
116.25,26.77383,,
116.3,26.94686,,
116.35,26.21019,,
116.4,25.22829,,
116.45,24.38538,,
116.5,24.0977,,
116.55,23.33044,,
116.6,23.36941,,
116.65,23.12984,,
116.7,22.70869,,
116.75,22.38886,,
116.8,22.81724,,
116.85,22.15659,,
116.9,21.41678,,
116.95,20.31439,,
117,19.02984,,
117.05,18.25633,,
117.1,17.71275,,
117.15,17.38086,,
117.2,17.16209,,
117.25,17.42492,,
117.3,17.70465,,
117.35,17.41723,,
117.4,17.02351,,
117.45,16.32086,,
117.5,15.31567,,
117.55,15.2245,,
117.6,16.07115,,
117.65,16.79979,,
117.7,16.38245,,
117.75,16.05474,,
117.8,15.31795,,
117.85,14.80121,,
117.9,15.04192,,
117.95,16.74232,,
118,17.02722,,
118.05,16.4222,,
118.1,16.29688,,
118.15,16.51376,,
118.2,15.97878,,
118.25,15.9991,,
118.3,15.8047,,
118.35,15.14426,,
118.4,13.9024,,
118.45,13.52425,,
118.5,13.66939,,
118.55,13.86986,,
118.6,14.07718,,
118.65,14.64479,,
118.7,14.55965,,
118.75,13.60115,,
118.8,13.0033,,
118.85,12.70972,,
118.9,12.40515,,
118.95,12.51567,,
119,13.2864,,
119.05,13.96301,,
119.1,13.98277,,
119.15,14.16814,,
119.2,14.29369,,
119.25,14.18251,,
119.3,14.00667,,
119.35,13.46248,,
119.4,12.77236,,
119.45,12.03038,,
119.5,11.43843,,
119.55,12.10886,,
119.6,12.58884,,
119.65,13.18247,,
119.7,13.63979,,
119.75,13.72327,,
119.8,14.02996,,
119.85,13.6917,,
119.9,13.40616,,
119.95,12.37213,,
120,10.44194,,
120.05,10.17947,,
120.1,10.98913,,
120.15,11.34536,,
120.2,11.24978,,
120.25,10.52014,,
120.3,9.693462,,
120.35,8.89589,,
120.4,8.974127,,
120.45,10.16355,,
120.5,11.00148,,
120.55,11.09496,,
120.6,11.15664,,
120.65,11.58516,,
120.7,12.19262,,
120.75,12.48446,,
120.8,13.0679,,
120.85,13.4898,,
120.9,12.91641,,
120.95,12.3261,,
121,12.31379,,
121.05,12.85975,,
121.1,13.29379,,
121.15,13.53027,,
121.2,13.68579,,
121.25,13.01717,,
121.3,12.2728,,
121.35,12.47955,,
121.4,12.39588,,
121.45,12.38145,,
121.5,11.81937,,
121.55,11.11767,,
121.6,10.60908,,
121.65,10.74257,,
121.7,11.20883,,
121.75,11.66072,,
121.8,11.69794,,
121.85,11.75352,,
121.9,11.49855,,
121.95,11.03989,,
122,10.55836,,
122.05,10.29724,,
122.1,9.968301,,
122.15,9.541399,,
122.2,9.197911,,
122.25,9.068134,,
122.3,9.075086,,
122.35,9.297294,,
122.4,9.702522,,
122.45,9.850249,,
122.5,9.762096,,
122.55,9.391604,,
122.6,9.473842,,
122.65,9.949966,,
122.7,10.6159,,
122.75,10.96727,,
122.8,11.35011,,
122.85,11.46405,,
122.9,11.01711,,
122.95,10.7562,,
123,10.41379,,
123.05,9.810382,,
123.1,9.558508,,
123.15,10.06602,,
123.2,10.41526,,
123.25,10.24173,,
123.3,10.36815,,
123.35,10.09114,,
123.4,9.398808,,
123.45,9.254184,,
123.5,9.249352,,
123.55,9.486005,,
123.6,9.645243,,
123.65,9.917584,,
123.7,10.37905,,
123.75,10.7947,,
123.8,11.25348,,
123.85,11.34516,,
123.9,11.31761,,
123.95,11.18575,,
124,10.48491,,
124.05,9.912537,,
124.1,9.519018,,
124.15,9.072297,,
124.2,8.823502,,
124.25,9.044941,,
124.3,9.496078,,
124.35,9.78223,,
124.4,9.619151,,
124.45,9.122153,,
124.5,8.198863,,
124.55,7.339657,,
124.6,6.814876,,
124.65,6.594418,,
124.7,6.766726,,
124.75,7.418683,,
124.8,8.462808,,
124.85,8.946859,,
124.9,9.318779,,
124.95,9.427033,,
125,9.269251,,
125.05,8.904447,,
125.1,8.307804,,
125.15,8.149718,,
125.2,8.150751,,
125.25,8.181333,,
125.3,8.032538,,
125.35,7.775236,,
125.4,7.800414,,
125.45,8.078109,,
125.5,8.43194,,
125.55,8.887531,,
125.6,9.322207,,
125.65,8.93243,,
125.7,8.193154,,
125.75,8.072896,,
125.8,7.773989,,
125.85,7.142292,,
125.9,6.703357,,
125.95,7.450218,,
126,8.146463,,
126.05,9.070451,,
126.1,10.00905,,
126.15,10.39103,,
126.2,9.867841,,
126.25,9.082773,,
126.3,8.549572,,
126.35,8.345484,,
126.4,8.340279,,
126.45,8.700124,,
126.5,9.227377,,
126.55,9.404837,,
126.6,9.752172,,
126.65,9.645622,,
126.7,9.664988,,
126.75,9.632851,,
126.8,9.033482,,
126.85,8.446086,,
126.9,7.746377,,
126.95,6.918273,,
127,6.457051,,
127.05,6.636856,,
127.1,7.718369,,
127.15,8.910287,,
127.2,9.897593,,
127.25,10.55583,,
127.3,10.36932,,
127.35,9.942867,,
127.4,9.28658,,
127.45,8.648356,,
127.5,8.359107,,
127.55,7.810798,,
127.6,7.874608,,
127.65,8.125235,,
127.7,8.39399,,
127.75,8.102121,,
127.8,7.509825,,
127.85,7.535729,,
127.9,7.502692,,
127.95,8.22491,,
128,9.031933,,
128.05,9.487447,,
128.1,9.174066,,
128.15,8.515542,,
128.2,7.971427,,
128.25,7.208073,,
128.3,6.707577,,
128.35,6.026518,,
128.4,5.344314,,
128.45,5.421149,,
128.5,5.672015,,
128.55,6.291545,,
128.6,7.322958,,
128.65,8.604629,,
128.7,9.274882,,
128.75,9.566751,,
128.8,9.700628,,
128.85,8.857152,,
128.9,7.767382,,
128.95,7.129889,,
129,7.024979,,
129.05,7.322127,,
129.1,7.963177,,
129.15,8.486939,,
129.2,8.103394,,
129.25,7.546731,,
129.3,7.509341,,
129.35,6.707234,,
129.4,5.943562,,
129.45,5.47298,,
129.5,5.381675,,
129.55,5.629333,,
129.6,6.401928,,
129.65,6.979072,,
129.7,6.775172,,
129.75,6.186383,,
129.8,6.482595,,
129.85,6.906748,,
129.9,6.918666,,
129.95,7.230764,,
130,7.366983,,
130.05,6.670687,,
130.1,6.390753,,
130.15,6.827841,,
130.2,7.232472,,
130.25,7.502223,,
130.3,7.82655,,
130.35,7.933563,,
130.4,7.579374,,
130.45,7.220957,,
130.5,7.032508,,
130.55,6.872486,,
130.6,6.881117,,
130.65,7.000806,,
130.7,7.006248,,
130.75,7.299722,,
130.8,7.471213,,
130.85,7.639172,,
130.9,7.684825,,
130.95,8.264174,,
131,8.325998,,
131.05,8.052244,,
131.1,8.04124,,
131.15,8.137398,,
131.2,8.274525,,
131.25,8.555702,,
131.3,8.260374,,
131.35,8.166297,,
131.4,7.683711,,
131.45,7.348742,,
131.5,7.497508,,
131.55,7.612992,,
131.6,7.388745,,
131.65,6.965049,,
131.7,6.835882,,
131.75,6.87715,,
131.8,7.045484,,
131.85,7.145559,,
131.9,7.558533,,
131.95,7.180289,,
132,6.289521,,
132.05,5.331126,,
132.1,4.659776,,
132.15,4.390604,,
132.2,4.862504,,
132.25,5.874402,,
132.3,6.50814,,
132.35,6.574994,,
132.4,5.964863,,
132.45,5.694264,,
132.5,5.776915,,
132.55,6.345696,,
132.6,7.299372,,
132.65,7.727614,,
132.7,8.206714,,
132.75,7.856955,,
132.8,7.258903,,
132.85,7.189643,,
132.9,6.787164,,
132.95,6.820124,,
133,7.112152,,
133.05,7.781178,,
133.1,8.364862,,
133.15,8.042742,,
133.2,7.576245,,
133.25,7.1381,,
133.3,7.039358,,
133.35,6.707273,,
133.4,7.087865,,
133.45,7.440492,,
133.5,7.026542,,
133.55,6.447269,,
133.6,6.440155,,
133.65,6.634424,,
133.7,7.208055,,
133.75,7.575132,,
133.8,7.188806,,
133.85,6.482307,,
133.9,5.763834,,
133.95,5.589773,,
134,5.799877,,
134.05,6.172181,,
134.1,6.436471,,
134.15,6.047748,,
134.2,6.16249,,
134.25,6.879457,,
134.3,7.21551,,
134.35,7.640983,,
134.4,7.70502,,
134.45,7.69225,,
134.5,6.91338,,
134.55,6.237384,,
134.6,5.912251,,
134.65,6.146024,,
134.7,6.138808,,
134.75,6.478014,,
134.8,6.559787,,
134.85,6.940492,,
134.9,6.834806,,
134.95,6.488746,,
135,6.018774,,
135.05,6.030718,,
135.1,6.36659,,
135.15,7.090053,,
135.2,7.486154,,
135.25,7.416466,,
135.3,6.836895,,
135.35,6.136114,,
135.4,5.634079,,
135.45,5.572637,,
135.5,6.073366,,
135.55,6.590898,,
135.6,6.684988,,
135.65,6.687685,,
135.7,6.607974,,
135.75,6.447113,,
135.8,6.447113,,
135.85,6.447113,,
135.9,6.447113,,
135.95,6.447113,,
136,6.447113,,
136.05,6.447113,,
136.1,6.447113,,
136.15,6.447113,,
136.2,6.447113,,
136.25,6.447113,,
136.3,6.447113,,
136.35,6.447113,,
136.4,6.447113,,
136.45,6.447113,,
136.5,6.447113,,
136.55,6.447113,,
136.6,6.447113,,
136.65,6.447113,,
136.7,6.447113,,
136.75,6.447113,,
136.8,6.447113,,
136.85,6.447113,,
136.9,6.447113,,
136.95,6.447113,,
137,6.447113,,
137.05,6.447113,,
137.1,6.447113,,
137.15,6.447113,,
137.2,6.447113,,
137.25,6.447113,,
137.3,6.447113,,
137.35,6.447113,,
137.4,6.447113,,
137.45,6.447113,,
137.5,6.447113,,
137.55,6.447113,,
137.6,6.447113,,
137.65,6.447113,,
137.7,6.447113,,
137.75,6.447113,,
137.8,6.447113,,
137.85,6.447113,,
137.9,6.447113,,
137.95,6.447113,,
138,6.447113,,
 ,,,
Alignment,On,,
