Data File Name,ggoyal_High Sensitivity DNA Assay_DE24802700_2017-08-22_12-14-49.xad
Data File Path,C:\Users\jlchiniquy\Desktop\20171205_Nextera_library_size_to_loading_concentration_tool\GGoyal
Date Created,"Tuesday, August 22, 2017 7:13:07 PM"
Date Last Modified,"Monday, August 28, 2017 7:52:30 PM"
Version Created,B.02.07.SI532
Version Last Modified,B.02.07.SI532
 
Assay Name,High Sensitivity DNA
Assay Path,C:\Program Files\Agilent\2100 bioanalyzer\2100 expert\assays\dsDNA
Assay Title,High Sensitivity DNA Assay
Assay Version,1.0
 
Number of Samples Run,11
 
Sample Name,Ladder
Number of Events,2121
 
Time,Value
32,0.1376801
32.05,0.1376801
32.1,0.1376801
32.15,0.1376801
32.2,0.1376801
32.25,0.1376801
32.3,0.1376801
32.35,0.1376801
32.4,0.1376801
32.45,0.1376801
32.5,0.1376801
32.55,0.1376801
32.6,0.1376801
32.65,0.1376801
32.7,0.1376801
32.75,0.1376801
32.8,0.1376801
32.85,0.1376801
32.9,0.1376801
32.95,0.1376801
33,0.1376801
33.05,0.1376801
33.1,0.1376801
33.15,0.1376801
33.2,0.1376801
33.25,0.1376801
33.3,0.1376801
33.35,0.1376801
33.4,0.1041047
33.45,3.922039E-02
33.5,-8.082949E-02
33.55,-0.1641238
33.6,-0.1556241
33.65,-0.1097119
33.7,4.557698E-03
33.75,6.692822E-02
33.8,7.412282E-02
33.85,3.986164E-02
33.9,-2.781562E-02
33.95,-6.424543E-02
34,-4.597994E-02
34.05,2.492349E-02
34.1,8.143459E-02
34.15,7.871278E-02
34.2,5.170123E-02
34.25,-2.336303E-04
34.3,-2.040209E-02
34.35,-0.0242142
34.4,-6.811503E-02
34.45,-0.1198504
34.5,-0.1867051
34.55,-0.2350627
34.6,-0.2538994
34.65,-0.2494091
34.7,-0.2098715
34.75,-0.1724744
34.8,-0.1567845
34.85,-0.1243375
34.9,-9.806488E-02
34.95,-0.0929531
35,-0.141272
35.05,-0.1956559
35.1,-0.2512332
35.15,-0.2056489
35.2,-0.1536264
35.25,-0.1301904
35.3,-0.1636341
35.35,-0.1883145
35.4,-0.1576974
35.45,-0.1232379
35.5,-8.426922E-02
35.55,-5.182457E-02
35.6,-2.513165E-02
35.65,1.216855E-02
35.7,6.160284E-04
35.75,2.041607E-02
35.8,-9.979721E-04
35.85,-8.656732E-02
35.9,-9.806471E-02
35.95,-9.050648E-02
36,-0.0425415
36.05,-0.1049306
36.1,-0.1793502
36.15,-0.2388858
36.2,-0.3124389
36.25,-0.2704388
36.3,-0.2195
36.35,-0.1353398
36.4,-7.834087E-02
36.45,-0.0565315
36.5,-7.722696E-03
36.55,-1.788407E-02
36.6,-8.293256E-02
36.65,-0.1733999
36.7,-0.3086778
36.75,-0.2965702
36.8,-0.3011024
36.85,-0.272658
36.9,-0.2070021
36.95,-0.2492031
37,-0.1879848
37.05,-0.2052442
37.1,-0.2386532
37.15,-0.2339837
37.2,-0.297922
37.25,-0.3691153
37.3,-0.4101058
37.35,-0.4690349
37.4,-0.4497327
37.45,-0.4367576
37.5,-0.4144104
37.55,-0.367894
37.6,-0.3413715
37.65,-0.3382857
37.7,-0.3065938
37.75,-0.2649541
37.8,-0.2358875
37.85,-0.181004
37.9,-0.1404237
37.95,-0.1390473
38,-0.1675279
38.05,-0.2245455
38.1,-0.2603125
38.15,-0.2679733
38.2,-0.2628839
38.25,-0.1802592
38.3,-9.297424E-02
38.35,-4.662761E-02
38.4,-6.054094E-02
38.45,-0.1289468
38.5,-0.1923652
38.55,-0.231297
38.6,-0.3258066
38.65,-0.3916976
38.7,-0.3922302
38.75,-0.3500521
38.8,-0.3313982
38.85,-0.2591392
38.9,-0.1235554
38.95,-5.808825E-02
39,-0.1363491
39.05,-0.1688898
39.1,-0.2229121
39.15,-0.3073162
39.2,-0.3548861
39.25,-0.3596616
39.3,-0.2627773
39.35,-0.2171419
39.4,-0.2427049
39.45,-0.236201
39.5,-0.3632202
39.55,-0.3321761
39.6,-0.2765156
39.65,-0.2296418
39.7,-0.1941664
39.75,-0.1649774
39.8,-0.1790284
39.85,-0.1732637
39.9,-0.2476775
39.95,-0.1995854
40,-0.2126609
40.05,-0.1902719
40.1,-0.1683955
40.15,-0.1392498
40.2,-0.1521095
40.25,-0.1183607
40.3,-0.178466
40.35,-0.1755081
40.4,-0.1683001
40.45,-0.1315697
40.5,-9.349024E-02
40.55,-4.512426E-02
40.6,-1.109277E-02
40.65,-1.757924E-02
40.7,-8.157766E-02
40.75,-7.123599E-02
40.8,-5.163353E-02
40.85,-7.392383E-02
40.9,-0.0844361
40.95,-0.1424093
41,-0.2546927
41.05,-0.3198732
41.1,-0.318009
41.15,-0.2736561
41.2,-0.2809035
41.25,-0.3294058
41.3,-0.3367375
41.35,-0.3802226
41.4,-0.4299113
41.45,-0.4050736
41.5,-0.3762056
41.55,-0.3667727
41.6,-0.3863279
41.65,-0.4142971
41.7,-0.4095787
41.75,-0.4135611
41.8,-0.3931317
41.85,-0.3733685
41.9,-0.4121869
41.95,-0.4306381
42,-0.4216246
42.05,-0.394983
42.1,-0.3452514
42.15,-0.2284873
42.2,-0.15651
42.25,-0.1399936
42.3,-0.1525019
42.35,-0.1417063
42.4,4.509351E-02
42.45,0.6117107
42.5,2.080127
42.55,5.348653
42.6,11.68007
42.65,22.25425
42.7,38.05959
42.75,59.28623
42.8,84.41542
42.85,110.591
42.9,132.8357
42.95,146.5264
43,147.9873
43.05,136.5858
43.1,115.015
43.15,87.92892
43.2,60.91679
43.25,38.2684
43.3,21.67168
43.35,11.18862
43.4,5.427003
43.45,2.796966
43.5,1.514051
43.55,0.7515635
43.6,0.4038266
43.65,0.2997558
43.7,0.1831992
43.75,0.1630258
43.8,0.1458618
43.85,2.026517E-02
43.9,-0.0552368
43.95,-6.140189E-02
44,-9.947994E-03
44.05,1.69729E-03
44.1,-7.996699E-03
44.15,2.483526E-02
44.2,-3.916817E-02
44.25,-0.1013084
44.3,-7.220863E-02
44.35,-0.1069024
44.4,-0.1480529
44.45,-0.10963
44.5,-7.893595E-02
44.55,-4.743722E-02
44.6,-0.0294692
44.65,2.006355E-02
44.7,0.1454127
44.75,0.3978441
44.8,1.097634
44.85,2.650715
44.9,5.892312
44.95,12.05031
45,22.21315
45.05,37.02415
45.1,55.97921
45.15,77.06552
45.2,96.7724
45.25,111.0478
45.3,116.4177
45.35,111.4511
45.4,97.21918
45.45,77.27456
45.5,55.80288
45.55,36.81633
45.6,22.39622
45.65,12.97298
45.7,7.48032
45.75,4.716674
45.8,3.535262
45.85,3.017084
45.9,2.669715
45.95,2.450335
46,2.277219
46.05,2.051725
46.1,1.854044
46.15,1.832142
46.2,1.86217
46.25,1.771636
46.3,1.625072
46.35,1.485593
46.4,1.287829
46.45,1.097302
46.5,0.9370728
46.55,0.7728427
46.6,0.590661
46.65,0.4383322
46.7,0.3584618
46.75,0.2913938
46.8,0.2713971
46.85,0.2570651
46.9,0.2754295
46.95,0.3231927
47,0.3564138
47.05,0.412526
47.1,0.3734537
47.15,0.268156
47.2,0.2981923
47.25,0.3498138
47.3,0.3813297
47.35,0.3246292
47.4,0.2785647
47.45,0.2625591
47.5,0.1705047
47.55,0.1743383
47.6,0.2934351
47.65,0.4030588
47.7,0.3807885
47.75,0.3579799
47.8,0.3304121
47.85,0.2504761
47.9,0.1474992
47.95,0.1749745
48,0.2295552
48.05,0.2365067
48.1,0.2321336
48.15,0.2413149
48.2,0.2166786
48.25,0.2007813
48.3,0.2207506
48.35,0.2766691
48.4,0.3452161
48.45,0.3953906
48.5,0.4712214
48.55,0.4809237
48.6,0.4132966
48.65,0.3364432
48.7,0.2775343
48.75,0.2152077
48.8,0.2298365
48.85,0.2727988
48.9,0.2564831
48.95,0.1828482
49,0.1066444
49.05,4.975753E-02
49.1,1.530825E-02
49.15,4.286988E-02
49.2,0.1964832
49.25,0.3029257
49.3,0.338594
49.35,0.2965828
49.4,0.277214
49.45,0.2143852
49.5,0.1729726
49.55,0.2634158
49.6,0.4434842
49.65,0.4439369
49.7,0.4682287
49.75,0.3895676
49.8,0.3743276
49.85,0.3808027
49.9,0.4934246
49.95,0.5369616
50,0.6036072
50.05,0.5210936
50.1,0.5572183
50.15,0.4488277
50.2,0.458584
50.25,0.4676763
50.3,0.5231194
50.35,1.176986
50.4,3.040561
50.45,7.339171
50.5,15.77395
50.55,29.61508
50.6,50.22537
50.65,76.74329
50.7,105.4065
50.75,130.8348
50.8,147.0743
50.85,149.5471
50.9,137.4529
50.95,114.1326
51,85.80894
51.05,58.33392
51.1,36.20497
51.15,21.33162
51.2,12.82408
51.25,8.516342
51.3,6.555995
51.35,5.664179
51.4,5.100344
51.45,4.610642
51.5,4.258518
51.55,3.959079
51.6,3.628686
51.65,3.343992
51.7,3.081279
51.75,2.836678
51.8,2.60885
51.85,2.378473
51.9,2.149717
51.95,1.928178
52,1.724786
52.05,1.519799
52.1,1.337932
52.15,1.168474
52.2,1.051926
52.25,0.9778296
52.3,0.9038336
52.35,0.8769445
52.4,0.8785915
52.45,0.8794404
52.5,0.8714296
52.55,0.8614439
52.6,0.8547329
52.65,0.8329645
52.7,0.8386452
52.75,0.8676183
52.8,0.8641687
52.85,0.8810008
52.9,0.8782748
52.95,0.8524264
53,0.8231592
53.05,0.7291168
53.1,0.6445183
53.15,0.5876175
53.2,0.587652
53.25,0.5808448
53.3,0.6247049
53.35,0.655562
53.4,0.6190968
53.45,0.5755755
53.5,0.5744324
53.55,0.6001671
53.6,0.5798492
53.65,0.5135616
53.7,0.4744089
53.75,0.4435931
53.8,0.4681343
53.85,0.5173054
53.9,0.5028532
53.95,0.4536492
54,0.3791856
54.05,0.3292872
54.1,0.3640932
54.15,0.4174572
54.2,0.4943079
54.25,0.5132009
54.3,0.5080888
54.35,0.6134019
54.4,0.7007058
54.45,0.675171
54.5,0.6834067
54.55,0.6652225
54.6,0.6511629
54.65,0.6352033
54.7,0.6557991
54.75,0.6979139
54.8,0.6916023
54.85,0.690315
54.9,0.7420574
54.95,0.7901093
55,0.9417498
55.05,1.434112
55.1,2.988752
55.15,6.90745
55.2,15.12696
55.25,29.68236
55.3,51.49619
55.35,79.72591
55.4,111.7497
55.45,142.1189
55.5,163.7486
55.55,171.6727
55.6,164.252
55.65,143.219
55.7,113.3362
55.75,81.58403
55.8,54.1053
55.85,33.47729
55.9,19.93774
55.95,12.76975
56,9.556147
56.05,7.98274
56.1,6.863533
56.15,6.071998
56.2,5.398288
56.25,4.648746
56.3,4.111168
56.35,3.67069
56.4,3.327248
56.45,3.113089
56.5,2.962315
56.55,2.782948
56.6,2.704383
56.65,2.631153
56.7,2.508142
56.75,2.316997
56.8,2.206364
56.85,2.05668
56.9,1.817406
56.95,1.563543
57,1.351288
57.05,1.147395
57.1,0.9980356
57.15,0.9478405
57.2,1.067971
57.25,1.103616
57.3,1.042886
57.35,0.9274151
57.4,0.8616477
57.45,0.8485268
57.5,0.7668902
57.55,0.8471344
57.6,0.8431546
57.65,0.7528791
57.7,0.6528107
57.75,0.5844725
57.8,0.6082312
57.85,0.6093739
57.9,0.5359184
57.95,0.5475793
58,0.4728903
58.05,0.4238748
58.1,0.4195801
58.15,0.4041004
58.2,0.4211216
58.25,0.4181345
58.3,0.4105931
58.35,0.4220601
58.4,0.3972801
58.45,0.3573595
58.5,0.3649415
58.55,0.33818
58.6,0.2887076
58.65,0.3016072
58.7,0.3609725
58.75,0.3818446
58.8,0.3194072
58.85,0.2418785
58.9,0.1821087
58.95,9.448244E-02
59,5.573102E-02
59.05,0.1203847
59.1,0.1805243
59.15,0.244551
59.2,0.3246947
59.25,0.3311961
59.3,0.2780213
59.35,0.2385729
59.4,0.2502239
59.45,0.3079324
59.5,0.3859747
59.55,0.438697
59.6,0.456411
59.65,0.4597798
59.7,0.6609358
59.75,1.872902
59.8,5.143007
59.85,12.5289
59.9,26.25857
59.95,47.96537
60,75.99903
60.05,107.6968
60.1,138.9719
60.15,164.353
60.2,178.1447
60.25,178.3919
60.3,164.7397
60.35,140.1382
60.4,109.3003
60.45,79.01354
60.5,54.2925
60.55,36.40546
60.6,24.95137
60.65,18.75531
60.7,15.15347
60.75,12.9587
60.8,11.39995
60.85,10.26451
60.9,9.346837
60.95,8.422283
61,7.717148
61.05,6.986534
61.1,6.244669
61.15,5.666973
61.2,5.165054
61.25,4.729682
61.3,4.374173
61.35,4.111514
61.4,3.72956
61.45,3.214314
61.5,2.764123
61.55,2.392687
61.6,2.071662
61.65,1.848178
61.7,1.676317
61.75,1.615414
61.8,1.518019
61.85,1.396309
61.9,1.286287
61.95,1.213457
62,1.163246
62.05,1.0768
62.1,0.9423698
62.15,0.858012
62.2,0.7697834
62.25,0.6658273
62.3,0.5884769
62.35,0.5092576
62.4,0.4445708
62.45,0.4185846
62.5,0.4111747
62.55,0.3838174
62.6,0.3212258
62.65,0.1907419
62.7,9.973866E-02
62.75,3.841051E-02
62.8,2.956554E-02
62.85,5.875881E-02
62.9,2.160331E-02
62.95,-3.572538E-02
63,-3.884664E-02
63.05,-3.054959E-02
63.1,1.041776E-03
63.15,-3.112086E-02
63.2,-0.1433177
63.25,-0.2340328
63.3,-0.353808
63.35,-0.4543889
63.4,-0.4511303
63.45,-0.3765168
63.5,-0.303032
63.55,-0.3248624
63.6,-0.3427889
63.65,-0.3883134
63.7,-0.4620129
63.75,-0.5715082
63.8,-0.4804906
63.85,-0.394093
63.9,-0.3861905
63.95,-0.3446206
64,-0.2541504
64.05,-0.3648204
64.1,-0.4227508
64.15,-0.4054364
64.2,-0.3899844
64.25,-0.4677355
64.3,-0.4577003
64.35,-0.3870217
64.4,-0.367846
64.45,-0.3799524
64.5,-0.3082861
64.55,-0.2911175
64.6,-0.3967082
64.65,-0.4593878
64.7,-0.4718931
64.75,-0.5308585
64.8,-0.5582357
64.85,-0.5643488
64.9,-0.4641009
64.95,-0.4082279
65,-0.3669388
65.05,-0.3094353
65.1,-0.3335119
65.15,-0.4126678
65.2,-0.4910571
65.25,-0.5114881
65.3,-0.5145302
65.35,-0.5301287
65.4,-0.5540475
65.45,-0.5469436
65.5,-0.5507252
65.55,-0.5417858
65.6,-0.5426896
65.65,-0.5235505
65.7,-0.5634378
65.75,-0.6687927
65.8,-0.7183684
65.85,-0.7439887
65.9,-0.7560352
65.95,-0.7505335
66,-0.7420789
66.05,-0.6879365
66.1,-0.6680297
66.15,-0.717842
66.2,-0.6777206
66.25,-0.6736332
66.3,-0.7217382
66.35,-0.7678362
66.4,-0.8556418
66.45,-0.8725629
66.5,-0.9486638
66.55,-1.02976
66.6,-1.117897
66.65,-1.130786
66.7,-1.088455
66.75,-1.001965
66.8,-0.9286256
66.85,-0.8569139
66.9,-0.8876171
66.95,-0.9154428
67,-1.00646
67.05,-0.9560052
67.1,-0.9331513
67.15,-0.8466677
67.2,-0.8565276
67.25,-0.8233954
67.3,-0.8822337
67.35,-0.9679462
67.4,-1.00995
67.45,-1.009304
67.5,-0.9985352
67.55,-0.9484193
67.6,-0.9700307
67.65,-0.9854532
67.7,-1.000832
67.75,-0.9975303
67.8,-1.050304
67.85,-1.030633
67.9,-0.9741047
67.95,-0.9402779
68,-1.025545
68.05,-1.163155
68.1,-1.198119
68.15,-1.221359
68.2,-1.323092
68.25,-1.328589
68.3,-1.2775
68.35,-1.238863
68.4,-1.214851
68.45,-1.185864
68.5,-1.164787
68.55,-1.167382
68.6,-1.215995
68.65,-1.250838
68.7,-1.165252
68.75,-0.6705652
68.8,0.8605657
68.85,4.405678
68.9,11.8581
68.95,24.7948
69,43.84037
69.05,69.10297
69.1,99.48412
69.15,131.5582
69.2,161.2011
69.25,184.8009
69.3,198.8518
69.35,201.4347
69.4,192.0544
69.45,172.0221
69.5,144.6476
69.55,114.0067
69.6,85.18894
69.65,61.7112
69.7,44.48502
69.75,32.90014
69.8,25.41128
69.85,19.99703
69.9,16.35619
69.95,13.78109
70,12.17978
70.05,10.87571
70.1,9.847841
70.15,8.728336
70.2,7.74613
70.25,6.842069
70.3,6.38596
70.35,5.931387
70.4,5.488441
70.45,5.038349
70.5,4.818691
70.55,4.346524
70.6,3.853674
70.65,3.385489
70.7,2.878119
70.75,2.40035
70.8,2.036152
70.85,1.724699
70.9,1.599308
70.95,1.284493
71,1.060837
71.05,0.7069274
71.1,0.298057
71.15,0.1402188
71.2,4.730513E-02
71.25,3.956062E-02
71.3,-3.502813E-03
71.35,-0.1565197
71.4,-0.2567362
71.45,-0.4687328
71.5,-0.5318835
71.55,-0.5461683
71.6,-0.5042368
71.65,-0.5251672
71.7,-0.6631523
71.75,-0.7584857
71.8,-0.801819
71.85,-0.8256704
71.9,-0.8284112
71.95,-0.7981948
72,-0.8424693
72.05,-1.030552
72.1,-1.237702
72.15,-1.33821
72.2,-1.372083
72.25,-1.355323
72.3,-1.313322
72.35,-1.283597
72.4,-1.277216
72.45,-1.300583
72.5,-1.338338
72.55,-1.391246
72.6,-1.481615
72.65,-1.546597
72.7,-1.541095
72.75,-1.499779
72.8,-1.509246
72.85,-1.59978
72.9,-1.670354
72.95,-1.73138
73,-1.803074
73.05,-1.850432
73.1,-1.897687
73.15,-1.894081
73.2,-1.886137
73.25,-1.871737
73.3,-1.842693
73.35,-1.80137
73.4,-1.785045
73.45,-1.780906
73.5,-1.78879
73.55,-1.734822
73.6,-1.724087
73.65,-1.837034
73.7,-1.954665
73.75,-1.995909
73.8,-2.03034
73.85,-2.015652
73.9,-1.976705
73.95,-1.916976
74,-2.005308
74.05,-2.111597
74.1,-2.140718
74.15,-2.205276
74.2,-2.092232
74.25,-1.917315
74.3,-1.879412
74.35,-1.864249
74.4,-1.83714
74.45,-1.756541
74.5,-1.7836
74.55,-1.855435
74.6,-1.906814
74.65,-2.001984
74.7,-2.076257
74.75,-2.032898
74.8,-1.939072
74.85,-1.980728
74.9,-1.930428
74.95,-1.920598
75,-1.939032
75.05,-2.020579
75.1,-2.107857
75.15,-2.126212
75.2,-2.207651
75.25,-2.223381
75.3,-2.174243
75.35,-2.184529
75.4,-2.170742
75.45,-2.158918
75.5,-2.145772
75.55,-2.149107
75.6,-2.165904
75.65,-2.199051
75.7,-2.219825
75.75,-2.237061
75.8,-2.152825
75.85,-2.092021
75.9,-2.105125
75.95,-2.138574
76,-2.192258
76.05,-2.239014
76.1,-2.249724
76.15,-2.273422
76.2,-2.261938
76.25,-2.217476
76.3,-2.211796
76.35,-2.225128
76.4,-2.263287
76.45,-2.320348
76.5,-2.364918
76.55,-2.374625
76.6,-2.301573
76.65,-2.17433
76.7,-2.048321
76.75,-1.829636
76.8,-1.265307
76.85,0.1367282
76.9,3.155988
76.95,8.956053
77,18.89369
77.05,34.11816
77.1,55.49781
77.15,82.19064
77.2,112.8054
77.25,144.8846
77.3,173.046
77.35,195.3289
77.4,209.2211
77.45,213.0218
77.5,207.6906
77.55,194.277
77.6,173.4836
77.65,147.7456
77.7,118.7647
77.75,92.86728
77.8,70.51313
77.85,52.74473
77.9,40.26574
77.95,32.03447
78,25.39217
78.05,20.74093
78.1,17.4456
78.15,15.39571
78.2,13.34326
78.25,11.5556
78.3,10.27139
78.35,9.232897
78.4,8.180571
78.45,7.464091
78.5,6.837998
78.55,6.246066
78.6,5.78465
78.65,5.273629
78.7,4.88238
78.75,4.511546
78.8,3.987745
78.85,3.295244
78.9,2.653619
78.95,2.141601
79,1.676821
79.05,1.249596
79.1,1.12217
79.15,0.9548604
79.2,0.6568817
79.25,0.3947094
79.3,0.1661941
79.35,-5.915999E-02
79.4,-0.2478292
79.45,-0.3874496
79.5,-0.4420364
79.55,-0.583128
79.6,-0.7769294
79.65,-0.8924849
79.7,-0.9399068
79.75,-0.9496307
79.8,-0.9446186
79.85,-0.9741043
79.9,-1.103112
79.95,-1.299856
80,-1.459431
80.05,-1.466616
80.1,-1.40592
80.15,-1.436539
80.2,-1.504237
80.25,-1.60191
80.3,-1.684386
80.35,-1.757074
80.4,-1.837701
80.45,-1.827911
80.5,-1.848837
80.55,-1.964985
80.6,-2.026453
80.65,-2.048291
80.7,-2.057574
80.75,-2.071784
80.8,-2.091909
80.85,-2.064723
80.9,-2.150126
80.95,-2.140785
81,-2.118829
81.05,-2.139827
81.1,-2.19708
81.15,-2.281297
81.2,-2.373365
81.25,-2.428353
81.3,-2.381545
81.35,-2.222193
81.4,-2.21064
81.45,-2.21667
81.5,-2.257355
81.55,-2.308734
81.6,-2.280841
81.65,-2.243925
81.7,-2.106155
81.75,-2.101032
81.8,-2.102947
81.85,-2.024279
81.9,-1.996071
81.95,-2.046653
82,-2.014495
82.05,-2.104876
82.1,-2.196978
82.15,-2.297342
82.2,-2.231482
82.25,-2.069689
82.3,-2.052892
82.35,-1.975625
82.4,-1.78309
82.45,-1.477756
82.5,-0.4681185
82.55,1.875161
82.6,6.095839
82.65,12.80567
82.7,23.56257
82.75,38.75564
82.8,58.40666
82.85,81.51177
82.9,106.8263
82.95,132.7545
83,157.6594
83.05,178.7894
83.1,194.2273
83.15,202.4937
83.2,203.2645
83.25,195.4711
83.3,180.0137
83.35,160.3391
83.4,138.5949
83.45,116.8673
83.5,96.80964
83.55,79.85807
83.6,66.46208
83.65,55.58609
83.7,46.82605
83.75,40.5926
83.8,35.89631
83.85,32.50528
83.9,29.69093
83.95,27.30405
84,25.57043
84.05,23.75908
84.1,21.78163
84.15,20.034
84.2,18.56268
84.25,17.01007
84.3,15.22763
84.35,13.61064
84.4,12.22946
84.45,11.02169
84.5,9.947886
84.55,8.979858
84.6,7.940147
84.65,6.97617
84.7,6.08525
84.75,5.342587
84.8,4.630694
84.85,3.973977
84.9,3.474166
84.95,2.793159
85,2.509293
85.05,2.227699
85.1,1.850323
85.15,1.381423
85.2,1.054246
85.25,0.6506991
85.3,0.3406137
85.35,3.138611E-02
85.4,-1.323783E-02
85.45,-0.2750201
85.5,-0.3910677
85.55,-0.5501537
85.6,-0.6828166
85.65,-0.7589186
85.7,-0.79794
85.75,-0.8460644
85.8,-0.9607252
85.85,-1.14006
85.9,-1.260893
85.95,-1.434163
86,-1.53053
86.05,-1.484425
86.1,-1.499163
86.15,-1.495903
86.2,-1.560542
86.25,-1.58485
86.3,-1.644631
86.35,-1.768339
86.4,-1.785921
86.45,-1.71202
86.5,-1.673248
86.55,-1.612315
86.6,-1.588668
86.65,-1.65556
86.7,-1.79026
86.75,-1.798111
86.8,-1.61075
86.85,-1.44924
86.9,-1.101605
86.95,-0.1005259
87,1.672716
87.05,4.726136
87.1,9.970877
87.15,17.8712
87.2,29.12904
87.25,45.10717
87.3,65.91952
87.35,89.67633
87.4,116.1883
87.45,143.9727
87.5,171.3681
87.55,194.3872
87.6,211.1416
87.65,221.8121
87.7,226.1024
87.75,223.6331
87.8,214.1618
87.85,199.7172
87.9,180.3924
87.95,158.0054
88,135.6485
88.05,114.8322
88.1,96.93211
88.15,81.63578
88.2,68.53361
88.25,58.73769
88.3,50.4399
88.35,43.98059
88.4,38.44394
88.45,34.00288
88.5,30.40077
88.55,27.07781
88.6,24.23266
88.65,21.27514
88.7,18.77784
88.75,16.11488
88.8,14.08455
88.85,12.39902
88.9,10.4095
88.95,9.085121
89,7.808914
89.05,6.705711
89.1,5.953896
89.15,5.293259
89.2,4.686359
89.25,3.810206
89.3,2.902766
89.35,2.201445
89.4,1.486313
89.45,0.9463934
89.5,0.5677466
89.55,0.1298354
89.6,-0.2992053
89.65,-0.6957975
89.7,-0.8093677
89.75,-0.8532268
89.8,-0.9501454
89.85,-1.031925
89.9,-1.105117
89.95,-1.164526
90,-1.054157
90.05,-0.7667293
90.1,-0.1701985
90.15,1.208688
90.2,4.351858
90.25,9.604767
90.3,17.42688
90.35,28.41066
90.4,42.39324
90.45,60.01255
90.5,81.40517
90.55,105.1841
90.6,129.881
90.65,154.5121
90.7,178.392
90.75,199.1224
90.8,213.322
90.85,219.4972
90.9,219.1346
90.95,212.8352
91,201.8807
91.05,188.0851
91.1,172.3121
91.15,153.9812
91.2,134.1327
91.25,114.5055
91.3,97.74788
91.35,84.14116
91.4,72.66422
91.45,62.94117
91.5,54.4334
91.55,47.35651
91.6,41.26337
91.65,36.0901
91.7,32.43849
91.75,29.21268
91.8,25.89037
91.85,22.79465
91.9,19.78485
91.95,17.02466
92,14.75331
92.05,12.78101
92.1,11.32918
92.15,9.781136
92.2,8.484441
92.25,7.224757
92.3,6.035698
92.35,5.107151
92.4,4.458225
92.45,3.587858
92.5,2.90941
92.55,2.251666
92.6,1.507512
92.65,0.9369352
92.7,0.5609613
92.75,0.1532557
92.8,-4.872463E-02
92.85,-0.1727767
92.9,-0.2574958
92.95,-0.34311
93,-0.6012498
93.05,-0.8774388
93.1,-1.178228
93.15,-1.444609
93.2,-1.557412
93.25,-1.620382
93.3,-1.649645
93.35,-1.753978
93.4,-1.933572
93.45,-2.027613
93.5,-2.111248
93.55,-2.126164
93.6,-2.069898
93.65,-1.997304
93.7,-2.056885
93.75,-2.301239
93.8,-2.397137
93.85,-2.218528
93.9,-2.011048
93.95,-1.738056
94,-1.151522
94.05,-9.802725E-02
94.1,1.659307
94.15,4.331416
94.2,8.553876
94.25,15.22598
94.3,24.94582
94.35,37.97016
94.4,53.51786
94.45,71.16707
94.5,90.29177
94.55,111.5407
94.6,133.4053
94.65,155.0517
94.7,175.5329
94.75,193.5282
94.8,207.1631
94.85,215.9298
94.9,219.9992
94.95,220.5912
95,216.2547
95.05,207.6023
95.1,194.8547
95.15,180.0991
95.2,164.0167
95.25,148.0038
95.3,133.89
95.35,121.2667
95.4,108.4993
95.45,95.53532
95.5,82.63405
95.55,71.66072
95.6,61.82102
95.65,53.81197
95.7,47.60876
95.75,41.38487
95.8,35.52124
95.85,30.30095
95.9,25.50795
95.95,21.68422
96,18.78048
96.05,16.49219
96.1,14.72933
96.15,12.83743
96.2,11.22894
96.25,9.495642
96.3,8.00297
96.35,6.817185
96.4,6.001411
96.45,5.220221
96.5,4.632599
96.55,3.994167
96.6,3.69786
96.65,3.486375
96.7,3.193412
96.75,2.770114
96.8,2.252227
96.85,1.516615
96.9,0.8644463
96.95,0.4329532
97,0.1959154
97.05,-0.1680766
97.1,-0.5969562
97.15,-0.9072266
97.2,-1.104821
97.25,-1.14592
97.3,-1.069215
97.35,-1.040591
97.4,-1.184227
97.45,-1.399945
97.5,-1.58749
97.55,-1.694232
97.6,-1.666717
97.65,-1.659301
97.7,-1.829931
97.75,-2.016067
97.8,-2.097125
97.85,-2.120894
97.9,-2.134849
97.95,-2.197132
98,-2.061852
98.05,-1.907347
98.1,-1.864759
98.15,-1.832001
98.2,-1.96471
98.25,-2.102041
98.3,-2.340699
98.35,-2.458455
98.4,-2.348759
98.45,-2.273387
98.5,-2.30494
98.55,-2.321023
98.6,-2.499538
98.65,-2.591801
98.7,-2.729104
98.75,-2.565739
98.8,-2.441812
98.85,-2.377892
98.9,-2.498362
98.95,-2.687692
99,-2.948685
99.05,-3.190074
99.1,-3.170257
99.15,-3.075911
99.2,-3.019945
99.25,-2.95392
99.3,-2.829813
99.35,-2.638092
99.4,-2.646948
99.45,-2.733026
99.5,-2.835497
99.55,-3.139101
99.6,-3.212578
99.65,-3.228947
99.7,-3.007079
99.75,-2.680901
99.8,-2.525845
99.85,-2.574902
99.9,-2.818954
99.95,-3.064752
100,-3.166707
100.05,-3.292031
100.1,-3.181093
100.15,-2.964676
100.2,-2.875432
100.25,-2.926246
100.3,-3.03068
100.35,-2.928482
100.4,-2.716959
100.45,-2.25268
100.5,-1.297159
100.55,0.3984486
100.6,2.740869
100.65,6.425308
100.7,12.90139
100.75,22.35017
100.8,35.26499
100.85,52.0735
100.9,73.13546
100.95,98.07726
101,124.3724
101.05,151.4458
101.1,178.5702
101.15,204.1489
101.2,228.25
101.25,249.0479
101.3,264.9096
101.35,274.8584
101.4,279.7896
101.45,280.3689
101.5,276.2123
101.55,265.7258
101.6,249.1118
101.65,228.5817
101.7,206.5137
101.75,184.0572
101.8,162.7386
101.85,143.9529
101.9,125.7132
101.95,106.2035
102,88.52383
102.05,74.06495
102.1,61.32872
102.15,51.36037
102.2,42.09936
102.25,35.32916
102.3,28.3087
102.35,22.24844
102.4,18.64939
102.45,15.40544
102.5,13.28667
102.55,11.65936
102.6,9.018263
102.65,6.873573
102.7,4.910549
102.75,3.554605
102.8,2.882385
102.85,2.291014
102.9,1.93793
102.95,1.325688
103,0.6918691
103.05,0.1319238
103.1,-0.3181044
103.15,-0.5942279
103.2,-0.4141743
103.25,-9.704787E-02
103.3,-9.789231E-02
103.35,-0.5353236
103.4,-1.251493
103.45,-1.780692
103.5,-2.073759
103.55,-1.875096
103.6,-1.510326
103.65,-1.346071
103.7,-1.366521
103.75,-0.6836424
103.8,1.265044
103.85,4.982883
103.9,10.17894
103.95,16.14386
104,24.13932
104.05,35.46017
104.1,50.08813
104.15,68.30731
104.2,91.65267
104.25,118.2781
104.3,145.7045
104.35,175.3716
104.4,206.3933
104.45,233.1229
104.5,252.4485
104.55,266.6825
104.6,277.9273
104.65,285.8062
104.7,291.0246
104.75,294.0685
104.8,290.5533
104.85,279.2403
104.9,260.8473
104.95,238.7165
105,215.4813
105.05,191.8066
105.1,168.1241
105.15,145.1727
105.2,123.6248
105.25,103.9186
105.3,84.83618
105.35,68.68645
105.4,56.17933
105.45,45.32943
105.5,37.01746
105.55,31.64256
105.6,27.69958
105.65,24.12542
105.7,20.34925
105.75,16.66618
105.8,13.27327
105.85,10.58792
105.9,8.711336
105.95,7.389727
106,6.137894
106.05,5.177345
106.1,3.945115
106.15,2.937209
106.2,2.591035
106.25,2.473473
106.3,1.893548
106.35,1.814095
106.4,2.243701
106.45,2.63617
106.5,2.813844
106.55,2.395316
106.6,1.710849
106.65,0.859241
106.7,-0.1286816
106.75,-0.3986256
106.8,-0.3412161
106.85,-3.692222E-02
106.9,0.2647673
106.95,2.949857E-02
107,-6.424513E-02
107.05,-8.537807E-03
107.1,-0.3997798
107.15,-0.7852601
107.2,-1.003059
107.25,-0.9318104
107.3,-0.8957661
107.35,-0.7054187
107.4,-0.2702974
107.45,0.0934144
107.5,-0.0729912
107.55,-0.5864983
107.6,-1.181568
107.65,-1.520119
107.7,-1.507911
107.75,-1.170555
107.8,-0.7845964
107.85,-0.5159324
107.9,-0.245133
107.95,-7.575032E-02
108,-0.123042
108.05,-0.3408361
108.1,-0.4779959
108.15,-0.6195045
108.2,-0.6440208
108.25,-0.7233438
108.3,-0.9032562
108.35,-1.394332
108.4,-2.263457
108.45,-2.883709
108.5,-2.931779
108.55,-2.801334
108.6,-2.326388
108.65,-1.611021
108.7,-0.6656643
108.75,0.2591211
108.8,1.367066
108.85,2.045443
108.9,2.982699
108.95,4.814767
109,7.221764
109.05,11.28541
109.1,18.22829
109.15,26.44692
109.2,36.33829
109.25,49.29127
109.3,62.53795
109.35,78.12526
109.4,99.25844
109.45,123.1871
109.5,143.9769
109.55,165.7881
109.6,186.3534
109.65,202.423
109.7,214.1633
109.75,222.0193
109.8,226.4
109.85,223.2717
109.9,225.8665
109.95,224.502
110,224.7119
110.05,221.831
110.1,218.9856
110.15,208.0542
110.2,190.5304
110.25,171.5827
110.3,154.8151
110.35,136.985
110.4,124.478
110.45,111.366
110.5,101.1778
110.55,88.07077
110.6,74.26674
110.65,62.73613
110.7,51.80002
110.75,42.68087
110.8,34.48314
110.85,28.56453
110.9,26.12326
110.95,23.87762
111,22.06157
111.05,20.11696
111.1,17.38354
111.15,14.22265
111.2,10.65606
111.25,8.56237
111.3,7.512727
111.35,5.975336
111.4,4.704356
111.45,3.739443
111.5,2.843813
111.55,2.001568
111.6,1.668061
111.65,2.267707
111.7,2.241431
111.75,1.665295
111.8,1.801849
111.85,2.080621
111.9,2.123439
111.95,2.970272
112,5.096035
112.05,7.833694
112.1,11.95843
112.15,17.85285
112.2,24.69999
112.25,33.38582
112.3,44.17415
112.35,57.90005
112.4,74.12924
112.45,94.2765
112.5,117.7732
112.55,144.669
112.6,168.4621
112.65,183.6541
112.7,196.6416
112.75,207.8602
112.8,219.4126
112.85,232.0284
112.9,242.2841
112.95,256.061
113,260.5229
113.05,256.2588
113.1,248.4017
113.15,231.1632
113.2,209.8857
113.25,187.7728
113.3,169.0637
113.35,153.0656
113.4,135.0857
113.45,117.0809
113.5,99.91909
113.55,86.15938
113.6,75.27113
113.65,66.19625
113.7,59.23746
113.75,48.57473
113.8,38.20076
113.85,29.557
113.9,24.71309
113.95,21.9651
114,18.20292
114.05,15.65621
114.1,13.61
114.15,11.28069
114.2,10.48484
114.25,10.33737
114.3,10.07393
114.35,8.998032
114.4,7.150936
114.45,6.026833
114.5,4.719064
114.55,3.409292
114.6,2.717248
114.65,2.707545
114.7,3.195772
114.75,3.527931
114.8,3.466141
114.85,3.266076
114.9,2.939511
114.95,2.724609
115,3.221099
115.05,3.560098
115.1,2.922152
115.15,1.647476
115.2,0.4078588
115.25,3.746608E-02
115.3,0.4440665
115.35,1.527364
115.4,2.765696
115.45,3.651556
115.5,3.510301
115.55,2.623959
115.6,1.293207
115.65,0.5386735
115.7,-0.3225606
115.75,-0.4042681
115.8,-5.156481E-02
115.85,0.4048458
115.9,0.6052362
115.95,0.6837525
116,0.5403876
116.05,0.4208056
116.1,-0.4723929
116.15,-1.713198
116.2,-3.061802
116.25,-3.975947
116.3,-4.195541
116.35,-3.969141
116.4,-3.528275
116.45,-2.787156
116.5,-3.176743
116.55,-4.099735
116.6,-4.920328
116.65,-5.482071
116.7,-5.826519
116.75,-5.892955
116.8,-5.803832
116.85,-5.732461
116.9,-6.064794
116.95,-6.348396
117,-6.400759
117.05,-6.165895
117.1,-5.944376
117.15,-5.752829
117.2,-5.460716
117.25,-5.408753
117.3,-5.549015
117.35,-5.780521
117.4,-5.929615
117.45,-6.125955
117.5,-6.052124
117.55,-5.810073
117.6,-5.648405
117.65,-5.911956
117.7,-6.257481
117.75,-6.617146
117.8,-6.898056
117.85,-6.981466
117.9,-6.688969
117.95,-6.246042
118,-5.990168
118.05,-5.890564
118.1,-5.900517
118.15,-6.062714
118.2,-6.433612
118.25,-6.866051
118.3,-7.095224
118.35,-7.142049
118.4,-7.050447
118.45,-6.639247
118.5,-6.192323
118.55,-6.120206
118.6,-6.330551
118.65,-6.704588
118.7,-6.934024
118.75,-7.037667
118.8,-6.920577
118.85,-6.339008
118.9,-5.863532
118.95,-5.931971
119,-6.007451
119.05,-6.025609
119.1,-6.232135
119.15,-6.407362
119.2,-6.299767
119.25,-6.15346
119.3,-6.34404
119.35,-6.496644
119.4,-6.460184
119.45,-6.62505
119.5,-6.877403
119.55,-6.791385
119.6,-6.685964
119.65,-6.768939
119.7,-6.64338
119.75,-6.639215
119.8,-6.499323
119.85,-6.386497
119.9,-6.279693
119.95,-6.455613
120,-6.534821
120.05,-6.341366
120.1,-6.246424
120.15,-6.395924
120.2,-6.504312
120.25,-6.700242
120.3,-6.933135
120.35,-6.973494
120.4,-6.638652
120.45,-6.109035
120.5,-5.794605
120.55,-5.881449
120.6,-6.276556
120.65,-6.700368
120.7,-7.173613
120.75,-7.373934
120.8,-7.418623
120.85,-7.289401
120.9,-7.037071
120.95,-6.950306
121,-6.931186
121.05,-6.95927
121.1,-7.032263
121.15,-7.164938
121.2,-7.200128
121.25,-7.131829
121.3,-6.888403
121.35,-6.794623
121.4,-6.799929
121.45,-6.722211
121.5,-6.682818
121.55,-6.694971
121.6,-6.659316
121.65,-6.596969
121.7,-6.536456
121.75,-6.570679
121.8,-6.592409
121.85,-6.517624
121.9,-6.523693
121.95,-6.537516
122,-6.491325
122.05,-6.448362
122.1,-6.370794
122.15,-6.206542
122.2,-6.029826
122.25,-6.111305
122.3,-6.405394
122.35,-6.799629
122.4,-6.973259
122.45,-6.832518
122.5,-6.706733
122.55,-6.552189
122.6,-6.602191
122.65,-6.889632
122.7,-7.118225
122.75,-7.347769
122.8,-7.34785
122.85,-7.160113
122.9,-7.113605
122.95,-6.970786
123,-6.958625
123.05,-6.891778
123.1,-6.840035
123.15,-6.868713
123.2,-6.76082
123.25,-6.715207
123.3,-6.919221
123.35,-6.939352
123.4,-6.962801
123.45,-7.014713
123.5,-7.050369
123.55,-6.94382
123.6,-6.844046
123.65,-6.896654
123.7,-6.993905
123.75,-6.994179
123.8,-7.12013
123.85,-7.246379
123.9,-7.324289
123.95,-7.065227
124,-6.795017
124.05,-6.52394
124.1,-6.453108
124.15,-6.493259
124.2,-6.684937
124.25,-6.933955
124.3,-7.178478
124.35,-7.216368
124.4,-7.252425
124.45,-7.228002
124.5,-7.056251
124.55,-6.882858
124.6,-6.855739
124.65,-6.96431
124.7,-7.067991
124.75,-7.162491
124.8,-7.242341
124.85,-7.234723
124.9,-7.149475
124.95,-7.166298
125,-7.19541
125.05,-7.210713
125.1,-7.17924
125.15,-7.120229
125.2,-7.121614
125.25,-7.138878
125.3,-7.195432
125.35,-7.32481
125.4,-7.430501
125.45,-7.49629
125.5,-7.49959
125.55,-7.424973
125.6,-7.410098
125.65,-7.441193
125.7,-7.473485
125.75,-7.464868
125.8,-7.426033
125.85,-7.390065
125.9,-7.274052
125.95,-7.110886
126,-7.056719
126.05,-7.136621
126.1,-7.304855
126.15,-7.490664
126.2,-7.668054
126.25,-7.759262
126.3,-7.749351
126.35,-7.570045
126.4,-7.409859
126.45,-7.356519
126.5,-7.373433
126.55,-7.390915
126.6,-7.476048
126.65,-7.552608
126.7,-7.563823
126.75,-7.523242
126.8,-7.548785
126.85,-7.569094
126.9,-7.537749
126.95,-7.524902
127,-7.535309
127.05,-7.3954
127.1,-7.238119
127.15,-7.049604
127.2,-6.963221
127.25,-7.109265
127.3,-7.33751
127.35,-7.388852
127.4,-7.473905
127.45,-7.532138
127.5,-7.547501
127.55,-7.579091
127.6,-7.660534
127.65,-7.548082
127.7,-7.424794
127.75,-7.363143
127.8,-7.480997
127.85,-7.63267
127.9,-7.82267
127.95,-7.919746
128,-7.836586
128.05,-7.750184
128.1,-7.897843
128.15,-7.961699
128.2,-7.988277
128.25,-7.942183
128.3,-7.722309
128.35,-7.513967
128.4,-7.449479
128.45,-7.539776
128.5,-7.628243
128.55,-7.701784
128.6,-7.801957
128.65,-7.821405
128.7,-7.789077
128.75,-7.804924
128.8,-7.770129
128.85,-7.630667
128.9,-7.528825
128.95,-7.600236
129,-7.758482
129.05,-7.883336
129.1,-8.036204
129.15,-8.104287
129.2,-8.047871
129.25,-7.957596
129.3,-7.770481
129.35,-7.621785
129.4,-7.518279
129.45,-7.500206
129.5,-7.598831
129.55,-7.77598
129.6,-7.897031
129.65,-7.9821
129.7,-7.912031
129.75,-7.833571
129.8,-7.805308
129.85,-7.838499
129.9,-7.90424
129.95,-7.933295
130,-7.936026
130.05,-7.915595
130.1,-7.869196
130.15,-7.84983
130.2,-7.767706
130.25,-7.70143
130.3,-7.673433
130.35,-7.690245
130.4,-7.756095
130.45,-7.770077
130.5,-7.824112
130.55,-7.894032
130.6,-7.831149
130.65,-7.843215
130.7,-7.859494
130.75,-7.960021
130.8,-7.898596
130.85,-7.854515
130.9,-7.861802
130.95,-7.856647
131,-7.915017
131.05,-7.846437
131.1,-7.830945
131.15,-7.812752
131.2,-7.877861
131.25,-7.905016
131.3,-7.922966
131.35,-7.999231
131.4,-8.073416
131.45,-8.040386
131.5,-8.110182
131.55,-8.149464
131.6,-8.100498
131.65,-7.970017
131.7,-7.900532
131.75,-7.861361
131.8,-7.84931
131.85,-7.890104
131.9,-7.953596
131.95,-7.913918
132,-7.890483
132.05,-7.878727
132.1,-7.788619
132.15,-7.716734
132.2,-7.736343
132.25,-7.865295
132.3,-8.010491
132.35,-8.099874
132.4,-8.202513
132.45,-8.242766
132.5,-8.173693
132.55,-8.109978
132.6,-8.077783
132.65,-8.082423
132.7,-8.058445
132.75,-8.017149
132.8,-8.050091
132.85,-8.069082
132.9,-8.064642
132.95,-8.015152
133,-7.987548
133.05,-8.080338
133.1,-8.21545
133.15,-8.313712
133.2,-8.395025
133.25,-8.349966
133.3,-8.265906
133.35,-8.227242
133.4,-8.22694
133.45,-8.348834
133.5,-8.360875
133.55,-8.372399
133.6,-8.340272
133.65,-8.27588
133.7,-8.236479
133.75,-8.269576
133.8,-8.300168
133.85,-8.436763
133.9,-8.41599
133.95,-8.485119
134,-8.373123
134.05,-8.374598
134.1,-8.303335
134.15,-8.271144
134.2,-8.306131
134.25,-8.329052
134.3,-8.262311
134.35,-8.232666
134.4,-8.141068
134.45,-8.151859
134.5,-8.167798
134.55,-8.186332
134.6,-8.219353
134.65,-8.220022
134.7,-8.188897
134.75,-8.120996
134.8,-8.097166
134.85,-8.153104
134.9,-8.218293
134.95,-8.302022
135,-8.397825
135.05,-8.453375
135.1,-8.377889
135.15,-8.353686
135.2,-8.333463
135.25,-8.202559
135.3,-8.02492
135.35,-8.027251
135.4,-8.129418
135.45,-8.196004
135.5,-8.271852
135.55,-8.395875
135.6,-8.467322
135.65,-8.394915
135.7,-8.367747
135.75,-8.443962
135.8,-8.449154
135.85,-8.364315
135.9,-8.271741
135.95,-8.191963
136,-8.134676
136.05,-8.113911
136.1,-8.177345
136.15,-8.318057
136.2,-8.366675
136.25,-8.388881
136.3,-8.405569
136.35,-8.421263
136.4,-8.427678
136.45,-8.400135
136.5,-8.38799
136.55,-8.421007
136.6,-8.420207
136.65,-8.467333
136.7,-8.463741
136.75,-8.411885
136.8,-8.325354
136.85,-8.250923
136.9,-8.284958
136.95,-8.316874
137,-8.348091
137.05,-8.269246
137.1,-8.170307
137.15,-8.237125
137.2,-8.311804
137.25,-8.366298
137.3,-8.430044
137.35,-8.346041
137.4,-8.256972
137.45,-8.113711
137.5,-8.111755
137.55,-8.2585
137.6,-8.29698
137.65,-8.382259
137.7,-8.397584
137.75,-8.3999
137.8,-8.380312
137.85,-8.388009
137.9,-8.332194
137.95,-8.352342
138,-8.371361
 
Alignment,On
