Data File Name,Nexterajlc_High Sensitivity DNA Assay_DE24802700_2017-11-14_10-57-20.xad,,
Data File Path,C:\Users\jlchiniquy\Desktop\20171205_Nextera_library_size_to_loading_concentration_tool\JLChiniquy,,
Date Created,"Tuesday, November 14, 2017 6:57:20 PM",,
Date Last Modified,"Tuesday, December 05, 2017 9:51:38 PM",,
Version Created,B.02.07.SI532,,
Version Last Modified,B.02.08.SI648,,
 ,,,
Assay Name,High Sensitivity DNA,,
Assay Path,C:\Program Files\Agilent\2100 bioanalyzer\2100 expert\assays\dsDNA,,
Assay Title,High Sensitivity DNA Assay,,
Assay Version,1,,
 ,,,
Number of Samples Run,11,,
 ,,,
Sample Name,sample 1,,
Number of Events,2121,,
 ,,,
Time,Value,Library Loading Concentration (pM),Cluster Density (K/mm^2)
32,0.113205,8.75,1613
32.05,0.113205,,
32.1,0.113205,,
32.15,0.113205,,
32.2,0.113205,,
32.25,0.113205,,
32.3,0.113205,,
32.35,0.113205,,
32.4,0.113205,,
32.45,0.113205,,
32.5,0.113205,,
32.55,0.113205,,
32.6,0.113205,,
32.65,0.113205,,
32.7,0.113205,,
32.75,0.113205,,
32.8,0.113205,,
32.85,0.113205,,
32.9,0.113205,,
32.95,0.113205,,
33,0.113205,,
33.05,0.113205,,
33.1,0.113205,,
33.15,0.113205,,
33.2,0.113205,,
33.25,0.113205,,
33.3,0.113205,,
33.35,0.1431251,,
33.4,0.148579,,
33.45,0.1056122,,
33.5,3.67E-02,,
33.55,-1.65E-02,,
33.6,-4.01E-02,,
33.65,-4.33E-02,,
33.7,0.0239194,,
33.75,2.34E-02,,
33.8,-3.32E-02,,
33.85,-8.51E-02,,
33.9,-0.141097,,
33.95,-0.1566916,,
34,-0.1221235,,
34.05,-0.0599182,,
34.1,2.17E-02,,
34.15,9.41E-02,,
34.2,0.1075147,,
34.25,6.93E-02,,
34.3,2.21E-02,,
34.35,-2.60E-02,,
34.4,-4.56E-02,,
34.45,-7.34E-02,,
34.5,-0.165318,,
34.55,-0.1946404,,
34.6,-0.1346205,,
34.65,-0.149708,,
34.7,-0.1386085,,
34.75,-0.1440427,,
34.8,-0.112182,,
34.85,-0.1333157,,
34.9,-0.1872846,,
34.95,-0.1679527,,
35,-9.80E-02,,
35.05,-7.69E-02,,
35.1,-0.1383612,,
35.15,-0.247412,,
35.2,-0.3828498,,
35.25,-0.4169106,,
35.3,-0.4165848,,
35.35,-0.2431013,,
35.4,-0.1072482,,
35.45,-4.09E-02,,
35.5,-3.29E-02,,
35.55,-0.1053315,,
35.6,-0.2033748,,
35.65,-0.2496603,,
35.7,-0.2282966,,
35.75,-0.1746138,,
35.8,-0.1434184,,
35.85,-0.1003148,,
35.9,-9.57E-02,,
35.95,-0.1268412,,
36,-0.2065917,,
36.05,-0.2299116,,
36.1,-3.02E-02,,
36.15,0.3358878,,
36.2,0.7185319,,
36.25,0.9732177,,
36.3,0.953061,,
36.35,0.6564967,,
36.4,0.2454743,,
36.45,-0.10347,,
36.5,-0.2761898,,
36.55,-0.2909711,,
36.6,-0.2022925,,
36.65,-0.1262723,,
36.7,-0.1171831,,
36.75,-0.1526301,,
36.8,-9.34E-02,,
36.85,0.0278033,,
36.9,0.102098,,
36.95,0.1092941,,
37,9.47E-02,,
37.05,3.64E-02,,
37.1,-7.77E-02,,
37.15,-0.1902682,,
37.2,-0.3028372,,
37.25,-0.3793405,,
37.3,-0.3715339,,
37.35,-0.3421689,,
37.4,-0.2872496,,
37.45,-0.2169552,,
37.5,-0.1166255,,
37.55,-6.63E-02,,
37.6,-0.1018151,,
37.65,-0.1376206,,
37.7,-0.1567212,,
37.75,-0.1765188,,
37.8,-0.1978467,,
37.85,-0.2059867,,
37.9,-0.1592986,,
37.95,-0.1012423,,
38,-0.1651073,,
38.05,-0.2100643,,
38.1,-0.2255479,,
38.15,-0.2397216,,
38.2,-0.2599489,,
38.25,-0.3339487,,
38.3,-0.3427735,,
38.35,-0.3410046,,
38.4,-0.3781123,,
38.45,-0.3854908,,
38.5,-0.3395106,,
38.55,-0.2967255,,
38.6,-0.2403445,,
38.65,-0.1565803,,
38.7,-9.89E-02,,
38.75,-0.0648205,,
38.8,-7.42E-02,,
38.85,-3.62E-02,,
38.9,-1.15E-02,,
38.95,4.80E-03,,
39,2.00E-02,,
39.05,3.02E-02,,
39.1,-1.24E-02,,
39.15,-8.49E-02,,
39.2,-0.1281801,,
39.25,-0.1516584,,
39.3,-0.2056108,,
39.35,-0.2925167,,
39.4,-0.3082667,,
39.45,-0.2473787,,
39.5,-0.1776598,,
39.55,-0.1037906,,
39.6,-2.24E-02,,
39.65,3.64E-02,,
39.7,9.01E-03,,
39.75,-3.10E-02,,
39.8,-4.76E-03,,
39.85,0.0397864,,
39.9,-1.89E-02,,
39.95,-0.1771565,,
40,-0.3163045,,
40.05,-0.4446086,,
40.1,-0.499673,,
40.15,-0.511292,,
40.2,-0.3611951,,
40.25,-0.2788855,,
40.3,-0.3529621,,
40.35,-0.4091538,,
40.4,-0.4439811,,
40.45,-0.4600808,,
40.5,-0.4131029,,
40.55,-0.3590885,,
40.6,-0.3167005,,
40.65,-0.244248,,
40.7,-0.1745555,,
40.75,-0.1056419,,
40.8,-0.0223103,,
40.85,-4.93E-02,,
40.9,-2.33E-02,,
40.95,-7.79E-02,,
41,-0.1619356,,
41.05,-0.1450377,,
41.1,-8.16E-02,,
41.15,-0.0595716,,
41.2,-8.67E-02,,
41.25,-0.1265717,,
41.3,-0.1388096,,
41.35,-0.1400017,,
41.4,-0.1697247,,
41.45,-0.1802855,,
41.5,-0.1822632,,
41.55,-0.172484,,
41.6,-0.1070046,,
41.65,-0.0056487,,
41.7,8.90E-02,,
41.75,0.1371869,,
41.8,0.1393316,,
41.85,9.46E-02,,
41.9,2.70E-02,,
41.95,-4.24E-02,,
42,-0.1206669,,
42.05,-0.1713105,,
42.1,-0.1210937,,
42.15,2.16E-02,,
42.2,0.2145852,,
42.25,0.306143,,
42.3,0.3756258,,
42.35,0.4306002,,
42.4,0.6443585,,
42.45,1.421396,,
42.5,3.291955,,
42.55,7.039066,,
42.6,13.78825,,
42.65,24.71153,,
42.7,40.36298,,
42.75,60.40721,,
42.8,83.59622,,
42.85,107.4548,,
42.9,128.2431,,
42.95,142.3229,,
43,146.2649,,
43.05,138.5165,,
43.1,121.2914,,
43.15,98.11073,,
43.2,73.40675,,
43.25,50.91962,,
43.3,32.92093,,
43.35,20.1129,,
43.4,11.88629,,
43.45,7.154855,,
43.5,4.750102,,
43.55,3.445545,,
43.6,2.725941,,
43.65,2.289529,,
43.7,2.061722,,
43.75,1.882993,,
43.8,1.588873,,
43.85,1.327224,,
43.9,1.137752,,
43.95,0.9896586,,
44,0.8930448,,
44.05,0.8324635,,
44.1,0.7851115,,
44.15,0.7222897,,
44.2,0.5950963,,
44.25,0.3902654,,
44.3,0.1904058,,
44.35,0.1121727,,
44.4,0.2129706,,
44.45,0.3152662,,
44.5,0.3988273,,
44.55,0.4152276,,
44.6,0.4059588,,
44.65,0.4128431,,
44.7,0.4162917,,
44.75,0.464595,,
44.8,0.602919,,
44.85,0.7588839,,
44.9,0.9015372,,
44.95,1.116829,,
45,1.345505,,
45.05,1.618736,,
45.1,1.781797,,
45.15,1.777004,,
45.2,1.666119,,
45.25,1.497679,,
45.3,1.260872,,
45.35,1.160248,,
45.4,1.204878,,
45.45,1.339445,,
45.5,1.522852,,
45.55,1.732534,,
45.6,1.904366,,
45.65,1.946903,,
45.7,1.883348,,
45.75,1.797137,,
45.8,1.845012,,
45.85,1.868677,,
45.9,1.809829,,
45.95,1.779201,,
46,1.713083,,
46.05,1.5936,,
46.1,1.43836,,
46.15,1.272167,,
46.2,1.155647,,
46.25,1.050771,,
46.3,0.9282866,,
46.35,0.8783925,,
46.4,0.865756,,
46.45,0.7962856,,
46.5,0.6247905,,
46.55,0.369268,,
46.6,0.1940094,,
46.65,3.54E-02,,
46.7,-3.03E-02,,
46.75,-4.01E-02,,
46.8,-6.15E-02,,
46.85,-9.48E-02,,
46.9,-0.1713528,,
46.95,-0.2505146,,
47,-0.2825858,,
47.05,-0.3141335,,
47.1,-0.3118228,,
47.15,-0.1957146,,
47.2,-0.1790567,,
47.25,-9.65E-02,,
47.3,-0.1446034,,
47.35,-0.1910277,,
47.4,-0.2300864,,
47.45,-0.2805552,,
47.5,-0.284651,,
47.55,-0.25144,,
47.6,-0.178482,,
47.65,-7.83E-02,,
47.7,5.70E-03,,
47.75,7.07E-02,,
47.8,0.1311054,,
47.85,0.1079266,,
47.9,5.18E-02,,
47.95,5.18E-02,,
48,0.1253765,,
48.05,0.2814816,,
48.1,0.3609858,,
48.15,0.3662474,,
48.2,0.2352654,,
48.25,9.23E-03,,
48.3,-0.2180759,,
48.35,-0.3484704,,
48.4,-0.3850474,,
48.45,-0.3959114,,
48.5,-0.3828882,,
48.55,-0.3977957,,
48.6,-0.4368265,,
48.65,-0.4863871,,
48.7,-0.5121383,,
48.75,-0.5237185,,
48.8,-0.4754774,,
48.85,-0.4559424,,
48.9,-0.4592171,,
48.95,-0.4901375,,
49,-0.4838423,,
49.05,-0.4761022,,
49.1,-0.5116567,,
49.15,-0.5769786,,
49.2,-0.6815754,,
49.25,-0.7284908,,
49.3,-0.8088447,,
49.35,-0.8434263,,
49.4,-0.7583957,,
49.45,-0.6418189,,
49.5,-0.7075866,,
49.55,-0.8421398,,
49.6,-0.9812977,,
49.65,-1.036806,,
49.7,-1.034459,,
49.75,-1.010205,,
49.8,-0.9412424,,
49.85,-0.8597293,,
49.9,-0.863853,,
49.95,-0.9214794,,
50,-0.9491705,,
50.05,-0.9810487,,
50.1,-0.9863801,,
50.15,-0.9573942,,
50.2,-0.9908495,,
50.25,-0.9915528,,
50.3,-0.9485516,,
50.35,-0.8553793,,
50.4,-0.7772265,,
50.45,-0.7591487,,
50.5,-0.7965102,,
50.55,-0.8739394,,
50.6,-0.9650778,,
50.65,-1.020599,,
50.7,-1.006464,,
50.75,-0.9751666,,
50.8,-0.9540538,,
50.85,-0.9954655,,
50.9,-0.9945419,,
50.95,-0.9715779,,
51,-0.8859907,,
51.05,-0.7827801,,
51.1,-0.7278354,,
51.15,-0.7725407,,
51.2,-0.8690557,,
51.25,-0.9563551,,
51.3,-1.006766,,
51.35,-0.928481,,
51.4,-0.8342318,,
51.45,-0.7003126,,
51.5,-0.5477057,,
51.55,-0.5685559,,
51.6,-0.6913496,,
51.65,-0.7649628,,
51.7,-0.8425936,,
51.75,-0.911438,,
51.8,-1.017942,,
51.85,-1.094697,,
51.9,-1.144547,,
51.95,-1.24928,,
52,-1.367639,,
52.05,-1.411608,,
52.1,-1.338659,,
52.15,-1.150364,,
52.2,-1.040504,,
52.25,-0.9448865,,
52.3,-0.9368995,,
52.35,-1.012706,,
52.4,-1.038651,,
52.45,-1.061731,,
52.5,-1.045971,,
52.55,-1.006083,,
52.6,-0.9766105,,
52.65,-0.9627622,,
52.7,-0.9667425,,
52.75,-0.98093,,
52.8,-1.020135,,
52.85,-1.087887,,
52.9,-1.216204,,
52.95,-1.228222,,
53,-1.126458,,
53.05,-0.9257788,,
53.1,-0.806658,,
53.15,-0.7157899,,
53.2,-0.6932007,,
53.25,-0.7224331,,
53.3,-0.7893617,,
53.35,-0.863148,,
53.4,-0.8771873,,
53.45,-0.8681713,,
53.5,-0.9101385,,
53.55,-0.9812799,,
53.6,-1.051123,,
53.65,-1.106827,,
53.7,-1.150694,,
53.75,-1.210633,,
53.8,-1.224702,,
53.85,-1.210022,,
53.9,-1.208332,,
53.95,-1.217395,,
54,-1.246007,,
54.05,-1.315313,,
54.1,-1.380431,,
54.15,-1.366612,,
54.2,-1.305236,,
54.25,-1.196107,,
54.3,-1.136655,,
54.35,-1.160193,,
54.4,-1.190799,,
54.45,-1.201693,,
54.5,-1.199338,,
54.55,-1.155371,,
54.6,-1.174256,,
54.65,-1.169504,,
54.7,-1.11152,,
54.75,-1.070315,,
54.8,-1.036963,,
54.85,-0.9456021,,
54.9,-0.8031968,,
54.95,-0.7431964,,
55,-0.7334499,,
55.05,-0.8299106,,
55.1,-0.8969904,,
55.15,-1.021027,,
55.2,-1.209068,,
55.25,-1.288137,,
55.3,-1.275594,,
55.35,-1.236411,,
55.4,-1.157493,,
55.45,-1.041261,,
55.5,-0.9304539,,
55.55,-0.8217886,,
55.6,-0.7374338,,
55.65,-0.8183317,,
55.7,-0.9248144,,
55.75,-1.102619,,
55.8,-1.133241,,
55.85,-1.047706,,
55.9,-0.8944307,,
55.95,-0.7646279,,
56,-0.7110596,,
56.05,-0.7535563,,
56.1,-0.8412349,,
56.15,-0.8487326,,
56.2,-0.7259732,,
56.25,-0.5780671,,
56.3,-0.5090947,,
56.35,-0.5700468,,
56.4,-0.7842468,,
56.45,-1.086256,,
56.5,-1.250921,,
56.55,-1.310361,,
56.6,-1.310409,,
56.65,-1.340059,,
56.7,-1.330988,,
56.75,-1.323098,,
56.8,-1.370639,,
56.85,-1.417287,,
56.9,-1.397539,,
56.95,-1.337122,,
57,-1.261807,,
57.05,-1.165125,,
57.1,-1.115462,,
57.15,-1.070156,,
57.2,-1.205738,,
57.25,-1.255294,,
57.3,-1.215042,,
57.35,-1.189097,,
57.4,-1.135206,,
57.45,-1.099325,,
57.5,-1.131475,,
57.55,-1.168797,,
57.6,-1.166901,,
57.65,-1.16008,,
57.7,-1.136875,,
57.75,-1.137671,,
57.8,-1.191828,,
57.85,-1.235389,,
57.9,-1.227043,,
57.95,-1.16884,,
58,-1.127327,,
58.05,-1.071146,,
58.1,-0.9776837,,
58.15,-0.8155457,,
58.2,-0.6749274,,
58.25,-0.6083602,,
58.3,-0.5949331,,
58.35,-0.6293666,,
58.4,-0.7085913,,
58.45,-0.815173,,
58.5,-0.8011848,,
58.55,-0.7740316,,
58.6,-0.7072427,,
58.65,-0.7521471,,
58.7,-0.797709,,
58.75,-0.8191977,,
58.8,-0.8378807,,
58.85,-0.8348095,,
58.9,-0.8277639,,
58.95,-0.8124061,,
59,-0.7832777,,
59.05,-0.7815901,,
59.1,-0.8013543,,
59.15,-0.7379256,,
59.2,-0.6207194,,
59.25,-0.6246966,,
59.3,-0.5827263,,
59.35,-0.5718182,,
59.4,-0.529406,,
59.45,-0.5870631,,
59.5,-0.6255342,,
59.55,-0.5559214,,
59.6,-0.4441293,,
59.65,-0.3664993,,
59.7,-0.2979554,,
59.75,-0.2426542,,
59.8,-0.2836487,,
59.85,-0.3591295,,
59.9,-0.4208241,,
59.95,-0.4193149,,
60,-0.410268,,
60.05,-0.379621,,
60.1,-0.2837629,,
60.15,-0.154281,,
60.2,-4.43E-02,,
60.25,0.1038298,,
60.3,0.1935887,,
60.35,0.1976761,,
60.4,0.1813209,,
60.45,0.202847,,
60.5,0.2947922,,
60.55,0.4050642,,
60.6,0.5196171,,
60.65,0.6087743,,
60.7,0.5483385,,
60.75,0.3662932,,
60.8,0.2117481,,
60.85,0.1368913,,
60.9,0.1948141,,
60.95,0.3088464,,
61,0.4576682,,
61.05,0.6427619,,
61.1,0.8005421,,
61.15,0.9055256,,
61.2,1.006027,,
61.25,1.076487,,
61.3,1.137902,,
61.35,1.056978,,
61.4,1.182747,,
61.45,1.310494,,
61.5,1.4023,,
61.55,1.429792,,
61.6,1.585804,,
61.65,1.761996,,
61.7,1.940307,,
61.75,2.056984,,
61.8,2.092554,,
61.85,2.038056,,
61.9,1.854808,,
61.95,1.706472,,
62,1.718454,,
62.05,1.727918,,
62.1,1.746012,,
62.15,1.784677,,
62.2,1.780848,,
62.25,1.679037,,
62.3,1.696802,,
62.35,1.797428,,
62.4,1.895989,,
62.45,1.955556,,
62.5,2.105594,,
62.55,2.352127,,
62.6,2.527056,,
62.65,2.67597,,
62.7,2.80304,,
62.75,3.066603,,
62.8,3.187786,,
62.85,3.321651,,
62.9,3.371104,,
62.95,3.439416,,
63,3.475915,,
63.05,3.540235,,
63.1,3.55733,,
63.15,3.572437,,
63.2,3.601903,,
63.25,3.621158,,
63.3,3.62847,,
63.35,3.577451,,
63.4,3.552407,,
63.45,3.585505,,
63.5,3.682849,,
63.55,3.681304,,
63.6,3.822052,,
63.65,3.925034,,
63.7,4.063621,,
63.75,4.175341,,
63.8,4.243321,,
63.85,4.318106,,
63.9,4.406344,,
63.95,4.508634,,
64,4.659038,,
64.05,4.844917,,
64.1,5.021702,,
64.15,5.175356,,
64.2,5.136833,,
64.25,5.192628,,
64.3,5.243701,,
64.35,5.345072,,
64.4,5.591891,,
64.45,5.769022,,
64.5,5.95199,,
64.55,6.107281,,
64.6,6.193256,,
64.65,6.261158,,
64.7,6.310575,,
64.75,6.28104,,
64.8,6.252399,,
64.85,6.414979,,
64.9,6.642047,,
64.95,6.968162,,
65,7.105556,,
65.05,7.141642,,
65.1,7.167502,,
65.15,7.257058,,
65.2,7.194951,,
65.25,7.106965,,
65.3,7.178322,,
65.35,7.303127,,
65.4,7.371537,,
65.45,7.515939,,
65.5,7.807264,,
65.55,8.258446,,
65.6,8.477639,,
65.65,8.569832,,
65.7,8.811341,,
65.75,9.153864,,
65.8,9.500532,,
65.85,9.807654,,
65.9,9.982262,,
65.95,9.920636,,
66,9.68361,,
66.05,9.410888,,
66.1,9.209186,,
66.15,9.184235,,
66.2,9.357563,,
66.25,9.479291,,
66.3,9.474675,,
66.35,9.483168,,
66.4,9.533744,,
66.45,9.73372,,
66.5,9.838309,,
66.55,10.05055,,
66.6,10.17751,,
66.65,10.11978,,
66.7,10.06088,,
66.75,10.15464,,
66.8,10.40446,,
66.85,10.75424,,
66.9,11.0614,,
66.95,11.20262,,
67,11.17224,,
67.05,10.94442,,
67.1,10.81089,,
67.15,11.03033,,
67.2,11.28035,,
67.25,11.48851,,
67.3,11.80743,,
67.35,12.27432,,
67.4,12.69772,,
67.45,13.03284,,
67.5,13.32516,,
67.55,13.54318,,
67.6,13.6874,,
67.65,13.59331,,
67.7,13.71528,,
67.75,13.87762,,
67.8,13.83489,,
67.85,13.74969,,
67.9,13.84429,,
67.95,13.8013,,
68,13.61584,,
68.05,13.58412,,
68.1,13.62375,,
68.15,13.58912,,
68.2,13.55103,,
68.25,13.53875,,
68.3,13.51886,,
68.35,13.61756,,
68.4,13.46799,,
68.45,13.49289,,
68.5,13.85082,,
68.55,13.97143,,
68.6,14.34758,,
68.65,14.71347,,
68.7,15.09211,,
68.75,15.48354,,
68.8,15.57439,,
68.85,15.4278,,
68.9,15.32195,,
68.95,15.30233,,
69,15.48354,,
69.05,16.01856,,
69.1,16.48359,,
69.15,16.8715,,
69.2,17.08727,,
69.25,16.99933,,
69.3,16.99182,,
69.35,16.88177,,
69.4,16.72421,,
69.45,16.72568,,
69.5,16.82073,,
69.55,16.9802,,
69.6,17.16392,,
69.65,17.26732,,
69.7,17.39925,,
69.75,17.67889,,
69.8,17.83398,,
69.85,17.97459,,
69.9,18.01373,,
69.95,17.97712,,
70,17.76567,,
70.05,17.66472,,
70.1,17.88326,,
70.15,18.31092,,
70.2,18.72975,,
70.25,19.1247,,
70.3,19.49719,,
70.35,19.72477,,
70.4,19.83437,,
70.45,20.03724,,
70.5,20.19019,,
70.55,20.18497,,
70.6,20.17648,,
70.65,20.18776,,
70.7,20.48603,,
70.75,20.58554,,
70.8,20.70279,,
70.85,20.93728,,
70.9,21.10309,,
70.95,21.29818,,
71,21.50743,,
71.05,21.67971,,
71.1,22.03377,,
71.15,22.42031,,
71.2,22.74442,,
71.25,23.12175,,
71.3,23.19433,,
71.35,23.1295,,
71.4,23.37028,,
71.45,23.51713,,
71.5,23.58487,,
71.55,23.56461,,
71.6,23.73977,,
71.65,24.10776,,
71.7,24.46591,,
71.75,24.66579,,
71.8,24.6773,,
71.85,24.65921,,
71.9,24.61851,,
71.95,24.76959,,
72,25.41656,,
72.05,25.95975,,
72.1,26.15609,,
72.15,26.37579,,
72.2,26.46176,,
72.25,26.67876,,
72.3,26.82255,,
72.35,26.91227,,
72.4,26.94817,,
72.45,26.72927,,
72.5,26.38911,,
72.55,26.41833,,
72.6,26.84229,,
72.65,27.0836,,
72.7,27.10134,,
72.75,27.14055,,
72.8,27.0992,,
72.85,27.16938,,
72.9,27.24751,,
72.95,27.54761,,
73,28.05412,,
73.05,28.59834,,
73.1,28.9804,,
73.15,29.23738,,
73.2,29.39088,,
73.25,29.17879,,
73.3,28.9032,,
73.35,28.53265,,
73.4,28.52101,,
73.45,28.9321,,
73.5,29.17731,,
73.55,29.12728,,
73.6,29.12264,,
73.65,29.17663,,
73.7,29.31201,,
73.75,29.61746,,
73.8,30.2761,,
73.85,30.99997,,
73.9,31.22524,,
73.95,31.06824,,
74,30.9051,,
74.05,30.69934,,
74.1,30.46133,,
74.15,30.46227,,
74.2,30.6845,,
74.25,31.31928,,
74.3,32.00467,,
74.35,32.41299,,
74.4,32.63887,,
74.45,32.80607,,
74.5,32.91185,,
74.55,32.94526,,
74.6,32.98301,,
74.65,33.1149,,
74.7,33.30642,,
74.75,33.44004,,
74.8,33.32281,,
74.85,33.56393,,
74.9,33.91552,,
74.95,34.05901,,
75,33.77818,,
75.05,33.62689,,
75.1,33.59429,,
75.15,33.94737,,
75.2,34.70245,,
75.25,35.71836,,
75.3,36.62041,,
75.35,36.82673,,
75.4,36.63022,,
75.45,36.23347,,
75.5,36.34246,,
75.55,36.73064,,
75.6,36.62792,,
75.65,36.48349,,
75.7,36.56501,,
75.75,36.56255,,
75.8,36.86011,,
75.85,37.2211,,
75.9,37.40635,,
75.95,37.50714,,
76,37.67802,,
76.05,37.96187,,
76.1,38.13615,,
76.15,37.98045,,
76.2,38.17567,,
76.25,38.13181,,
76.3,38.24084,,
76.35,38.96264,,
76.4,40.37619,,
76.45,41.35089,,
76.5,41.47271,,
76.55,41.48624,,
76.6,41.45692,,
76.65,41.06997,,
76.7,40.57706,,
76.75,40.48236,,
76.8,40.79476,,
76.85,40.90546,,
76.9,41.14707,,
76.95,41.84152,,
77,42.24775,,
77.05,42.45111,,
77.1,42.49668,,
77.15,42.54022,,
77.2,42.71843,,
77.25,42.62898,,
77.3,42.75051,,
77.35,43.27801,,
77.4,43.7611,,
77.45,44.1244,,
77.5,44.42039,,
77.55,44.46878,,
77.6,44.59093,,
77.65,44.79382,,
77.7,44.45083,,
77.75,44.66857,,
77.8,44.6219,,
77.85,44.73548,,
77.9,44.74289,,
77.95,44.87445,,
78,45.01593,,
78.05,45.28203,,
78.1,45.73782,,
78.15,46.15592,,
78.2,46.69273,,
78.25,47.03393,,
78.3,47.20098,,
78.35,46.72581,,
78.4,46.60169,,
78.45,46.72971,,
78.5,47.23051,,
78.55,47.26958,,
78.6,47.23755,,
78.65,47.16344,,
78.7,47.02941,,
78.75,47.0386,,
78.8,47.50666,,
78.85,48.30085,,
78.9,48.81324,,
78.95,49.07148,,
79,48.90645,,
79.05,49.06196,,
79.1,49.46734,,
79.15,49.5647,,
79.2,49.88767,,
79.25,50.47266,,
79.3,51.27835,,
79.35,52.104,,
79.4,52.65398,,
79.45,52.99574,,
79.5,53.29256,,
79.55,53.51214,,
79.6,53.68,,
79.65,53.94175,,
79.7,54.52763,,
79.75,55.09469,,
79.8,54.82164,,
79.85,54.64807,,
79.9,54.67357,,
79.95,54.71148,,
80,54.63176,,
80.05,54.61189,,
80.1,54.94714,,
80.15,55.32082,,
80.2,55.47823,,
80.25,55.63982,,
80.3,55.95792,,
80.35,56.45621,,
80.4,56.7893,,
80.45,57.22255,,
80.5,57.73664,,
80.55,57.60538,,
80.6,57.27158,,
80.65,56.79754,,
80.7,56.72766,,
80.75,56.95675,,
80.8,57.36512,,
80.85,57.82401,,
80.9,58.2251,,
80.95,58.38253,,
81,58.28806,,
81.05,58.57942,,
81.1,59.23501,,
81.15,60.00459,,
81.2,60.79701,,
81.25,61.36771,,
81.3,61.3669,,
81.35,61.07693,,
81.4,60.56259,,
81.45,60.28491,,
81.5,60.38468,,
81.55,60.67664,,
81.6,61.04351,,
81.65,61.44856,,
81.7,61.8828,,
81.75,62.45426,,
81.8,63.00458,,
81.85,63.66618,,
81.9,64.49237,,
81.95,65.07771,,
82,65.44399,,
82.05,66.00033,,
82.1,66.58248,,
82.15,66.96983,,
82.2,67.36388,,
82.25,67.84251,,
82.3,68.22185,,
82.35,68.5787,,
82.4,69.08116,,
82.45,69.42877,,
82.5,69.6926,,
82.55,69.85618,,
82.6,70.19747,,
82.65,71.13328,,
82.7,71.6136,,
82.75,72.07156,,
82.8,72.3537,,
82.85,72.54971,,
82.9,72.99254,,
82.95,73.35394,,
83,73.44495,,
83.05,73.54554,,
83.1,73.79906,,
83.15,74.21157,,
83.2,74.89284,,
83.25,75.28157,,
83.3,75.26936,,
83.35,75.12459,,
83.4,74.15807,,
83.45,73.3845,,
83.5,73.35063,,
83.55,73.04663,,
83.6,72.60732,,
83.65,72.60925,,
83.7,72.79066,,
83.75,72.74295,,
83.8,72.69891,,
83.85,72.88553,,
83.9,73.26478,,
83.95,74.09818,,
84,74.50784,,
84.05,74.60595,,
84.1,74.39189,,
84.15,73.48755,,
84.2,73.34671,,
84.25,73.97342,,
84.3,74.57053,,
84.35,74.99791,,
84.4,75.23494,,
84.45,75.16098,,
84.5,75.17474,,
84.55,75.72483,,
84.6,76.17075,,
84.65,76.45967,,
84.7,76.29301,,
84.75,76.27892,,
84.8,76.11954,,
84.85,76.5228,,
84.9,77.39482,,
84.95,78.4303,,
85,79.51078,,
85.05,80.21291,,
85.1,80.62263,,
85.15,80.89034,,
85.2,80.75198,,
85.25,80.50935,,
85.3,81.08243,,
85.35,81.70533,,
85.4,82.42245,,
85.45,83.10346,,
85.5,83.15871,,
85.55,83.03001,,
85.6,82.75485,,
85.65,82.58026,,
85.7,82.39387,,
85.75,82.33041,,
85.8,82.73173,,
85.85,83.66306,,
85.9,84.69208,,
85.95,85.40916,,
86,86.08718,,
86.05,87.09834,,
86.1,88.39838,,
86.15,89.11391,,
86.2,89.7363,,
86.25,89.94307,,
86.3,89.75639,,
86.35,89.81332,,
86.4,89.578,,
86.45,89.51237,,
86.5,89.40263,,
86.55,89.02113,,
86.6,88.90351,,
86.65,89.28595,,
86.7,89.74583,,
86.75,89.89242,,
86.8,89.79259,,
86.85,88.81239,,
86.9,88.14266,,
86.95,87.38835,,
87,87.8672,,
87.05,88.77928,,
87.1,89.20715,,
87.15,89.38737,,
87.2,89.34137,,
87.25,88.82387,,
87.3,88.15684,,
87.35,87.99036,,
87.4,88.47295,,
87.45,89.3908,,
87.5,89.88119,,
87.55,89.83082,,
87.6,89.23885,,
87.65,88.08675,,
87.7,87.72578,,
87.75,87.85569,,
87.8,88.747,,
87.85,89.80211,,
87.9,90.83327,,
87.95,91.57812,,
88,91.70925,,
88.05,91.45669,,
88.1,91.28396,,
88.15,91.56676,,
88.2,91.48214,,
88.25,92.10268,,
88.3,92.54948,,
88.35,93.5178,,
88.4,93.89784,,
88.45,94.24102,,
88.5,94.44097,,
88.55,94.97949,,
88.6,95.74126,,
88.65,96.50044,,
88.7,97.32922,,
88.75,98.2272,,
88.8,98.95522,,
88.85,99.17982,,
88.9,99.25134,,
88.95,99.14445,,
89,99.04402,,
89.05,99.27544,,
89.1,99.62158,,
89.15,100.366,,
89.2,101.1683,,
89.25,101.71,,
89.3,102.3401,,
89.35,103.0328,,
89.4,103.6544,,
89.45,104.1931,,
89.5,104.3939,,
89.55,104.6961,,
89.6,105.4577,,
89.65,105.4731,,
89.7,105.4507,,
89.75,106.1088,,
89.8,106.2681,,
89.85,106.5756,,
89.9,107.143,,
89.95,108.396,,
90,109.5236,,
90.05,110.0659,,
90.1,110.2782,,
90.15,110.4058,,
90.2,110.6746,,
90.25,111.1275,,
90.3,111.5093,,
90.35,111.9766,,
90.4,112.7925,,
90.45,113.1305,,
90.5,113.9044,,
90.55,114.5695,,
90.6,115.3066,,
90.65,115.9112,,
90.7,116.2767,,
90.75,116.2991,,
90.8,115.9301,,
90.85,115.2553,,
90.9,114.6963,,
90.95,114.9885,,
91,115.7388,,
91.05,117.0029,,
91.1,117.65,,
91.15,117.9797,,
91.2,118.1579,,
91.25,118.131,,
91.3,118.5254,,
91.35,119.0878,,
91.4,119.6041,,
91.45,119.4015,,
91.5,118.7589,,
91.55,119.0581,,
91.6,120.5594,,
91.65,121.7775,,
91.7,121.902,,
91.75,122.2702,,
91.8,121.6904,,
91.85,122.1018,,
91.9,122.3633,,
91.95,124.2617,,
92,126.2126,,
92.05,127.0138,,
92.1,127.7753,,
92.15,128.296,,
92.2,128.0176,,
92.25,127.8369,,
92.3,128.2411,,
92.35,128.1472,,
92.4,128.0007,,
92.45,127.8981,,
92.5,128.5802,,
92.55,129.44,,
92.6,130.0751,,
92.65,131.4408,,
92.7,133.0884,,
92.75,133.4698,,
92.8,133.0796,,
92.85,132.8166,,
92.9,132.9532,,
92.95,133.381,,
93,134.1561,,
93.05,135.7288,,
93.1,137.9812,,
93.15,139.2731,,
93.2,140.148,,
93.25,141.0523,,
93.3,140.7284,,
93.35,139.8305,,
93.4,138.2316,,
93.45,137.689,,
93.5,138.0091,,
93.55,138.9356,,
93.6,140.7526,,
93.65,142.6323,,
93.7,143.609,,
93.75,144.5046,,
93.8,145.3308,,
93.85,145.6907,,
93.9,146.3477,,
93.95,147.5448,,
94,148.4156,,
94.05,148.7775,,
94.1,148.595,,
94.15,148.4134,,
94.2,148.4147,,
94.25,148.6908,,
94.3,149.3282,,
94.35,150.2713,,
94.4,151.4162,,
94.45,152.9179,,
94.5,155.0634,,
94.55,157.2575,,
94.6,158.4425,,
94.65,159.1145,,
94.7,159.9402,,
94.75,159.9231,,
94.8,159.8917,,
94.85,160.1005,,
94.9,160.539,,
94.95,161.1032,,
95,161.268,,
95.05,161.1615,,
95.1,161.1081,,
95.15,160.7357,,
95.2,160.6838,,
95.25,161.4092,,
95.3,162.9302,,
95.35,164.0445,,
95.4,164.8025,,
95.45,165.5,,
95.5,166.4185,,
95.55,166.6855,,
95.6,167.2043,,
95.65,167.8434,,
95.7,168.4242,,
95.75,168.2421,,
95.8,167.261,,
95.85,167.0638,,
95.9,167.5249,,
95.95,167.9615,,
96,167.7205,,
96.05,168.6462,,
96.1,168.4704,,
96.15,167.8156,,
96.2,166.8535,,
96.25,166.4048,,
96.3,165.937,,
96.35,165.6433,,
96.4,165.4565,,
96.45,165.3895,,
96.5,165.4696,,
96.55,165.1314,,
96.6,164.1838,,
96.65,162.908,,
96.7,161.5845,,
96.75,161.0986,,
96.8,162.07,,
96.85,163.2198,,
96.9,164.3351,,
96.95,164.8958,,
97,165.3198,,
97.05,165.5648,,
97.1,165.6736,,
97.15,165.7501,,
97.2,165.7515,,
97.25,165.8407,,
97.3,166.1293,,
97.35,165.9025,,
97.4,166.1516,,
97.45,166.7426,,
97.5,165.4412,,
97.55,164.1862,,
97.6,162.0714,,
97.65,160.696,,
97.7,160.3588,,
97.75,159.5208,,
97.8,158.5579,,
97.85,157.2968,,
97.9,155.4949,,
97.95,154.6748,,
98,154.927,,
98.05,154.4324,,
98.1,155.0242,,
98.15,153.9287,,
98.2,152.8683,,
98.25,151.9533,,
98.3,151.4711,,
98.35,151.8327,,
98.4,152.0243,,
98.45,150.5822,,
98.5,148.7574,,
98.55,146.8954,,
98.6,144.6986,,
98.65,143.1688,,
98.7,142.2984,,
98.75,140.8795,,
98.8,139.3669,,
98.85,137.5788,,
98.9,135.429,,
98.95,134.0329,,
99,132.4962,,
99.05,132.1925,,
99.1,131.8775,,
99.15,130.2977,,
99.2,128.3102,,
99.25,126.7846,,
99.3,125.8162,,
99.35,125.1576,,
99.4,124.1066,,
99.45,122.4725,,
99.5,121.0843,,
99.55,118.6999,,
99.6,116.8435,,
99.65,114.972,,
99.7,112.9675,,
99.75,111.1041,,
99.8,109.162,,
99.85,107.2111,,
99.9,105.4456,,
99.95,103.4091,,
100,101.2857,,
100.05,99.63085,,
100.1,98.14304,,
100.15,97.26365,,
100.2,97.1356,,
100.25,95.64058,,
100.3,93.50349,,
100.35,91.67559,,
100.4,91.06849,,
100.45,90.02829,,
100.5,88.98883,,
100.55,87.96622,,
100.6,87.43444,,
100.65,86.59411,,
100.7,85.19971,,
100.75,84.00537,,
100.8,83.0256,,
100.85,82.26361,,
100.9,80.91288,,
100.95,80.244,,
101,77.88137,,
101.05,76.11065,,
101.1,73.78923,,
101.15,71.89812,,
101.2,70.34856,,
101.25,69.02094,,
101.3,68.23034,,
101.35,67.78531,,
101.4,67.41376,,
101.45,67.33371,,
101.5,67.37735,,
101.55,66.75877,,
101.6,66.13458,,
101.65,65.12585,,
101.7,63.91158,,
101.75,63.26212,,
101.8,62.50854,,
101.85,61.97906,,
101.9,61.36572,,
101.95,60.36995,,
102,59.30614,,
102.05,58.39519,,
102.1,57.42977,,
102.15,56.71217,,
102.2,56.74555,,
102.25,56.91344,,
102.3,57.0541,,
102.35,56.49691,,
102.4,56.05778,,
102.45,56.38279,,
102.5,55.4026,,
102.55,54.2696,,
102.6,53.30748,,
102.65,52.84744,,
102.7,52.09908,,
102.75,51.46969,,
102.8,51.71383,,
102.85,52.33528,,
102.9,52.18192,,
102.95,51.1731,,
103,50.67603,,
103.05,50.5108,,
103.1,50.52692,,
103.15,49.89825,,
103.2,50.33806,,
103.25,50.69458,,
103.3,51.36459,,
103.35,51.32426,,
103.4,51.37606,,
103.45,51.79466,,
103.5,52.06135,,
103.55,52.05285,,
103.6,52.05502,,
103.65,52.0296,,
103.7,51.66291,,
103.75,50.92228,,
103.8,48.86458,,
103.85,48.36841,,
103.9,47.61496,,
103.95,47.60087,,
104,47.89546,,
104.05,48.48781,,
104.1,49.21112,,
104.15,50.14057,,
104.2,50.86689,,
104.25,51.27325,,
104.3,51.48088,,
104.35,51.11067,,
104.4,50.93053,,
104.45,51.25503,,
104.5,51.20124,,
104.55,51.74278,,
104.6,53.15959,,
104.65,54.34048,,
104.7,55.02346,,
104.75,55.4674,,
104.8,55.99881,,
104.85,56.35601,,
104.9,56.23441,,
104.95,55.87972,,
105,55.82995,,
105.05,56.161,,
105.1,56.52513,,
105.15,57.46701,,
105.2,58.73509,,
105.25,59.81208,,
105.3,60.15205,,
105.35,61.29125,,
105.4,61.9768,,
105.45,62.49836,,
105.5,63.15195,,
105.55,64.31454,,
105.6,66.05186,,
105.65,67.89812,,
105.7,69.43806,,
105.75,70.84004,,
105.8,71.84217,,
105.85,70.6195,,
105.9,69.96046,,
105.95,71.39745,,
106,73.58275,,
106.05,76.1236,,
106.1,77.0597,,
106.15,76.96257,,
106.2,76.15107,,
106.25,75.40682,,
106.3,75.72431,,
106.35,76.78284,,
106.4,77.4981,,
106.45,78.05779,,
106.5,79.27445,,
106.55,80.32559,,
106.6,83.40836,,
106.65,86.36456,,
106.7,89.2457,,
106.75,89.88364,,
106.8,88.7691,,
106.85,87.67809,,
106.9,87.5927,,
106.95,87.71822,,
107,88.35621,,
107.05,89.03873,,
107.1,89.04047,,
107.15,88.79358,,
107.2,87.92625,,
107.25,87.08939,,
107.3,86.0338,,
107.35,84.38628,,
107.4,82.73674,,
107.45,81.9603,,
107.5,80.95969,,
107.55,80.62179,,
107.6,81.0333,,
107.65,81.86447,,
107.7,82.83266,,
107.75,83.62675,,
107.8,83.68528,,
107.85,82.72488,,
107.9,81.22978,,
107.95,79.48831,,
108,78.03947,,
108.05,77.32378,,
108.1,76.61521,,
108.15,75.69006,,
108.2,74.83265,,
108.25,73.10524,,
108.3,71.59333,,
108.35,70.81217,,
108.4,70.30586,,
108.45,69.70317,,
108.5,68.87799,,
108.55,68.25913,,
108.6,68.73299,,
108.65,69.27036,,
108.7,68.26959,,
108.75,68.36976,,
108.8,68.72284,,
108.85,68.70084,,
108.9,68.42183,,
108.95,68.09357,,
109,67.20237,,
109.05,65.66762,,
109.1,63.81137,,
109.15,62.26135,,
109.2,61.33075,,
109.25,61.04514,,
109.3,61.12561,,
109.35,60.39791,,
109.4,60.11037,,
109.45,59.26259,,
109.5,58.24493,,
109.55,57.60505,,
109.6,57.9953,,
109.65,58.69986,,
109.7,58.69843,,
109.75,58.02611,,
109.8,57.42963,,
109.85,56.90162,,
109.9,56.5051,,
109.95,56.54577,,
110,56.5793,,
110.05,56.16451,,
110.1,54.49582,,
110.15,52.60854,,
110.2,52.56807,,
110.25,52.87841,,
110.3,53.97054,,
110.35,54.39919,,
110.4,54.13858,,
110.45,53.55926,,
110.5,52.43525,,
110.55,50.97888,,
110.6,49.88198,,
110.65,49.17007,,
110.7,48.68656,,
110.75,48.95627,,
110.8,48.33612,,
110.85,48.86385,,
110.9,49.12519,,
110.95,49.67742,,
111,49.12544,,
111.05,48.79859,,
111.1,48.59459,,
111.15,48.86009,,
111.2,48.72272,,
111.25,48.3757,,
111.3,47.90452,,
111.35,47.18419,,
111.4,46.79185,,
111.45,46.41313,,
111.5,46.53634,,
111.55,47.29727,,
111.6,47.51258,,
111.65,47.48322,,
111.7,46.5412,,
111.75,44.6587,,
111.8,43.36585,,
111.85,42.57873,,
111.9,42.60631,,
111.95,43.41415,,
112,44.55302,,
112.05,45.92967,,
112.1,47.56103,,
112.15,49.5589,,
112.2,53.51531,,
112.25,58.36772,,
112.3,63.64264,,
112.35,70.43335,,
112.4,80.1828,,
112.45,90.2144,,
112.5,103.2669,,
112.55,118.2525,,
112.6,133.941,,
112.65,148.2213,,
112.7,160.9792,,
112.75,175.7572,,
112.8,193.5318,,
112.85,208.9779,,
112.9,220.2231,,
112.95,226.7669,,
113,227.5191,,
113.05,221.5743,,
113.1,214.6355,,
113.15,209.1046,,
113.2,202.6338,,
113.25,193.564,,
113.3,182.8484,,
113.35,172.2298,,
113.4,162.2803,,
113.45,152.3237,,
113.5,142.371,,
113.55,133.223,,
113.6,123.4356,,
113.65,113.3502,,
113.7,103.8601,,
113.75,94.53133,,
113.8,88.28559,,
113.85,82.49445,,
113.9,78.55637,,
113.95,76.4084,,
114,74.63754,,
114.05,72.26591,,
114.1,69.17799,,
114.15,65.60612,,
114.2,62.03741,,
114.25,58.83207,,
114.3,55.64879,,
114.35,54.04636,,
114.4,53.48922,,
114.45,54.51895,,
114.5,55.43545,,
114.55,54.85313,,
114.6,52.32726,,
114.65,49.21123,,
114.7,46.28075,,
114.75,44.39906,,
114.8,43.47768,,
114.85,43.50983,,
114.9,44.35127,,
114.95,44.85938,,
115,45.26258,,
115.05,45.3041,,
115.1,45.183,,
115.15,45.85851,,
115.2,46.00626,,
115.25,44.96017,,
115.3,44.19934,,
115.35,42.65136,,
115.4,40.96626,,
115.45,39.7697,,
115.5,39.4932,,
115.55,39.88665,,
115.6,40.01517,,
115.65,39.51686,,
115.7,38.96869,,
115.75,38.73647,,
115.8,38.38359,,
115.85,38.64613,,
115.9,38.30314,,
115.95,38.12923,,
116,37.05011,,
116.05,36.30418,,
116.1,35.47707,,
116.15,34.53529,,
116.2,33.82277,,
116.25,33.55449,,
116.3,33.32788,,
116.35,32.94716,,
116.4,33.26291,,
116.45,32.99838,,
116.5,32.77411,,
116.55,32.65113,,
116.6,33.00367,,
116.65,33.62645,,
116.7,34.32447,,
116.75,34.86511,,
116.8,35.6524,,
116.85,35.8942,,
116.9,35.28936,,
116.95,33.99704,,
117,32.35702,,
117.05,30.9746,,
117.1,30.21969,,
117.15,30.60396,,
117.2,31.14721,,
117.25,31.96345,,
117.3,32.54123,,
117.35,32.60085,,
117.4,32.79847,,
117.45,32.96801,,
117.5,32.79898,,
117.55,32.02863,,
117.6,30.88069,,
117.65,29.99652,,
117.7,29.60986,,
117.75,29.56831,,
117.8,30.02194,,
117.85,30.60702,,
117.9,30.86864,,
117.95,30.70553,,
118,30.17618,,
118.05,30.13796,,
118.1,30.08231,,
118.15,30.43276,,
118.2,30.68611,,
118.25,30.94973,,
118.3,30.89522,,
118.35,30.69882,,
118.4,30.44382,,
118.45,29.71396,,
118.5,28.95519,,
118.55,28.63096,,
118.6,28.89089,,
118.65,29.08669,,
118.7,29.97932,,
118.75,30.20321,,
118.8,30.50631,,
118.85,30.14334,,
118.9,29.90578,,
118.95,29.51017,,
119,28.90075,,
119.05,28.35213,,
119.1,28.16813,,
119.15,28.40297,,
119.2,28.78778,,
119.25,29.37721,,
119.3,29.64627,,
119.35,29.20078,,
119.4,28.22681,,
119.45,27.49247,,
119.5,27.21921,,
119.55,27.28052,,
119.6,27.63963,,
119.65,28.13303,,
119.7,28.44899,,
119.75,28.74088,,
119.8,29.03384,,
119.85,28.99673,,
119.9,28.66263,,
119.95,28.2739,,
120,28.10232,,
120.05,28.3345,,
120.1,27.90741,,
120.15,27.22918,,
120.2,27.02096,,
120.25,26.73928,,
120.3,26.85981,,
120.35,27.13669,,
120.4,27.1922,,
120.45,27.12857,,
120.5,27.03615,,
120.55,26.81333,,
120.6,26.78519,,
120.65,27.47726,,
120.7,28.16651,,
120.75,28.11906,,
120.8,27.39754,,
120.85,26.92163,,
120.9,26.65823,,
120.95,26.41681,,
121,25.89757,,
121.05,25.77569,,
121.1,25.95235,,
121.15,26.12616,,
121.2,26.42429,,
121.25,26.73619,,
121.3,26.62851,,
121.35,26.44377,,
121.4,26.65666,,
121.45,26.66061,,
121.5,27.05039,,
121.55,27.5876,,
121.6,27.29154,,
121.65,26.68059,,
121.7,26.08582,,
121.75,25.54488,,
121.8,25.35798,,
121.85,25.1526,,
121.9,24.86023,,
121.95,24.83473,,
122,25.01333,,
122.05,25.41766,,
122.1,26.13748,,
122.15,26.34466,,
122.2,26.01136,,
122.25,26.06825,,
122.3,25.46053,,
122.35,24.86593,,
122.4,24.93607,,
122.45,24.91821,,
122.5,24.56101,,
122.55,24.35065,,
122.6,24.60864,,
122.65,25.40837,,
122.7,26.46132,,
122.75,27.02637,,
122.8,27.46555,,
122.85,27.7274,,
122.9,26.44838,,
122.95,25.60694,,
123,25.10468,,
123.05,25.10762,,
123.1,25.54255,,
123.15,26.2441,,
123.2,27.01938,,
123.25,27.2123,,
123.3,26.46536,,
123.35,25.42006,,
123.4,24.76987,,
123.45,24.24782,,
123.5,23.85847,,
123.55,24.23401,,
123.6,24.85346,,
123.65,24.75376,,
123.7,24.57406,,
123.75,24.70132,,
123.8,24.73582,,
123.85,24.64735,,
123.9,24.46439,,
123.95,24.36334,,
124,24.03814,,
124.05,23.53666,,
124.1,23.36648,,
124.15,23.37918,,
124.2,23.59976,,
124.25,24.28121,,
124.3,24.76236,,
124.35,24.63305,,
124.4,24.2925,,
124.45,24.05831,,
124.5,24.05441,,
124.55,23.85614,,
124.6,24.00916,,
124.65,24.45444,,
124.7,24.85945,,
124.75,25.24485,,
124.8,25.63974,,
124.85,25.77211,,
124.9,25.45875,,
124.95,24.76837,,
125,23.90364,,
125.05,23.38625,,
125.1,23.40588,,
125.15,23.9092,,
125.2,24.28353,,
125.25,24.3846,,
125.3,24.51068,,
125.35,24.44914,,
125.4,24.16642,,
125.45,23.80912,,
125.5,23.64254,,
125.55,23.9883,,
125.6,24.53541,,
125.65,25.20676,,
125.7,25.44322,,
125.75,25.32004,,
125.8,24.9301,,
125.85,24.44482,,
125.9,23.75238,,
125.95,23.7466,,
126,24.01416,,
126.05,24.28139,,
126.1,24.42319,,
126.15,24.53025,,
126.2,24.70726,,
126.25,24.58692,,
126.3,23.96201,,
126.35,23.76783,,
126.4,24.18013,,
126.45,24.23903,,
126.5,24.34216,,
126.55,24.31605,,
126.6,24.0955,,
126.65,23.52571,,
126.7,23.01718,,
126.75,23.04662,,
126.8,23.6023,,
126.85,24.03708,,
126.9,23.88242,,
126.95,23.51768,,
127,23.35647,,
127.05,22.9228,,
127.1,22.3765,,
127.15,21.9408,,
127.2,21.91169,,
127.25,21.87801,,
127.3,21.56108,,
127.35,21.68631,,
127.4,22.18366,,
127.45,22.60543,,
127.5,22.81527,,
127.55,22.81105,,
127.6,22.66262,,
127.65,22.37584,,
127.7,21.87803,,
127.75,21.86472,,
127.8,21.88143,,
127.85,21.81543,,
127.9,22.17603,,
127.95,22.06047,,
128,22.2135,,
128.05,22.24125,,
128.1,21.92202,,
128.15,21.53291,,
128.2,21.12695,,
128.25,20.87203,,
128.3,21.21684,,
128.35,21.90968,,
128.4,22.11264,,
128.45,22.47246,,
128.5,23.03106,,
128.55,23.04793,,
128.6,22.53162,,
128.65,21.89769,,
128.7,21.40862,,
128.75,21.24457,,
128.8,20.74895,,
128.85,20.92845,,
128.9,21.56161,,
128.95,21.65383,,
129,21.05398,,
129.05,20.31663,,
129.1,19.72781,,
129.15,19.14522,,
129.2,18.73692,,
129.25,19.24875,,
129.3,20.71401,,
129.35,21.68658,,
129.4,22.41702,,
129.45,22.95904,,
129.5,23.07822,,
129.55,23.01969,,
129.6,22.93754,,
129.65,22.84311,,
129.7,22.44966,,
129.75,21.52715,,
129.8,20.57923,,
129.85,20.24644,,
129.9,20.29796,,
129.95,20.78993,,
130,21.64147,,
130.05,22.46052,,
130.1,22.72424,,
130.15,22.57447,,
130.2,22.64934,,
130.25,22.9794,,
130.3,23.12858,,
130.35,22.82915,,
130.4,22.15166,,
130.45,21.2889,,
130.5,20.47574,,
130.55,20.02794,,
130.6,20.11163,,
130.65,20.83011,,
130.7,21.48671,,
130.75,21.56082,,
130.8,21.2692,,
130.85,21.42802,,
130.9,21.83981,,
130.95,22.31435,,
131,22.33527,,
131.05,22.31117,,
131.1,22.20985,,
131.15,21.84233,,
131.2,21.95757,,
131.25,22.42591,,
131.3,22.83105,,
131.35,22.29826,,
131.4,21.21595,,
131.45,19.8473,,
131.5,19.30166,,
131.55,19.44635,,
131.6,20.07571,,
131.65,20.4931,,
131.7,20.45321,,
131.75,20.05091,,
131.8,19.62186,,
131.85,19.28658,,
131.9,19.00321,,
131.95,19.12403,,
132,19.2322,,
132.05,18.88001,,
132.1,19.03066,,
132.15,19.33862,,
132.2,19.99114,,
132.25,20.25472,,
132.3,20.34497,,
132.35,20.10623,,
132.4,19.60767,,
132.45,19.35408,,
132.5,19.1987,,
132.55,18.86573,,
132.6,18.80528,,
132.65,19.21079,,
132.7,19.7198,,
132.75,20.26138,,
132.8,20.2896,,
132.85,20.63991,,
132.9,20.9196,,
132.95,20.29051,,
133,19.99534,,
133.05,20.16198,,
133.1,20.42957,,
133.15,20.49858,,
133.2,20.4537,,
133.25,20.64264,,
133.3,20.97805,,
133.35,20.84766,,
133.4,20.37583,,
133.45,20.14488,,
133.5,20.21668,,
133.55,20.05404,,
133.6,20.07751,,
133.65,20.53206,,
133.7,20.53288,,
133.75,19.76451,,
133.8,19.07978,,
133.85,18.84848,,
133.9,18.89871,,
133.95,19.09904,,
134,19.45855,,
134.05,19.8507,,
134.1,19.85234,,
134.15,19.51069,,
134.2,19.18352,,
134.25,19.37518,,
134.3,19.70258,,
134.35,19.9898,,
134.4,19.77632,,
134.45,19.83594,,
134.5,19.72111,,
134.55,19.17852,,
134.6,18.516,,
134.65,18.22418,,
134.7,18.54759,,
134.75,18.97899,,
134.8,18.71679,,
134.85,18.71027,,
134.9,19.5773,,
134.95,19.04816,,
135,18.73282,,
135.05,18.8544,,
135.1,18.9936,,
135.15,18.63311,,
135.2,17.98521,,
135.25,18.02313,,
135.3,18.48252,,
135.35,18.87722,,
135.4,19.37376,,
135.45,19.73063,,
135.5,19.54299,,
135.55,18.86528,,
135.6,18.45507,,
135.65,18.16824,,
135.7,18.02122,,
135.75,17.84505,,
135.8,17.97894,,
135.85,18.07998,,
135.9,18.25399,,
135.95,18.48829,,
136,18.69786,,
136.05,18.70141,,
136.1,18.54934,,
136.15,18.54268,,
136.2,18.58627,,
136.25,18.81814,,
136.3,18.78779,,
136.35,18.51579,,
136.4,18.37679,,
136.45,17.87759,,
136.5,17.45653,,
136.55,17.08655,,
136.6,17.05734,,
136.65,17.41227,,
136.7,17.8839,,
136.75,18.20786,,
136.8,18.14302,,
136.85,17.56817,,
136.9,16.90886,,
136.95,16.76176,,
137,16.66207,,
137.05,16.59278,,
137.1,16.61481,,
137.15,17.09361,,
137.2,17.42149,,
137.25,17.71193,,
137.3,18.47546,,
137.35,19.15366,,
137.4,19.10521,,
137.45,18.41063,,
137.5,17.80899,,
137.55,17.79397,,
137.6,17.8187,,
137.65,17.31262,,
137.7,16.58926,,
137.75,16.6557,,
137.8,16.89147,,
137.85,17.34355,,
137.9,17.7072,,
137.95,18.10057,,
138,18.01741,,
 ,,,
Alignment,On,,
