Data File Name,Nextera3_JLC_High Sensitivity DNA Assay_DE24802700_2016-10-13_13-55-37.xad,,
Data File Path,C:\Users\jlchiniquy\Desktop\20171205_Nextera_library_size_to_loading_concentration_tool\JLChiniquy,,
Date Created,"Thursday, October 13, 2016 8:55:37 PM",,
Date Last Modified,"Thursday, November 16, 2017 8:08:43 PM",,
Version Created,B.02.07.SI532,,
Version Last Modified,B.02.08.SI648,,
 ,,,
Assay Name,High Sensitivity DNA,,
Assay Path,C:\Program Files\Agilent\2100 bioanalyzer\2100 expert\assays\dsDNA,,
Assay Title,High Sensitivity DNA Assay,,
Assay Version,1,,
 ,,,
Number of Samples Run,9,,
 ,,,
Sample Name,0.1,,
Number of Events,2121,,
 ,,,
Time,Value,Library Loading Concentration (pM),Cluster Density (K/mm^2)
32,-0.1820831,6.1,1271
32.05,-0.1820831,,
32.1,-0.1820831,,
32.15,-0.1820831,,
32.2,-0.1820831,,
32.25,-0.1820831,,
32.3,-0.1820831,,
32.35,-3.11E-02,,
32.4,-0.0275823,,
32.45,-0.1403309,,
32.5,-0.2197021,,
32.55,-0.251305,,
32.6,-0.1844136,,
32.65,-3.13E-02,,
32.7,0.1112043,,
32.75,0.1451995,,
32.8,5.37E-02,,
32.85,-6.89E-02,,
32.9,-0.0295385,,
32.95,-0.1041789,,
33,-0.1757795,,
33.05,4.70E-02,,
33.1,0.1636166,,
33.15,0.175034,,
33.2,0.2185774,,
33.25,0.2334318,,
33.3,0.1262482,,
33.35,-0.1258191,,
33.4,-0.2840807,,
33.45,-0.2927064,,
33.5,-0.2839052,,
33.55,-0.2510771,,
33.6,-0.1966119,,
33.65,-0.1482304,,
33.7,-0.1116426,,
33.75,-0.1034426,,
33.8,-0.1302163,,
33.85,-0.142633,,
33.9,-0.1224623,,
33.95,-0.160354,,
34,-0.2730767,,
34.05,-0.3296631,,
34.1,-0.318341,,
34.15,-0.302499,,
34.2,-0.2729736,,
34.25,-0.2616885,,
34.3,-0.1843734,,
34.35,-0.1906496,,
34.4,-0.2498333,,
34.45,-0.2161888,,
34.5,-0.2209592,,
34.55,-0.2734845,,
34.6,-0.3198271,,
34.65,-0.3567815,,
34.7,-0.3753732,,
34.75,-0.3741299,,
34.8,-0.3554818,,
34.85,-0.3434809,,
34.9,-0.3687273,,
34.95,-0.3967018,,
35,-0.4289269,,
35.05,-0.4761529,,
35.1,-0.5037004,,
35.15,-0.4670375,,
35.2,-0.2870105,,
35.25,-5.65E-02,,
35.3,4.69E-02,,
35.35,3.15E-02,,
35.4,-8.16E-02,,
35.45,-0.2419258,,
35.5,-0.4357981,,
35.55,-0.5733073,,
35.6,-0.53874,,
35.65,-0.4959651,,
35.7,-0.557855,,
35.75,-0.5119782,,
35.8,-0.373639,,
35.85,-0.2817852,,
35.9,-0.2849514,,
35.95,-0.2716233,,
36,-0.1436446,,
36.05,-6.55E-02,,
36.1,-5.04E-02,,
36.15,2.07E-02,,
36.2,8.17E-03,,
36.25,-8.48E-02,,
36.3,-0.1799341,,
36.35,-0.2967037,,
36.4,-0.3442015,,
36.45,-0.2613795,,
36.5,-0.1185881,,
36.55,5.80E-02,,
36.6,0.1585083,,
36.65,0.1248204,,
36.7,4.45E-02,,
36.75,-7.44E-02,,
36.8,-0.1723974,,
36.85,-0.1326779,,
36.9,-6.91E-02,,
36.95,-9.24E-02,,
37,-0.1077788,,
37.05,-0.1467481,,
37.1,-6.69E-02,,
37.15,-1.14E-02,,
37.2,-5.63E-02,,
37.25,-0.1708847,,
37.3,-0.1144726,,
37.35,-0.1466941,,
37.4,-0.1906254,,
37.45,-0.2972826,,
37.5,-0.3347009,,
37.55,-0.4689688,,
37.6,-0.5795873,,
37.65,-0.6008142,,
37.7,-0.4565681,,
37.75,-0.4024149,,
37.8,-0.4357508,,
37.85,-0.4524375,,
37.9,-0.445417,,
37.95,-0.4667941,,
38,-0.4588524,,
38.05,-0.4071681,,
38.1,-0.3351545,,
38.15,-0.2964891,,
38.2,-0.3498772,,
38.25,-0.3815988,,
38.3,-0.3681394,,
38.35,-0.286483,,
38.4,-0.1990824,,
38.45,-0.158946,,
38.5,-0.1821054,,
38.55,-0.2536245,,
38.6,-0.3030118,,
38.65,-0.339052,,
38.7,-0.4074429,,
38.75,-0.4500396,,
38.8,-0.5925187,,
38.85,-0.7003123,,
38.9,-0.7586842,,
38.95,-0.7347883,,
39,-0.6631342,,
39.05,-0.6351319,,
39.1,-0.5778583,,
39.15,-0.5369144,,
39.2,-0.5187809,,
39.25,-0.4593561,,
39.3,-0.3470698,,
39.35,-0.2741053,,
39.4,-0.304575,,
39.45,-0.4015142,,
39.5,-0.5086706,,
39.55,-0.5627739,,
39.6,-0.5331919,,
39.65,-0.5029763,,
39.7,-0.527023,,
39.75,-0.5862741,,
39.8,-0.7062932,,
39.85,-0.779904,,
39.9,-0.7591137,,
39.95,-0.6420659,,
40,-0.5776613,,
40.05,-0.6363089,,
40.1,-0.6678106,,
40.15,-0.6847887,,
40.2,-0.7486904,,
40.25,-0.7015443,,
40.3,-0.6077021,,
40.35,-0.5771508,,
40.4,-0.6963073,,
40.45,-0.8331102,,
40.5,-0.8712851,,
40.55,-0.8310569,,
40.6,-0.8328136,,
40.65,-0.7379842,,
40.7,-0.6643349,,
40.75,-0.6950172,,
40.8,-0.7772921,,
40.85,-0.8634727,,
40.9,-0.9038347,,
40.95,-0.8985834,,
41,-0.8784402,,
41.05,-0.8256369,,
41.1,-0.7870957,,
41.15,-0.8423133,,
41.2,-0.8942856,,
41.25,-0.8819013,,
41.3,-0.8907883,,
41.35,-0.8311512,,
41.4,-0.7733622,,
41.45,-0.7344749,,
41.5,-0.7143985,,
41.55,-0.6495577,,
41.6,-0.6538869,,
41.65,-0.5642938,,
41.7,-0.6050031,,
41.75,-0.6670378,,
41.8,-0.6958452,,
41.85,-0.7181079,,
41.9,-0.6692257,,
41.95,-0.5972333,,
42,-0.5374703,,
42.05,-0.492161,,
42.1,-0.5273166,,
42.15,-0.6120761,,
42.2,-0.6737521,,
42.25,-0.6933828,,
42.3,-0.6575467,,
42.35,-0.5085501,,
42.4,-0.1475954,,
42.45,0.602981,,
42.5,2.079381,,
42.55,4.788423,,
42.6,9.344164,,
42.65,16.27423,,
42.7,25.70499,,
42.75,37.50399,,
42.8,51.04996,,
42.85,64.47699,,
42.9,76.25794,,
42.95,84.04505,,
43,86.88968,,
43.05,83.44448,,
43.1,74.55839,,
43.15,61.95692,,
43.2,47.8925,,
43.25,34.36262,,
43.3,23.14033,,
43.35,14.79242,,
43.4,9.374099,,
43.45,6.139197,,
43.5,4.449874,,
43.55,3.678232,,
43.6,3.405488,,
43.65,3.347144,,
43.7,3.23764,,
43.75,2.985262,,
43.8,2.625036,,
43.85,2.237543,,
43.9,1.878157,,
43.95,1.514958,,
44,1.200063,,
44.05,0.9816782,,
44.1,0.8503294,,
44.15,0.782773,,
44.2,0.8204561,,
44.25,0.9883482,,
44.3,1.099907,,
44.35,1.187124,,
44.4,1.150205,,
44.45,1.147908,,
44.5,1.14838,,
44.55,1.125523,,
44.6,1.083544,,
44.65,1.226274,,
44.7,1.397421,,
44.75,1.646818,,
44.8,1.905417,,
44.85,2.279763,,
44.9,2.691366,,
44.95,3.056974,,
45,3.314356,,
45.05,3.504588,,
45.1,3.519531,,
45.15,3.328046,,
45.2,3.016238,,
45.25,2.677263,,
45.3,2.333338,,
45.35,1.904426,,
45.4,1.478556,,
45.45,1.140278,,
45.5,0.8364151,,
45.55,0.5794176,,
45.6,0.4132159,,
45.65,0.2839894,,
45.7,0.2702258,,
45.75,0.2112171,,
45.8,0.172142,,
45.85,0.2125749,,
45.9,0.2164184,,
45.95,0.1705803,,
46,5.48E-02,,
46.05,4.72E-02,,
46.1,0.1604862,,
46.15,0.2716489,,
46.2,0.3215075,,
46.25,0.3133619,,
46.3,0.2731923,,
46.35,0.1726012,,
46.4,3.57E-02,,
46.45,4.83E-03,,
46.5,1.81E-02,,
46.55,-2.18E-02,,
46.6,-0.1173569,,
46.65,-0.2907731,,
46.7,-0.481693,,
46.75,-0.6011177,,
46.8,-0.6552469,,
46.85,-0.6084107,,
46.9,-0.5188059,,
46.95,-0.5027921,,
47,-0.5394568,,
47.05,-0.6255951,,
47.1,-0.7156499,,
47.15,-0.6896783,,
47.2,-0.6796703,,
47.25,-0.6801876,,
47.3,-0.7565227,,
47.35,-0.8076275,,
47.4,-0.8907207,,
47.45,-0.9123886,,
47.5,-0.8682721,,
47.55,-0.8824521,,
47.6,-0.9579491,,
47.65,-0.9936285,,
47.7,-1.006786,,
47.75,-0.9729607,,
47.8,-0.9483376,,
47.85,-0.9576315,,
47.9,-0.9992316,,
47.95,-1.076744,,
48,-1.135484,,
48.05,-0.9859998,,
48.1,-0.7174938,,
48.15,-0.5655665,,
48.2,-0.529108,,
48.25,-0.6308738,,
48.3,-0.7424873,,
48.35,-0.8042484,,
48.4,-0.8878068,,
48.45,-0.8838826,,
48.5,-0.9019057,,
48.55,-1.046542,,
48.6,-1.069955,,
48.65,-1.141159,,
48.7,-1.157806,,
48.75,-1.202994,,
48.8,-1.272183,,
48.85,-1.281767,,
48.9,-1.213801,,
48.95,-1.144418,,
49,-1.144871,,
49.05,-1.240209,,
49.1,-1.380171,,
49.15,-1.464094,,
49.2,-1.478744,,
49.25,-1.483635,,
49.3,-1.494108,,
49.35,-1.534502,,
49.4,-1.487085,,
49.45,-1.387155,,
49.5,-1.328227,,
49.55,-1.285821,,
49.6,-1.327452,,
49.65,-1.405625,,
49.7,-1.3647,,
49.75,-1.279923,,
49.8,-1.183756,,
49.85,-1.202524,,
49.9,-1.344641,,
49.95,-1.419156,,
50,-1.4698,,
50.05,-1.400828,,
50.1,-1.154813,,
50.15,-1.008651,,
50.2,-0.9473708,,
50.25,-1.079655,,
50.3,-1.132472,,
50.35,-1.144421,,
50.4,-1.157494,,
50.45,-1.174438,,
50.5,-1.159785,,
50.55,-1.158843,,
50.6,-1.241942,,
50.65,-1.357908,,
50.7,-1.38513,,
50.75,-1.42924,,
50.8,-1.50328,,
50.85,-1.539284,,
50.9,-1.537663,,
50.95,-1.509634,,
51,-1.487555,,
51.05,-1.488994,,
51.1,-1.504454,,
51.15,-1.575612,,
51.2,-1.686996,,
51.25,-1.766593,,
51.3,-1.748641,,
51.35,-1.684046,,
51.4,-1.593705,,
51.45,-1.536405,,
51.5,-1.471009,,
51.55,-1.475643,,
51.6,-1.604797,,
51.65,-1.801009,,
51.7,-1.778777,,
51.75,-1.77787,,
51.8,-1.7106,,
51.85,-1.733064,,
51.9,-1.681366,,
51.95,-1.708564,,
52,-1.706267,,
52.05,-1.655887,,
52.1,-1.606133,,
52.15,-1.604608,,
52.2,-1.572311,,
52.25,-1.540187,,
52.3,-1.518831,,
52.35,-1.423521,,
52.4,-1.252536,,
52.45,-1.189804,,
52.5,-1.33529,,
52.55,-1.46744,,
52.6,-1.550995,,
52.65,-1.665541,,
52.7,-1.757781,,
52.75,-1.706598,,
52.8,-1.609096,,
52.85,-1.600481,,
52.9,-1.65264,,
52.95,-1.683962,,
53,-1.696629,,
53.05,-1.757749,,
53.1,-1.781392,,
53.15,-1.723702,,
53.2,-1.727368,,
53.25,-1.747841,,
53.3,-1.772815,,
53.35,-1.829838,,
53.4,-1.85602,,
53.45,-1.855017,,
53.5,-1.727345,,
53.55,-1.515063,,
53.6,-1.423289,,
53.65,-1.428463,,
53.7,-1.476113,,
53.75,-1.603903,,
53.8,-1.754136,,
53.85,-1.821812,,
53.9,-1.771134,,
53.95,-1.637358,,
54,-1.540538,,
54.05,-1.566094,,
54.1,-1.625479,,
54.15,-1.698964,,
54.2,-1.802652,,
54.25,-1.908838,,
54.3,-2.001505,,
54.35,-2.056915,,
54.4,-2.042903,,
54.45,-2.050015,,
54.5,-2.046704,,
54.55,-1.865725,,
54.6,-1.236864,,
54.65,-0.926689,,
54.7,-0.8917694,,
54.75,-1.080151,,
54.8,-1.371177,,
54.85,-1.722479,,
54.9,-1.987692,,
54.95,-2.081513,,
55,-1.977571,,
55.05,-2.021412,,
55.1,-2.099073,,
55.15,-2.044722,,
55.2,-1.962254,,
55.25,-1.901985,,
55.3,-1.916168,,
55.35,-1.976116,,
55.4,-1.96488,,
55.45,-1.931689,,
55.5,-1.984733,,
55.55,-1.885407,,
55.6,-1.812525,,
55.65,-1.741821,,
55.7,-1.7252,,
55.75,-1.707771,,
55.8,-1.646945,,
55.85,-1.720356,,
55.9,-1.830008,,
55.95,-1.842137,,
56,-1.890851,,
56.05,-1.919808,,
56.1,-1.933941,,
56.15,-1.900254,,
56.2,-1.859232,,
56.25,-1.864818,,
56.3,-1.919755,,
56.35,-1.990866,,
56.4,-2.024407,,
56.45,-1.993699,,
56.5,-1.943899,,
56.55,-1.897246,,
56.6,-1.842117,,
56.65,-1.849401,,
56.7,-1.931986,,
56.75,-2.000274,,
56.8,-2.004661,,
56.85,-1.92403,,
56.9,-1.856415,,
56.95,-1.768899,,
57,-1.677541,,
57.05,-1.727051,,
57.1,-1.836168,,
57.15,-1.942649,,
57.2,-1.88242,,
57.25,-1.822182,,
57.3,-1.697195,,
57.35,-1.623279,,
57.4,-1.646686,,
57.45,-1.772346,,
57.5,-1.892423,,
57.55,-1.982031,,
57.6,-2.023646,,
57.65,-2.062757,,
57.7,-2.058614,,
57.75,-2.121852,,
57.8,-2.211209,,
57.85,-2.226989,,
57.9,-2.167881,,
57.95,-2.053136,,
58,-1.981216,,
58.05,-1.957901,,
58.1,-1.948973,,
58.15,-2.014403,,
58.2,-2.066395,,
58.25,-1.994187,,
58.3,-1.903333,,
58.35,-1.83398,,
58.4,-1.780975,,
58.45,-1.766386,,
58.5,-1.757233,,
58.55,-1.828217,,
58.6,-1.860885,,
58.65,-1.847125,,
58.7,-1.894087,,
58.75,-1.926068,,
58.8,-1.9637,,
58.85,-1.98816,,
58.9,-2.018358,,
58.95,-1.976064,,
59,-1.900478,,
59.05,-1.818425,,
59.1,-1.710537,,
59.15,-1.659334,,
59.2,-1.685916,,
59.25,-1.738282,,
59.3,-1.760247,,
59.35,-1.610613,,
59.4,-1.384568,,
59.45,-1.243174,,
59.5,-1.266729,,
59.55,-1.467242,,
59.6,-1.699177,,
59.65,-1.825284,,
59.7,-1.815588,,
59.75,-1.707354,,
59.8,-1.602087,,
59.85,-1.613701,,
59.9,-1.675348,,
59.95,-1.795663,,
60,-1.706938,,
60.05,-1.61924,,
60.1,-1.554082,,
60.15,-1.480889,,
60.2,-1.339964,,
60.25,-1.232224,,
60.3,-1.171181,,
60.35,-1.197408,,
60.4,-1.198002,,
60.45,-1.304658,,
60.5,-1.283692,,
60.55,-1.203368,,
60.6,-1.166899,,
60.65,-1.098066,,
60.7,-0.9448467,,
60.75,-0.8258082,,
60.8,-0.7189249,,
60.85,-0.5803549,,
60.9,-0.4835328,,
60.95,-0.494635,,
61,-0.5999534,,
61.05,-0.6414457,,
61.1,-0.5508677,,
61.15,-0.5284442,,
61.2,-0.537954,,
61.25,-0.492823,,
61.3,-0.4541052,,
61.35,-0.5264509,,
61.4,-0.554036,,
61.45,-0.4977089,,
61.5,-0.3731835,,
61.55,-0.3626699,,
61.6,-0.3577072,,
61.65,-0.2152001,,
61.7,-0.1334535,,
61.75,-0.1696786,,
61.8,-0.1259631,,
61.85,-0.1105951,,
61.9,-7.34E-02,,
61.95,-1.09E-02,,
62,0.1816165,,
62.05,0.3380694,,
62.1,0.3124276,,
62.15,0.3211486,,
62.2,0.3591194,,
62.25,0.3299277,,
62.3,0.3142646,,
62.35,0.3577553,,
62.4,0.4413866,,
62.45,0.5086691,,
62.5,0.5383158,,
62.55,0.6151279,,
62.6,0.6243387,,
62.65,0.6541469,,
62.7,1.072556,,
62.75,1.45762,,
62.8,1.732262,,
62.85,1.827665,,
62.9,1.884221,,
62.95,1.83732,,
63,1.625826,,
63.05,1.650901,,
63.1,1.767854,,
63.15,1.876939,,
63.2,1.943728,,
63.25,1.944953,,
63.3,2.266663,,
63.35,2.508057,,
63.4,2.587139,,
63.45,2.555289,,
63.5,2.522152,,
63.55,2.576376,,
63.6,2.602908,,
63.65,2.674057,,
63.7,2.867996,,
63.75,3.030462,,
63.8,3.134094,,
63.85,3.230856,,
63.9,3.26506,,
63.95,3.257949,,
64,3.230103,,
64.05,3.250374,,
64.1,3.389863,,
64.15,3.651552,,
64.2,3.972392,,
64.25,4.216982,,
64.3,4.327097,,
64.35,4.371177,,
64.4,4.258254,,
64.45,4.236875,,
64.5,4.371408,,
64.55,4.534121,,
64.6,4.755702,,
64.65,4.881502,,
64.7,4.764422,,
64.75,4.571584,,
64.8,4.400392,,
64.85,4.518723,,
64.9,4.702025,,
64.95,4.957849,,
65,5.116169,,
65.05,5.132018,,
65.1,5.096715,,
65.15,5.078868,,
65.2,5.181599,,
65.25,5.495584,,
65.3,5.873865,,
65.35,6.039247,,
65.4,5.941628,,
65.45,5.702638,,
65.5,5.536194,,
65.55,5.464715,,
65.6,5.523908,,
65.65,5.664976,,
65.7,5.778727,,
65.75,5.781292,,
65.8,5.759237,,
65.85,5.735953,,
65.9,5.663736,,
65.95,5.904788,,
66,6.33259,,
66.05,6.570449,,
66.1,6.781616,,
66.15,6.808265,,
66.2,6.873249,,
66.25,6.800968,,
66.3,6.74385,,
66.35,6.826253,,
66.4,6.966304,,
66.45,7.040283,,
66.5,7.289508,,
66.55,7.570198,,
66.6,7.829686,,
66.65,8.069673,,
66.7,8.090819,,
66.75,8.048788,,
66.8,8.057213,,
66.85,7.997356,,
66.9,7.962556,,
66.95,8.117319,,
67,8.383935,,
67.05,8.872667,,
67.1,9.006204,,
67.15,9.016694,,
67.2,8.907032,,
67.25,8.547974,,
67.3,8.26679,,
67.35,8.353281,,
67.4,8.421655,,
67.45,8.580257,,
67.5,8.751637,,
67.55,8.825562,,
67.6,8.743189,,
67.65,8.779045,,
67.7,8.845131,,
67.75,8.890826,,
67.8,8.998369,,
67.85,9.217737,,
67.9,9.428617,,
67.95,9.536892,,
68,9.638775,,
68.05,9.782106,,
68.1,9.798893,,
68.15,9.749961,,
68.2,9.77964,,
68.25,9.786263,,
68.3,9.909826,,
68.35,10.06109,,
68.4,10.34242,,
68.45,10.56119,,
68.5,10.53402,,
68.55,10.48495,,
68.6,10.32562,,
68.65,10.00325,,
68.7,10.02471,,
68.75,10.16757,,
68.8,10.50307,,
68.85,10.81281,,
68.9,11.10778,,
68.95,11.21427,,
69,11.33111,,
69.05,11.48064,,
69.1,11.65493,,
69.15,11.85137,,
69.2,11.87825,,
69.25,11.81651,,
69.3,11.77115,,
69.35,11.65212,,
69.4,11.61734,,
69.45,11.77274,,
69.5,12.09416,,
69.55,12.44987,,
69.6,12.71657,,
69.65,12.97787,,
69.7,13.02162,,
69.75,12.79316,,
69.8,12.65757,,
69.85,12.56761,,
69.9,12.65289,,
69.95,12.79631,,
70,12.82822,,
70.05,13.11135,,
70.1,13.25537,,
70.15,13.30099,,
70.2,13.30358,,
70.25,13.14744,,
70.3,13.16659,,
70.35,12.92863,,
70.4,12.96925,,
70.45,13.36527,,
70.5,13.63121,,
70.55,13.64805,,
70.6,13.62555,,
70.65,13.79352,,
70.7,13.99037,,
70.75,14.36391,,
70.8,14.82776,,
70.85,15.18849,,
70.9,15.31283,,
70.95,15.13911,,
71,14.80725,,
71.05,14.40713,,
71.1,14.06628,,
71.15,14.06962,,
71.2,14.3886,,
71.25,14.79982,,
71.3,15.37362,,
71.35,15.69175,,
71.4,15.52699,,
71.45,15.34049,,
71.5,14.9644,,
71.55,15.09392,,
71.6,14.97557,,
71.65,14.85946,,
71.7,14.80912,,
71.75,14.79116,,
71.8,15.00347,,
71.85,15.18706,,
71.9,15.3543,,
71.95,15.67054,,
72,15.83153,,
72.05,15.99655,,
72.1,16.22029,,
72.15,16.51134,,
72.2,16.81051,,
72.25,16.94496,,
72.3,17.08692,,
72.35,17.18965,,
72.4,17.12344,,
72.45,17.01082,,
72.5,16.85451,,
72.55,16.86129,,
72.6,16.99808,,
72.65,17.19751,,
72.7,17.5008,,
72.75,17.53313,,
72.8,17.48156,,
72.85,17.19428,,
72.9,17.12728,,
72.95,17.3402,,
73,17.62137,,
73.05,17.74754,,
73.1,17.88702,,
73.15,17.92313,,
73.2,17.88613,,
73.25,17.75887,,
73.3,17.80772,,
73.35,18.11758,,
73.4,18.1007,,
73.45,18.14939,,
73.5,18.39374,,
73.55,18.67572,,
73.6,18.8482,,
73.65,19.06405,,
73.7,19.16116,,
73.75,19.11331,,
73.8,18.94942,,
73.85,18.71389,,
73.9,18.73309,,
73.95,18.94007,,
74,19.29053,,
74.05,19.75865,,
74.1,19.93284,,
74.15,20.03468,,
74.2,20.31346,,
74.25,20.41985,,
74.3,20.31369,,
74.35,20.29221,,
74.4,20.00727,,
74.45,20.06326,,
74.5,20.04785,,
74.55,20.19412,,
74.6,20.42308,,
74.65,20.59316,,
74.7,20.70122,,
74.75,20.8436,,
74.8,20.75264,,
74.85,20.75645,,
74.9,20.83742,,
74.95,20.83445,,
75,20.97866,,
75.05,21.08038,,
75.1,21.19783,,
75.15,21.32832,,
75.2,21.3294,,
75.25,21.37266,,
75.3,21.5699,,
75.35,21.83375,,
75.4,22.08075,,
75.45,22.29021,,
75.5,22.47683,,
75.55,22.52109,,
75.6,22.37573,,
75.65,21.98973,,
75.7,21.68471,,
75.75,21.87868,,
75.8,22.35048,,
75.85,22.76944,,
75.9,22.87867,,
75.95,22.56024,,
76,22.32063,,
76.05,22.1603,,
76.1,22.46562,,
76.15,23.09307,,
76.2,23.70743,,
76.25,23.90149,,
76.3,24.15398,,
76.35,24.24185,,
76.4,24.12289,,
76.45,24.17347,,
76.5,24.13632,,
76.55,23.95622,,
76.6,23.94005,,
76.65,24.06763,,
76.7,24.45416,,
76.75,25.07952,,
76.8,25.34588,,
76.85,25.19966,,
76.9,24.84771,,
76.95,24.3858,,
77,24.39017,,
77.05,24.54476,,
77.1,25.19853,,
77.15,25.64669,,
77.2,25.80516,,
77.25,25.56986,,
77.3,25.51552,,
77.35,25.53317,,
77.4,25.54676,,
77.45,25.39326,,
77.5,25.51893,,
77.55,25.39449,,
77.6,25.35943,,
77.65,25.61342,,
77.7,25.63953,,
77.75,25.92026,,
77.8,26.33208,,
77.85,26.83457,,
77.9,27.243,,
77.95,27.46281,,
78,27.36091,,
78.05,27.0688,,
78.1,26.81912,,
78.15,26.9087,,
78.2,27.35986,,
78.25,27.5284,,
78.3,27.59515,,
78.35,27.7251,,
78.4,28.03916,,
78.45,27.8272,,
78.5,27.74524,,
78.55,27.64315,,
78.6,27.68588,,
78.65,27.42738,,
78.7,27.51224,,
78.75,27.90215,,
78.8,28.46668,,
78.85,28.52306,,
78.9,28.88639,,
78.95,29.26603,,
79,29.57516,,
79.05,29.6742,,
79.1,29.62738,,
79.15,29.49128,,
79.2,29.60974,,
79.25,29.70914,,
79.3,29.97945,,
79.35,30.43573,,
79.4,30.6315,,
79.45,30.53736,,
79.5,30.53605,,
79.55,30.64422,,
79.6,30.81527,,
79.65,31.07831,,
79.7,31.07754,,
79.75,30.86927,,
79.8,30.4034,,
79.85,30.03564,,
79.9,30.65892,,
79.95,31.67575,,
80,32.53972,,
80.05,33.38723,,
80.1,33.41761,,
80.15,32.91687,,
80.2,32.56418,,
80.25,32.32565,,
80.3,32.04305,,
80.35,31.77263,,
80.4,31.73243,,
80.45,31.99451,,
80.5,32.17815,,
80.55,32.40548,,
80.6,32.93464,,
80.65,33.24271,,
80.7,33.26844,,
80.75,33.09984,,
80.8,32.90989,,
80.85,32.70758,,
80.9,32.38272,,
80.95,32.32738,,
81,32.96982,,
81.05,33.92878,,
81.1,34.64974,,
81.15,34.95915,,
81.2,34.87676,,
81.25,35.08567,,
81.3,35.06289,,
81.35,35.10748,,
81.4,35.62275,,
81.45,35.93658,,
81.5,36.17988,,
81.55,36.53829,,
81.6,36.50745,,
81.65,36.83527,,
81.7,36.47981,,
81.75,36.41162,,
81.8,36.34674,,
81.85,36.33826,,
81.9,36.69047,,
81.95,37.17546,,
82,37.68765,,
82.05,38.26751,,
82.1,38.71235,,
82.15,38.84108,,
82.2,38.602,,
82.25,38.42382,,
82.3,38.62161,,
82.35,39.04601,,
82.4,39.51096,,
82.45,39.90277,,
82.5,40.12283,,
82.55,40.18806,,
82.6,40.27765,,
82.65,40.43916,,
82.7,40.42495,,
82.75,40.53761,,
82.8,40.75789,,
82.85,40.82714,,
82.9,41.11905,,
82.95,41.60056,,
83,41.84132,,
83.05,41.79897,,
83.1,42.00043,,
83.15,41.87637,,
83.2,42.0762,,
83.25,41.86296,,
83.3,42.12295,,
83.35,42.35383,,
83.4,42.89934,,
83.45,43.64193,,
83.5,44.12566,,
83.55,44.21349,,
83.6,43.88893,,
83.65,43.23639,,
83.7,42.96904,,
83.75,43.15733,,
83.8,43.73291,,
83.85,44.67629,,
83.9,45.41199,,
83.95,45.84931,,
84,45.81775,,
84.05,45.49468,,
84.1,45.51851,,
84.15,45.58257,,
84.2,45.59077,,
84.25,45.86729,,
84.3,45.93792,,
84.35,45.96384,,
84.4,46.62019,,
84.45,47.24812,,
84.5,48.38109,,
84.55,49.11573,,
84.6,49.58697,,
84.65,48.71664,,
84.7,47.45251,,
84.75,46.76206,,
84.8,46.98829,,
84.85,47.64521,,
84.9,48.7654,,
84.95,49.75097,,
85,50.16399,,
85.05,49.99604,,
85.1,49.75276,,
85.15,49.89603,,
85.2,50.01267,,
85.25,49.83479,,
85.3,49.83693,,
85.35,50.08649,,
85.4,50.29604,,
85.45,50.45068,,
85.5,50.50328,,
85.55,50.4614,,
85.6,50.66391,,
85.65,51.23675,,
85.7,52.24879,,
85.75,52.87841,,
85.8,53.15901,,
85.85,53.65234,,
85.9,54.28883,,
85.95,55.16669,,
86,55.78765,,
86.05,56.39294,,
86.1,56.29256,,
86.15,55.51672,,
86.2,54.55236,,
86.25,54.33587,,
86.3,54.18795,,
86.35,54.57003,,
86.4,55.06269,,
86.45,55.25916,,
86.5,55.2532,,
86.55,55.03205,,
86.6,55.01173,,
86.65,55.61865,,
86.7,56.32213,,
86.75,56.79327,,
86.8,57.08052,,
86.85,56.74132,,
86.9,56.46632,,
86.95,56.49072,,
87,56.34072,,
87.05,56.7684,,
87.1,57.16184,,
87.15,57.42873,,
87.2,57.61322,,
87.25,57.75751,,
87.3,58.02988,,
87.35,58.36827,,
87.4,59.73722,,
87.45,60.84476,,
87.5,61.22188,,
87.55,61.38341,,
87.6,61.37307,,
87.65,61.33463,,
87.7,61.42739,,
87.75,62.12174,,
87.8,63.44522,,
87.85,64.05345,,
87.9,63.99812,,
87.95,63.98375,,
88,63.78494,,
88.05,63.58016,,
88.1,63.90489,,
88.15,64.56792,,
88.2,65.23322,,
88.25,65.69964,,
88.3,65.88338,,
88.35,66.2119,,
88.4,66.7683,,
88.45,66.85361,,
88.5,67.58334,,
88.55,67.72232,,
88.6,67.93163,,
88.65,68.3299,,
88.7,68.65704,,
88.75,68.54243,,
88.8,68.6046,,
88.85,69.02508,,
88.9,70.05576,,
88.95,70.57827,,
89,71.403,,
89.05,72.06745,,
89.1,72.07903,,
89.15,71.93346,,
89.2,71.87404,,
89.25,71.8326,,
89.3,72.00782,,
89.35,72.22296,,
89.4,72.63962,,
89.45,73.31989,,
89.5,74.14373,,
89.55,74.84556,,
89.6,75.17885,,
89.65,75.46176,,
89.7,75.9373,,
89.75,76.59252,,
89.8,76.62328,,
89.85,76.7838,,
89.9,77.2626,,
89.95,77.93631,,
90,78.72047,,
90.05,79.84761,,
90.1,80.40084,,
90.15,81.17762,,
90.2,81.65294,,
90.25,81.65139,,
90.3,81.93724,,
90.35,82.51651,,
90.4,82.88166,,
90.45,83.12408,,
90.5,83.19511,,
90.55,83.32639,,
90.6,83.39339,,
90.65,83.28578,,
90.7,83.63718,,
90.75,84.90999,,
90.8,86.46388,,
90.85,87.59474,,
90.9,88.39649,,
90.95,89.25865,,
91,90.30895,,
91.05,91.22882,,
91.1,92.22472,,
91.15,93.73431,,
91.2,94.25648,,
91.25,93.98927,,
91.3,93.60452,,
91.35,93.52093,,
91.4,94.12772,,
91.45,94.87538,,
91.5,95.50556,,
91.55,96.5072,,
91.6,97.61679,,
91.65,98.57378,,
91.7,99.07413,,
91.75,98.86359,,
91.8,97.63186,,
91.85,96.60942,,
91.9,97.01222,,
91.95,98.43654,,
92,100.4205,,
92.05,101.435,,
92.1,102.4712,,
92.15,102.8304,,
92.2,102.5136,,
92.25,102.1168,,
92.3,102.1519,,
92.35,102.9234,,
92.4,103.873,,
92.45,104.9518,,
92.5,106.3703,,
92.55,107.4337,,
92.6,108.407,,
92.65,109.0776,,
92.7,108.7553,,
92.75,108.8494,,
92.8,108.4913,,
92.85,108.5722,,
92.9,110.7547,,
92.95,113.1437,,
93,116.4462,,
93.05,118.2158,,
93.1,117.2764,,
93.15,116.764,,
93.2,117.2084,,
93.25,117.5957,,
93.3,118.2978,,
93.35,118.809,,
93.4,119.2756,,
93.45,119.2302,,
93.5,119.3555,,
93.55,120.491,,
93.6,122.7043,,
93.65,124.8629,,
93.7,126.8242,,
93.75,128.1306,,
93.8,128.0482,,
93.85,127.5277,,
93.9,127.4253,,
93.95,127.7887,,
94,129.3024,,
94.05,131.8637,,
94.1,134.142,,
94.15,136.287,,
94.2,137.0584,,
94.25,137.1878,,
94.3,139.0039,,
94.35,139.5008,,
94.4,140.1468,,
94.45,141.019,,
94.5,142.5261,,
94.55,144.6251,,
94.6,145.8818,,
94.65,148.2819,,
94.7,150.3247,,
94.75,149.978,,
94.8,149.1746,,
94.85,149.697,,
94.9,151.0208,,
94.95,152.2567,,
95,153.9588,,
95.05,155.7654,,
95.1,156.6658,,
95.15,156.7156,,
95.2,156.7822,,
95.25,157.4485,,
95.3,158.3899,,
95.35,159.5234,,
95.4,161.2415,,
95.45,162.7821,,
95.5,164.056,,
95.55,164.8145,,
95.6,165.325,,
95.65,164.9274,,
95.7,165.2307,,
95.75,166.3666,,
95.8,168.3985,,
95.85,169.5043,,
95.9,172.2667,,
95.95,173.8049,,
96,176.009,,
96.05,176.3,,
96.1,176.4911,,
96.15,176.8761,,
96.2,176.4799,,
96.25,176.0128,,
96.3,177.2616,,
96.35,179.5654,,
96.4,182.4031,,
96.45,184.9999,,
96.5,187.2764,,
96.55,189.5189,,
96.6,191.4383,,
96.65,193.0154,,
96.7,194.1962,,
96.75,194.7296,,
96.8,194.5828,,
96.85,194.192,,
96.9,195.2032,,
96.95,196.5761,,
97,198.0282,,
97.05,199.307,,
97.1,199.7179,,
97.15,200.8863,,
97.2,201.8831,,
97.25,203.8436,,
97.3,206.2136,,
97.35,207.2285,,
97.4,209.9593,,
97.45,211.0048,,
97.5,212.9886,,
97.55,215.4687,,
97.6,216.8683,,
97.65,218.512,,
97.7,219.2349,,
97.75,218.8163,,
97.8,218.4106,,
97.85,217.4973,,
97.9,217.277,,
97.95,217.9559,,
98,219.3113,,
98.05,222.041,,
98.1,225.5755,,
98.15,228.8048,,
98.2,231.6369,,
98.25,233.7959,,
98.3,234.4165,,
98.35,233.752,,
98.4,233.5308,,
98.45,231.7435,,
98.5,230.9835,,
98.55,230.5177,,
98.6,229.9609,,
98.65,228.302,,
98.7,228.19,,
98.75,227.8139,,
98.8,226.4907,,
98.85,224.1897,,
98.9,222.9314,,
98.95,221.5486,,
99,220.2781,,
99.05,217.5039,,
99.1,216.7073,,
99.15,217.2361,,
99.2,217.8206,,
99.25,217.6062,,
99.3,216.4814,,
99.35,214.9626,,
99.4,213.2774,,
99.45,211.2833,,
99.5,210.5469,,
99.55,211.4609,,
99.6,212.1299,,
99.65,212.1453,,
99.7,211.6921,,
99.75,211.3144,,
99.8,210.7626,,
99.85,210.9742,,
99.9,211.2489,,
99.95,212.2271,,
100,211.0053,,
100.05,210.264,,
100.1,210.1805,,
100.15,208.0172,,
100.2,207.0776,,
100.25,206.3906,,
100.3,204.9195,,
100.35,205.3184,,
100.4,206.3379,,
100.45,205.921,,
100.5,205.2346,,
100.55,203.9797,,
100.6,204.1149,,
100.65,204.222,,
100.7,203.4333,,
100.75,203.7399,,
100.8,203.8482,,
100.85,203.3067,,
100.9,204.1031,,
100.95,206.0295,,
101,206.2473,,
101.05,203.3021,,
101.1,199.421,,
101.15,196.8121,,
101.2,195.2679,,
101.25,193.773,,
101.3,193.6624,,
101.35,192.6811,,
101.4,192.7239,,
101.45,189.8972,,
101.5,187.7738,,
101.55,184.8211,,
101.6,181.6395,,
101.65,179.7503,,
101.7,179.4404,,
101.75,178.5809,,
101.8,177.6444,,
101.85,174.7712,,
101.9,171.5846,,
101.95,169.4487,,
102,169.0964,,
102.05,168.6655,,
102.1,167.2965,,
102.15,164.7812,,
102.2,162.011,,
102.25,160.8169,,
102.3,161.8197,,
102.35,162.9916,,
102.4,162.9277,,
102.45,161.1136,,
102.5,156.6108,,
102.55,150.9596,,
102.6,146.1663,,
102.65,144.2451,,
102.7,145.1317,,
102.75,146.5246,,
102.8,147.5238,,
102.85,147.4218,,
102.9,143.9833,,
102.95,140.8439,,
103,137.6959,,
103.05,135.5714,,
103.1,134.11,,
103.15,135.3752,,
103.2,136.2278,,
103.25,132.6643,,
103.3,128.6522,,
103.35,125.4934,,
103.4,123.1703,,
103.45,121.0412,,
103.5,119.659,,
103.55,118.9464,,
103.6,116.6335,,
103.65,112.9228,,
103.7,110.0452,,
103.75,109.2973,,
103.8,109.7914,,
103.85,109.9886,,
103.9,110.1542,,
103.95,110.0122,,
104,108.6345,,
104.05,107.9429,,
104.1,107.0298,,
104.15,105.8462,,
104.2,104.8705,,
104.25,102.723,,
104.3,100.6859,,
104.35,98.38497,,
104.4,96.54376,,
104.45,96.99598,,
104.5,95.73616,,
104.55,94.44333,,
104.6,93.49633,,
104.65,91.83019,,
104.7,89.58556,,
104.75,87.07904,,
104.8,85.69075,,
104.85,84.15002,,
104.9,82.24483,,
104.95,80.77374,,
105,79.54898,,
105.05,78.62624,,
105.1,78.33296,,
105.15,78.95471,,
105.2,79.8693,,
105.25,79.96402,,
105.3,79.55554,,
105.35,79.68787,,
105.4,79.80738,,
105.45,78.99082,,
105.5,78.31344,,
105.55,77.54225,,
105.6,75.91789,,
105.65,72.44166,,
105.7,71.26201,,
105.75,71.61961,,
105.8,72.35229,,
105.85,72.49834,,
105.9,73.79186,,
105.95,75.28153,,
106,76.53432,,
106.05,75.98232,,
106.1,77.10478,,
106.15,76.89079,,
106.2,77.18728,,
106.25,78.12108,,
106.3,78.9407,,
106.35,79.5651,,
106.4,79.82948,,
106.45,79.9476,,
106.5,80.43115,,
106.55,81.49947,,
106.6,83.37964,,
106.65,84.81461,,
106.7,85.02486,,
106.75,84.95099,,
106.8,84.53631,,
106.85,84.1296,,
106.9,83.48708,,
106.95,82.12637,,
107,82.89715,,
107.05,85.28247,,
107.1,89.01637,,
107.15,93.857,,
107.2,97.3671,,
107.25,98.41347,,
107.3,99.05833,,
107.35,97.96304,,
107.4,99.88467,,
107.45,100.7091,,
107.5,101.4106,,
107.55,101.5895,,
107.6,102.1421,,
107.65,103.0623,,
107.7,104.8493,,
107.75,105.4026,,
107.8,106.1232,,
107.85,106.5008,,
107.9,107.5197,,
107.95,109.9505,,
108,112.2785,,
108.05,112.8031,,
108.1,112.249,,
108.15,111.1594,,
108.2,109.4487,,
108.25,109.1683,,
108.3,110.2204,,
108.35,111.5681,,
108.4,111.2376,,
108.45,111.2743,,
108.5,112.2551,,
108.55,113.2534,,
108.6,113.2016,,
108.65,113.4858,,
108.7,113.1618,,
108.75,111.2929,,
108.8,108.9355,,
108.85,107.4336,,
108.9,107.1417,,
108.95,109.0812,,
109,111.7099,,
109.05,113.3483,,
109.1,115.5315,,
109.15,115.698,,
109.2,114.3418,,
109.25,111.8968,,
109.3,110.5192,,
109.35,110.0874,,
109.4,109.9364,,
109.45,110.8258,,
109.5,112.8445,,
109.55,113.4131,,
109.6,112.0799,,
109.65,111.1935,,
109.7,109.9984,,
109.75,109.8645,,
109.8,110.1227,,
109.85,109.6447,,
109.9,109.2953,,
109.95,108.6128,,
110,105.9871,,
110.05,103.5005,,
110.1,101.5492,,
110.15,97.41331,,
110.2,93.87185,,
110.25,92.83028,,
110.3,93.80313,,
110.35,94.75623,,
110.4,94.14655,,
110.45,93.91125,,
110.5,94.69931,,
110.55,94.00443,,
110.6,94.53437,,
110.65,95.46333,,
110.7,94.69482,,
110.75,92.54824,,
110.8,89.23248,,
110.85,86.4531,,
110.9,84.53265,,
110.95,82.482,,
111,80.91516,,
111.05,79.74363,,
111.1,78.3544,,
111.15,76.91576,,
111.2,75.48643,,
111.25,74.35944,,
111.3,74.66153,,
111.35,73.87984,,
111.4,73.05316,,
111.45,71.84264,,
111.5,70.62437,,
111.55,68.90044,,
111.6,67.35548,,
111.65,66.21945,,
111.7,65.34391,,
111.75,64.23314,,
111.8,64.44848,,
111.85,64.38457,,
111.9,63.54108,,
111.95,62.26641,,
112,61.17396,,
112.05,60.87592,,
112.1,62.31099,,
112.15,64.31042,,
112.2,65.81894,,
112.25,67.38489,,
112.3,69.65722,,
112.35,73.8281,,
112.4,80.89143,,
112.45,90.87904,,
112.5,102.8827,,
112.55,114.494,,
112.6,124.5373,,
112.65,133.6714,,
112.7,144.7503,,
112.75,155.9751,,
112.8,170.4473,,
112.85,183.1189,,
112.9,198.3477,,
112.95,212.4788,,
113,217.7115,,
113.05,215.9244,,
113.1,211.797,,
113.15,202.8062,,
113.2,196.3517,,
113.25,193.7738,,
113.3,189.678,,
113.35,181.9594,,
113.4,171.1031,,
113.45,157.8936,,
113.5,146.7605,,
113.55,137.8187,,
113.6,132.5636,,
113.65,127.7126,,
113.7,120.3459,,
113.75,111.9094,,
113.8,102.5488,,
113.85,91.63097,,
113.9,81.96211,,
113.95,75.14109,,
114,69.14001,,
114.05,66.06675,,
114.1,64.30126,,
114.15,63.36734,,
114.2,60.38519,,
114.25,58.63834,,
114.3,57.02289,,
114.35,54.69168,,
114.4,53.71387,,
114.45,54.62682,,
114.5,55.69305,,
114.55,54.36535,,
114.6,53.89826,,
114.65,53.11522,,
114.7,50.161,,
114.75,47.40445,,
114.8,46.30548,,
114.85,44.53109,,
114.9,42.67982,,
114.95,40.20132,,
115,39.6969,,
115.05,40.35129,,
115.1,40.9086,,
115.15,42.36877,,
115.2,43.70604,,
115.25,43.04873,,
115.3,41.50705,,
115.35,40.51011,,
115.4,39.76935,,
115.45,39.10552,,
115.5,37.56892,,
115.55,37.60312,,
115.6,37.90132,,
115.65,38.56313,,
115.7,39.80698,,
115.75,40.96604,,
115.8,40.81451,,
115.85,39.54119,,
115.9,38.4924,,
115.95,37.37201,,
116,37.87891,,
116.05,37.86011,,
116.1,37.502,,
116.15,36.70715,,
116.2,35.8637,,
116.25,34.24962,,
116.3,33.58472,,
116.35,34.32066,,
116.4,35.68453,,
116.45,35.69561,,
116.5,35.00124,,
116.55,34.37122,,
116.6,33.40306,,
116.65,32.35082,,
116.7,31.68215,,
116.75,31.443,,
116.8,31.46002,,
116.85,31.77027,,
116.9,32.33909,,
116.95,32.02091,,
117,31.32771,,
117.05,30.0082,,
117.1,28.11889,,
117.15,27.26243,,
117.2,27.95502,,
117.25,27.99113,,
117.3,28.29522,,
117.35,28.23466,,
117.4,28.20924,,
117.45,28.27904,,
117.5,28.36355,,
117.55,28.87149,,
117.6,28.99256,,
117.65,28.51261,,
117.7,28.5447,,
117.75,28.4873,,
117.8,28.52429,,
117.85,28.62028,,
117.9,28.76402,,
117.95,28.65298,,
118,28.45268,,
118.05,28.54366,,
118.1,28.7893,,
118.15,28.72511,,
118.2,28.38189,,
118.25,28.15123,,
118.3,27.42397,,
118.35,26.49366,,
118.4,26.10259,,
118.45,26.12177,,
118.5,25.33754,,
118.55,24.76838,,
118.6,24.1337,,
118.65,23.95722,,
118.7,23.32884,,
118.75,23.07071,,
118.8,24.07518,,
118.85,24.53398,,
118.9,24.71023,,
118.95,25.14242,,
119,25.28144,,
119.05,25.56459,,
119.1,25.78309,,
119.15,25.94188,,
119.2,26.30542,,
119.25,26.78286,,
119.3,27.12446,,
119.35,26.76009,,
119.4,25.86644,,
119.45,24.97881,,
119.5,24.44623,,
119.55,24.36274,,
119.6,24.5997,,
119.65,24.93076,,
119.7,24.75989,,
119.75,24.10201,,
119.8,23.52686,,
119.85,23.32939,,
119.9,24.04192,,
119.95,25.51083,,
120,26.31472,,
120.05,26.49953,,
120.1,25.92401,,
120.15,24.80271,,
120.2,23.72131,,
120.25,22.57543,,
120.3,23.00915,,
120.35,23.83258,,
120.4,24.50383,,
120.45,25.55735,,
120.5,25.93336,,
120.55,25.30628,,
120.6,24.1303,,
120.65,23.17604,,
120.7,22.96654,,
120.75,23.3225,,
120.8,24.05822,,
120.85,24.59196,,
120.9,24.451,,
120.95,24.15519,,
121,23.9026,,
121.05,23.6119,,
121.1,23.58721,,
121.15,23.22026,,
121.2,22.50809,,
121.25,21.76337,,
121.3,21.74603,,
121.35,22.20768,,
121.4,22.74153,,
121.45,23.00082,,
121.5,23.8862,,
121.55,23.8064,,
121.6,24.07537,,
121.65,23.73109,,
121.7,22.62437,,
121.75,21.81695,,
121.8,22.20801,,
121.85,22.08283,,
121.9,22.22897,,
121.95,22.06718,,
122,21.6336,,
122.05,20.8643,,
122.1,20.47232,,
122.15,21.08908,,
122.2,21.93409,,
122.25,22.45117,,
122.3,22.82183,,
122.35,22.78218,,
122.4,22.42705,,
122.45,22.27444,,
122.5,22.17383,,
122.55,22.16618,,
122.6,22.42128,,
122.65,22.87979,,
122.7,23.06383,,
122.75,22.19694,,
122.8,21.54968,,
122.85,21.13517,,
122.9,20.50214,,
122.95,20.03363,,
123,20.24158,,
123.05,20.38249,,
123.1,20.77009,,
123.15,20.57472,,
123.2,20.24133,,
123.25,20.16681,,
123.3,20.21483,,
123.35,20.68027,,
123.4,21.38983,,
123.45,21.45598,,
123.5,21.67437,,
123.55,21.73351,,
123.6,21.08261,,
123.65,20.68492,,
123.7,20.62811,,
123.75,20.42109,,
123.8,20.15714,,
123.85,19.72709,,
123.9,19.49517,,
123.95,19.8474,,
124,19.95356,,
124.05,20.05249,,
124.1,20.38542,,
124.15,20.20946,,
124.2,19.7733,,
124.25,19.61179,,
124.3,19.1686,,
124.35,19.31393,,
124.4,19.75295,,
124.45,20.55898,,
124.5,21.21805,,
124.55,21.83756,,
124.6,21.51121,,
124.65,21.06238,,
124.7,19.6082,,
124.75,18.16308,,
124.8,17.52427,,
124.85,18.03871,,
124.9,18.87781,,
124.95,19.7189,,
125,20.54069,,
125.05,21.37851,,
125.1,22.12778,,
125.15,22.90735,,
125.2,23.26094,,
125.25,23.1531,,
125.3,22.74975,,
125.35,21.63766,,
125.4,20.56928,,
125.45,19.77475,,
125.5,19.4925,,
125.55,20.02841,,
125.6,20.28296,,
125.65,19.76757,,
125.7,19.57996,,
125.75,19.27638,,
125.8,18.8474,,
125.85,18.14228,,
125.9,17.68508,,
125.95,18.27083,,
126,18.36489,,
126.05,18.35397,,
126.1,18.6726,,
126.15,19.09406,,
126.2,18.55618,,
126.25,17.80372,,
126.3,16.86742,,
126.35,16.52273,,
126.4,16.466,,
126.45,16.77906,,
126.5,16.92641,,
126.55,16.66789,,
126.6,16.50562,,
126.65,16.57316,,
126.7,16.76849,,
126.75,17.47096,,
126.8,18.67366,,
126.85,19.37002,,
126.9,19.53197,,
126.95,19.46853,,
127,19.13545,,
127.05,18.91347,,
127.1,19.04123,,
127.15,19.66602,,
127.2,19.03191,,
127.25,17.80543,,
127.3,16.93864,,
127.35,17.02226,,
127.4,16.81459,,
127.45,17.38599,,
127.5,18.46701,,
127.55,19.52172,,
127.6,19.31437,,
127.65,19.03844,,
127.7,18.75533,,
127.75,18.40383,,
127.8,18.1226,,
127.85,17.9915,,
127.9,18.04354,,
127.95,18.19984,,
128,17.89797,,
128.05,17.47359,,
128.1,17.45147,,
128.15,17.58249,,
128.2,17.97267,,
128.25,18.44022,,
128.3,18.44336,,
128.35,18.16403,,
128.4,17.79643,,
128.45,16.90714,,
128.5,16.65198,,
128.55,16.30571,,
128.6,16.40297,,
128.65,16.64912,,
128.7,16.39267,,
128.75,16.12768,,
128.8,16.13996,,
128.85,15.86853,,
128.9,16.06603,,
128.95,16.08979,,
129,16.4019,,
129.05,17.01123,,
129.1,17.31318,,
129.15,17.50529,,
129.2,17.15024,,
129.25,16.59389,,
129.3,16.42172,,
129.35,16.18326,,
129.4,16.00196,,
129.45,16.27226,,
129.5,16.38729,,
129.55,16.02272,,
129.6,15.43273,,
129.65,14.94385,,
129.7,15.18653,,
129.75,15.9567,,
129.8,17.49757,,
129.85,19.06154,,
129.9,19.33087,,
129.95,19.20258,,
130,17.58572,,
130.05,16.05427,,
130.1,15.81268,,
130.15,15.78528,,
130.2,16.15346,,
130.25,16.35804,,
130.3,16.65537,,
130.35,17.08694,,
130.4,16.63588,,
130.45,16.46428,,
130.5,15.90538,,
130.55,14.57282,,
130.6,13.5878,,
130.65,14.25473,,
130.7,15.87679,,
130.75,16.86968,,
130.8,17.38874,,
130.85,17.77002,,
130.9,17.60435,,
130.95,17.08527,,
131,16.79298,,
131.05,16.62045,,
131.1,15.93076,,
131.15,14.76511,,
131.2,14.35234,,
131.25,15.03719,,
131.3,15.79148,,
131.35,16.38133,,
131.4,16.86808,,
131.45,17.3423,,
131.5,17.47511,,
131.55,17.62704,,
131.6,18.29063,,
131.65,17.35445,,
131.7,15.98655,,
131.75,14.33834,,
131.8,13.83002,,
131.85,14.22382,,
131.9,14.75248,,
131.95,15.8579,,
132,16.33181,,
132.05,15.86952,,
132.1,15.14486,,
132.15,14.97384,,
132.2,15.37969,,
132.25,15.40209,,
132.3,15.19803,,
132.35,15.49891,,
132.4,15.66688,,
132.45,15.42595,,
132.5,15.57367,,
132.55,16.13255,,
132.6,16.52061,,
132.65,15.69775,,
132.7,14.89839,,
132.75,14.64683,,
132.8,14.27985,,
132.85,13.48847,,
132.9,13.34723,,
132.95,14.12715,,
133,14.38936,,
133.05,14.18016,,
133.1,14.54249,,
133.15,14.68255,,
133.2,14.41926,,
133.25,14.03483,,
133.3,13.81003,,
133.35,13.9189,,
133.4,14.07073,,
133.45,14.76062,,
133.5,15.45958,,
133.55,15.79605,,
133.6,15.95393,,
133.65,15.7489,,
133.7,15.03674,,
133.75,14.18948,,
133.8,13.71867,,
133.85,13.44689,,
133.9,13.01637,,
133.95,12.85757,,
134,12.93409,,
134.05,12.79042,,
134.1,13.06385,,
134.15,13.99977,,
134.2,14.87759,,
134.25,15.66461,,
134.3,15.93117,,
134.35,15.94349,,
134.4,15.2079,,
134.45,15.29771,,
134.5,15.57575,,
134.55,15.1012,,
134.6,14.45346,,
134.65,14.42914,,
134.7,15.22281,,
134.75,16.01868,,
134.8,16.35854,,
134.85,16.36219,,
134.9,15.41645,,
134.95,14.23764,,
135,13.75172,,
135.05,13.72043,,
135.1,13.92528,,
135.15,14.03392,,
135.2,13.83842,,
135.25,13.62451,,
135.3,13.67244,,
135.35,14.09619,,
135.4,14.64897,,
135.45,14.97511,,
135.5,14.88884,,
135.55,14.3949,,
135.6,13.69738,,
135.65,12.66799,,
135.7,12.1091,,
135.75,12.38865,,
135.8,12.11366,,
135.85,11.90634,,
135.9,12.56405,,
135.95,13.64189,,
136,14.6905,,
136.05,14.96963,,
136.1,15.441,,
136.15,15.67051,,
136.2,15.10152,,
136.25,14.51612,,
136.3,14.41517,,
136.35,13.84075,,
136.4,13.07794,,
136.45,12.86061,,
136.5,13.36659,,
136.55,14.13018,,
136.6,14.59157,,
136.65,14.63358,,
136.7,14.36827,,
136.75,13.96963,,
136.8,13.90304,,
136.85,14.29506,,
136.9,14.48887,,
136.95,14.52761,,
137,14.48293,,
137.05,14.20755,,
137.1,14.0312,,
137.15,14.66716,,
137.2,14.80063,,
137.25,14.37833,,
137.3,14.4889,,
137.35,13.72702,,
137.4,12.9711,,
137.45,12.16066,,
137.5,11.21127,,
137.55,11.01587,,
137.6,11.01338,,
137.65,11.25473,,
137.7,11.30781,,
137.75,10.79602,,
137.8,10.70426,,
137.85,10.91559,,
137.9,11.12988,,
137.95,11.60686,,
138,12.20795,,
 ,,,
Alignment,On,,
