Data File Name,nk_03_06_2018_High Sensitivity DNA Assay_DE24802700_2018-03-06_15-11-01.xad,,
Data File Path,C:\Users\jlchiniquy\Desktop\JGI_Computer_BackUp\JBEI,SynBio\MiSeq\20171211_Nextera_library_size_to_loading_concentration,
Date Created,"Tuesday, March 06, 2018 11:11:01 PM",,
Date Last Modified,"Tuesday, March 06, 2018 11:52:20 PM",,
Version Created,B.02.07.SI532,,
Version Last Modified,B.02.07.SI532,,
 ,,,
Assay Name,High Sensitivity DNA,,
Assay Path,C:\Program Files\Agilent\2100 bioanalyzer\2100 expert\assays\dsDNA,,
Assay Title,High Sensitivity DNA Assay,,
Assay Version,1,,
 ,,,
Number of Samples Run,11,,
 ,,,
Sample Name,sample 2,,
Number of Events,2121,,
 ,,,
Time,Value,Library Loading Concentration (pM),Cluster Density (K/mm^2)
32,-0.7828979,10,1430
32.05,-0.7828979,,
32.1,-0.7828979,,
32.15,-0.7828979,,
32.2,-0.7828979,,
32.25,-0.7828979,,
32.3,-0.7828979,,
32.35,-0.7828979,,
32.4,-0.7828979,,
32.45,-0.7828979,,
32.5,-0.7828979,,
32.55,-0.7828979,,
32.6,-0.7828979,,
32.65,-0.7828979,,
32.7,-0.7828979,,
32.75,-0.7828979,,
32.8,-0.7828979,,
32.85,-0.7828979,,
32.9,-1.226038,,
32.95,-1.31449,,
33,-0.7174988,,
33.05,-0.2658838,,
33.1,0.3273231,,
33.15,0.8429617,,
33.2,1.121298,,
33.25,1.214019,,
33.3,1.035601,,
33.35,0.2046549,,
33.4,-0.5666314,,
33.45,-0.6572066,,
33.5,-5.06E-02,,
33.55,0.6891035,,
33.6,1.098709,,
33.65,0.8720496,,
33.7,0.1200438,,
33.75,-0.7378021,,
33.8,-1.100477,,
33.85,-0.9515994,,
33.9,-0.5720754,,
33.95,-0.2743372,,
34,-0.3267273,,
34.05,-0.4997196,,
34.1,-0.4635949,,
34.15,-0.4568864,,
34.2,-0.3741278,,
34.25,-0.1492294,,
34.3,0.1487755,,
34.35,0.2872247,,
34.4,0.2642818,,
34.45,0.3870601,,
34.5,0.3264121,,
34.55,0.4338731,,
34.6,0.5353802,,
34.65,0.5535249,,
34.7,0.6912222,,
34.75,0.6433077,,
34.8,0.3020853,,
34.85,-0.1762688,,
34.9,-0.2381745,,
34.95,5.62E-02,,
35,3.43E-02,,
35.05,-8.49E-02,,
35.1,-0.2266171,,
35.15,-0.499535,,
35.2,-0.9157214,,
35.25,-1.191128,,
35.3,-1.1221,,
35.35,-0.9311024,,
35.4,-0.5231764,,
35.45,0.1918009,,
35.5,0.9315848,,
35.55,1.280637,,
35.6,1.006308,,
35.65,0.5883422,,
35.7,0.3806366,,
35.75,0.3388705,,
35.8,0.2683499,,
35.85,0.2406015,,
35.9,7.53E-02,,
35.95,-0.2255199,,
36,-0.6547291,,
36.05,-0.9595934,,
36.1,-0.9695684,,
36.15,-0.5326067,,
36.2,5.95E-02,,
36.25,0.5257642,,
36.3,0.7995646,,
36.35,0.6051598,,
36.4,3.73E-02,,
36.45,-0.5554637,,
36.5,-0.912948,,
36.55,-0.8441712,,
36.6,-0.5570354,,
36.65,-0.172093,,
36.7,0.1725708,,
36.75,0.2685412,,
36.8,0.4137073,,
36.85,0.6468749,,
36.9,0.7583911,,
36.95,0.6310821,,
37,0.5329837,,
37.05,0.6015398,,
37.1,0.6825081,,
37.15,0.6329266,,
37.2,0.4967535,,
37.25,0.1572599,,
37.3,-0.3724047,,
37.35,-0.5311971,,
37.4,-0.105415,,
37.45,0.2242317,,
37.5,4.22E-02,,
37.55,-0.3340339,,
37.6,-0.5956534,,
37.65,-0.6902528,,
37.7,-0.5581486,,
37.75,-0.2790597,,
37.8,-0.1837036,,
37.85,-0.4548343,,
37.9,-0.8476672,,
37.95,-0.9401737,,
38,-0.8227692,,
38.05,-0.5518106,,
38.1,-2.73E-02,,
38.15,0.5219955,,
38.2,0.8752442,,
38.25,0.8945833,,
38.3,0.5522665,,
38.35,-6.32E-02,,
38.4,-0.6047641,,
38.45,-0.7975041,,
38.5,-0.8652506,,
38.55,-1.011329,,
38.6,-1.027631,,
38.65,-0.9080166,,
38.7,-0.755308,,
38.75,-0.700918,,
38.8,-0.6693591,,
38.85,-0.6156792,,
38.9,-0.5529557,,
38.95,-0.4740956,,
39,-0.4284428,,
39.05,-0.570776,,
39.1,-0.7755509,,
39.15,-1.029789,,
39.2,-1.220158,,
39.25,-0.8448958,,
39.3,-0.1174659,,
39.35,0.2245443,,
39.4,-2.06E-02,,
39.45,-0.4288259,,
39.5,-0.6249613,,
39.55,-0.8236723,,
39.6,-0.7928371,,
39.65,-0.2612052,,
39.7,0.12007,,
39.75,-5.35E-02,,
39.8,-0.1594368,,
39.85,0.2273336,,
39.9,0.6785074,,
39.95,0.6056708,,
40,0.4947734,,
40.05,0.2571783,,
40.1,-0.2734896,,
40.15,-0.7835338,,
40.2,-0.9168164,,
40.25,-0.7128805,,
40.3,-0.4029452,,
40.35,-0.128288,,
40.4,0.2227662,,
40.45,0.2710965,,
40.5,0.1722773,,
40.55,-7.96E-02,,
40.6,-0.2397883,,
40.65,-7.09E-02,,
40.7,0.319845,,
40.75,1.024487,,
40.8,1.631093,,
40.85,1.888995,,
40.9,1.891232,,
40.95,1.560025,,
41,1.279997,,
41.05,1.2162,,
41.1,1.259199,,
41.15,1.345926,,
41.2,1.235973,,
41.25,1.029684,,
41.3,0.7846531,,
41.35,0.7401795,,
41.4,0.8750601,,
41.45,1.171108,,
41.5,1.431855,,
41.55,1.535392,,
41.6,1.570802,,
41.65,1.862648,,
41.7,2.281724,,
41.75,2.73224,,
41.8,3.040644,,
41.85,3.111662,,
41.9,2.984335,,
41.95,2.526101,,
42,2.232735,,
42.05,2.132272,,
42.1,2.135178,,
42.15,2.248852,,
42.2,2.267254,,
42.25,2.148083,,
42.3,2.235828,,
42.35,2.351705,,
42.4,2.587751,,
42.45,3.022493,,
42.5,4.43191,,
42.55,7.728034,,
42.6,13.46721,,
42.65,23.18766,,
42.7,38.08614,,
42.75,57.69798,,
42.8,80.94901,,
42.85,104.8816,,
42.9,126.2813,,
42.95,140.4338,,
43,144.1598,,
43.05,136.5056,,
43.1,119.4426,,
43.15,95.74715,,
43.2,70.83347,,
43.25,48.28722,,
43.3,30.61489,,
43.35,18.35157,,
43.4,10.92607,,
43.45,6.970115,,
43.5,5.298635,,
43.55,4.583884,,
43.6,4.584038,,
43.65,4.601315,,
43.7,4.423586,,
43.75,4.399235,,
43.8,4.287401,,
43.85,4.012403,,
43.9,3.646362,,
43.95,3.363385,,
44,3.204928,,
44.05,3.236123,,
44.1,3.195507,,
44.15,3.169073,,
44.2,3.234512,,
44.25,3.242965,,
44.3,3.171362,,
44.35,3.523565,,
44.4,3.966832,,
44.45,4.467329,,
44.5,4.905573,,
44.55,4.779181,,
44.6,4.394614,,
44.65,3.632001,,
44.7,2.892385,,
44.75,2.664459,,
44.8,2.632518,,
44.85,2.858166,,
44.9,2.842686,,
44.95,2.770631,,
45,3.344692,,
45.05,4.275527,,
45.1,5.163619,,
45.15,5.824573,,
45.2,5.898962,,
45.25,5.743059,,
45.3,5.751279,,
45.35,6.351713,,
45.4,7.174469,,
45.45,7.900456,,
45.5,8.762151,,
45.55,9.842294,,
45.6,11.00492,,
45.65,12.32653,,
45.7,13.40438,,
45.75,13.82981,,
45.8,13.55132,,
45.85,12.66072,,
45.9,11.3926,,
45.95,9.901212,,
46,8.537141,,
46.05,7.493156,,
46.1,6.818953,,
46.15,6.444484,,
46.2,6.155045,,
46.25,5.551657,,
46.3,4.834267,,
46.35,4.49505,,
46.4,4.594184,,
46.45,4.891693,,
46.5,5.229332,,
46.55,5.43776,,
46.6,5.286482,,
46.65,4.851758,,
46.7,4.31412,,
46.75,3.848466,,
46.8,3.408601,,
46.85,2.843565,,
46.9,2.438831,,
46.95,2.343713,,
47,2.388367,,
47.05,2.375332,,
47.1,2.278574,,
47.15,2.197637,,
47.2,2.039691,,
47.25,1.94841,,
47.3,2.212893,,
47.35,2.689984,,
47.4,3.237607,,
47.45,3.545253,,
47.5,3.59995,,
47.55,3.459579,,
47.6,3.058172,,
47.65,2.664021,,
47.7,2.223409,,
47.75,1.75245,,
47.8,1.492332,,
47.85,1.345372,,
47.9,1.476553,,
47.95,1.847315,,
48,2.275452,,
48.05,2.657911,,
48.1,2.923792,,
48.15,3.075208,,
48.2,3.012192,,
48.25,2.795545,,
48.3,2.672132,,
48.35,2.631073,,
48.4,2.316599,,
48.45,1.791385,,
48.5,1.19441,,
48.55,0.4069569,,
48.6,-0.245943,,
48.65,-0.4573463,,
48.7,-0.3833417,,
48.75,-0.1034354,,
48.8,0.2809154,,
48.85,0.7368363,,
48.9,0.9822181,,
48.95,0.88797,,
49,0.5931817,,
49.05,3.33E-02,,
49.1,-0.6435189,,
49.15,-1.11279,,
49.2,-1.327249,,
49.25,-1.320402,,
49.3,-1.281421,,
49.35,-1.233513,,
49.4,-1.183465,,
49.45,-1.256757,,
49.5,-1.24715,,
49.55,-1.14703,,
49.6,-1.098864,,
49.65,-1.055818,,
49.7,-1.159706,,
49.75,-1.261507,,
49.8,-1.439936,,
49.85,-1.720188,,
49.9,-1.840689,,
49.95,-1.74051,,
50,-1.411624,,
50.05,-0.9235701,,
50.1,-0.7925746,,
50.15,-1.058998,,
50.2,-1.393178,,
50.25,-1.228303,,
50.3,-0.8706169,,
50.35,-0.6651437,,
50.4,-0.8835019,,
50.45,-1.546631,,
50.5,-2.278728,,
50.55,-2.691697,,
50.6,-2.624664,,
50.65,-1.986442,,
50.7,-1.398752,,
50.75,-0.971164,,
50.8,-0.5987171,,
50.85,-0.3577336,,
50.9,-0.2387169,,
50.95,-0.2456943,,
51,-0.2382929,,
51.05,-0.1681584,,
51.1,-0.4937319,,
51.15,-0.8676406,,
51.2,-1.035149,,
51.25,-1.284637,,
51.3,-1.411555,,
51.35,-1.194844,,
51.4,-0.8632954,,
51.45,-0.8721372,,
51.5,-1.230295,,
51.55,-1.428612,,
51.6,-1.533469,,
51.65,-1.449419,,
51.7,-1.147188,,
51.75,-0.7786069,,
51.8,-0.505103,,
51.85,-0.3192897,,
51.9,-0.2763205,,
51.95,-0.2297685,,
52,-0.2104124,,
52.05,3.51E-02,,
52.1,0.5100036,,
52.15,0.9712786,,
52.2,0.9563802,,
52.25,0.628018,,
52.3,0.2081855,,
52.35,0.1708544,,
52.4,3.61E-02,,
52.45,8.05E-02,,
52.5,-8.47E-02,,
52.55,-0.8388977,,
52.6,-1.864174,,
52.65,-2.244845,,
52.7,-2.254536,,
52.75,-1.924862,,
52.8,-1.860038,,
52.85,-1.611021,,
52.9,-1.706429,,
52.95,-2.067441,,
53,-2.329041,,
53.05,-2.254578,,
53.1,-2.154541,,
53.15,-1.890711,,
53.2,-1.467106,,
53.25,-0.708734,,
53.3,-0.1328297,,
53.35,0.3915224,,
53.4,0.3856297,,
53.45,-0.1940764,,
53.5,-1.219435,,
53.55,-2.041748,,
53.6,-2.44185,,
53.65,-2.690468,,
53.7,-2.594113,,
53.75,-2.013468,,
53.8,-1.719776,,
53.85,-1.43382,,
53.9,-1.194422,,
53.95,-0.9347154,,
54,-1.109114,,
54.05,-1.358102,,
54.1,-1.188375,,
54.15,-0.8527732,,
54.2,-0.4690393,,
54.25,-0.1212889,,
54.3,-0.1135459,,
54.35,-0.2667682,,
54.4,-0.5275382,,
54.45,-0.830228,,
54.5,-1.061781,,
54.55,-1.007355,,
54.6,-0.575896,,
54.65,-0.2209843,,
54.7,-8.46E-02,,
54.75,3.32E-02,,
54.8,-0.1511881,,
54.85,-0.6236067,,
54.9,-0.9403363,,
54.95,-0.9070691,,
55,-0.6638156,,
55.05,-0.573015,,
55.1,-0.6001284,,
55.15,-0.8542275,,
55.2,-1.308208,,
55.25,-1.85765,,
55.3,-2.171985,,
55.35,-2.193412,,
55.4,-2.002072,,
55.45,-1.567022,,
55.5,-1.103889,,
55.55,-0.9367273,,
55.6,-0.8163415,,
55.65,-0.7862998,,
55.7,-0.9721168,,
55.75,-1.232729,,
55.8,-1.322048,,
55.85,-1.135926,,
55.9,-1.173684,,
55.95,-1.361775,,
56,-1.427276,,
56.05,-1.511843,,
56.1,-1.61909,,
56.15,-1.711958,,
56.2,-1.791077,,
56.25,-1.859258,,
56.3,-1.97386,,
56.35,-1.818201,,
56.4,-1.472078,,
56.45,-1.272176,,
56.5,-1.420614,,
56.55,-1.652329,,
56.6,-1.701318,,
56.65,-1.4235,,
56.7,-0.9798501,,
56.75,-0.429586,,
56.8,6.59E-02,,
56.85,0.451353,,
56.9,0.6639282,,
56.95,0.7206182,,
57,0.6861018,,
57.05,0.4980657,,
57.1,0.1483148,,
57.15,-0.1268312,,
57.2,-0.2616549,,
57.25,-0.2195607,,
57.3,-0.3387795,,
57.35,-0.5778107,,
57.4,-0.9126869,,
57.45,-1.323548,,
57.5,-1.504656,,
57.55,-1.270845,,
57.6,-0.7553995,,
57.65,-0.3102639,,
57.7,-0.1009282,,
57.75,-7.63E-02,,
57.8,-0.2792519,,
57.85,-0.4067706,,
57.9,-0.3352289,,
57.95,-0.3095951,,
58,-0.4113312,,
58.05,-0.6197876,,
58.1,-0.8367464,,
58.15,-1.026471,,
58.2,-1.128034,,
58.25,-0.9697742,,
58.3,-0.7906492,,
58.35,-0.6607838,,
58.4,-0.5333709,,
58.45,-0.6374672,,
58.5,-0.7682722,,
58.55,-0.7410074,,
58.6,-0.5524482,,
58.65,-0.2595791,,
58.7,-0.3209281,,
58.75,-0.6642599,,
58.8,-0.9307823,,
58.85,-1.199254,,
58.9,-1.332803,,
58.95,-1.108394,,
59,-0.6755076,,
59.05,-0.389536,,
59.1,-0.3600686,,
59.15,-0.3430747,,
59.2,-0.2749819,,
59.25,-0.2479706,,
59.3,7.62E-02,,
59.35,0.7305171,,
59.4,1.081727,,
59.45,1.126919,,
59.5,1.113144,,
59.55,0.9081956,,
59.6,0.6230758,,
59.65,0.471064,,
59.7,0.4539503,,
59.75,0.302009,,
59.8,-6.57E-03,,
59.85,-0.1143153,,
59.9,-6.06E-02,,
59.95,6.17E-02,,
60,0.2035846,,
60.05,0.355848,,
60.1,0.3153444,,
60.15,8.04E-02,,
60.2,0.1992674,,
60.25,0.5272586,,
60.3,0.7515862,,
60.35,0.5734327,,
60.4,0.2027783,,
60.45,-5.98E-03,,
60.5,-7.42E-02,,
60.55,0.3095359,,
60.6,0.6965023,,
60.65,0.6867048,,
60.7,0.3407154,,
60.75,-0.1101483,,
60.8,-0.3643338,,
60.85,-0.3628591,,
60.9,-0.2195912,,
60.95,7.55E-02,,
61,0.1974875,,
61.05,0.4253881,,
61.1,0.4226051,,
61.15,0.6300709,,
61.2,0.9885709,,
61.25,1.311326,,
61.3,1.461469,,
61.35,1.317225,,
61.4,1.16054,,
61.45,1.113249,,
61.5,1.027282,,
61.55,1.113022,,
61.6,1.28468,,
61.65,1.251661,,
61.7,1.053114,,
61.75,1.06054,,
61.8,1.357134,,
61.85,1.624116,,
61.9,1.777783,,
61.95,1.751194,,
62,1.671514,,
62.05,1.457976,,
62.1,1.566159,,
62.15,2.104806,,
62.2,2.749644,,
62.25,3.144493,,
62.3,2.89919,,
62.35,2.998424,,
62.4,3.730938,,
62.45,4.090706,,
62.5,4.062329,,
62.55,3.841762,,
62.6,3.468269,,
62.65,2.9732,,
62.7,2.522013,,
62.75,2.781279,,
62.8,2.984278,,
62.85,3.446716,,
62.9,4.044467,,
62.95,4.33081,,
63,4.165009,,
63.05,3.489605,,
63.1,2.960582,,
63.15,2.834386,,
63.2,2.985702,,
63.25,3.63738,,
63.3,4.264129,,
63.35,4.562656,,
63.4,4.443668,,
63.45,3.965687,,
63.5,3.97665,,
63.55,4.243495,,
63.6,4.562759,,
63.65,5.020253,,
63.7,5.386877,,
63.75,5.625484,,
63.8,5.925847,,
63.85,6.000041,,
63.9,6.379984,,
63.95,6.394374,,
64,6.398255,,
64.05,6.539724,,
64.1,6.622144,,
64.15,6.67076,,
64.2,6.91404,,
64.25,7.392476,,
64.3,8.09697,,
64.35,8.449362,,
64.4,8.401255,,
64.45,7.940851,,
64.5,7.606602,,
64.55,7.721109,,
64.6,8.630575,,
64.65,9.570516,,
64.7,10.14409,,
64.75,10.06929,,
64.8,9.749468,,
64.85,9.717906,,
64.9,9.874417,,
64.95,10.18032,,
65,10.46243,,
65.05,10.57227,,
65.1,10.1864,,
65.15,9.735538,,
65.2,9.719965,,
65.25,9.900637,,
65.3,10.00616,,
65.35,10.05679,,
65.4,10.17374,,
65.45,10.56071,,
65.5,10.98298,,
65.55,11.5731,,
65.6,12.0022,,
65.65,11.91441,,
65.7,11.98066,,
65.75,12.17985,,
65.8,12.25129,,
65.85,12.35685,,
65.9,12.51698,,
65.95,12.62622,,
66,12.62618,,
66.05,12.68168,,
66.1,12.86508,,
66.15,12.82192,,
66.2,12.98553,,
66.25,13.40592,,
66.3,13.82583,,
66.35,14.15683,,
66.4,14.54499,,
66.45,15.14704,,
66.5,15.72309,,
66.55,16.02965,,
66.6,16.03866,,
66.65,15.5988,,
66.7,15.16688,,
66.75,15.27407,,
66.8,15.91392,,
66.85,16.52563,,
66.9,16.7943,,
66.95,17.09825,,
67,17.28757,,
67.05,17.27927,,
67.1,17.40342,,
67.15,17.6205,,
67.2,17.66557,,
67.25,17.66984,,
67.3,17.90379,,
67.35,18.18861,,
67.4,18.09079,,
67.45,17.94341,,
67.5,18.0657,,
67.55,18.1746,,
67.6,18.50033,,
67.65,18.99157,,
67.7,19.26066,,
67.75,19.17121,,
67.8,18.75615,,
67.85,18.67092,,
67.9,19.07667,,
67.95,19.73957,,
68,20.56471,,
68.05,21.05211,,
68.1,20.94193,,
68.15,20.43675,,
68.2,20.0272,,
68.25,20.23031,,
68.3,20.89126,,
68.35,21.55717,,
68.4,21.93428,,
68.45,21.66664,,
68.5,21.01,,
68.55,20.64826,,
68.6,20.71787,,
68.65,20.9765,,
68.7,21.27,,
68.75,21.56726,,
68.8,22.16236,,
68.85,22.87231,,
68.9,23.26551,,
68.95,23.15068,,
69,22.85636,,
69.05,22.94891,,
69.1,23.7218,,
69.15,24.67478,,
69.2,25.36266,,
69.25,25.60346,,
69.3,25.0816,,
69.35,24.37875,,
69.4,23.95025,,
69.45,23.70343,,
69.5,23.64991,,
69.55,23.79738,,
69.6,24.27129,,
69.65,25.12201,,
69.7,25.80419,,
69.75,26.33094,,
69.8,26.57126,,
69.85,26.49246,,
69.9,26.4253,,
69.95,26.5171,,
70,26.68248,,
70.05,26.93214,,
70.1,27.0243,,
70.15,26.90908,,
70.2,26.48316,,
70.25,25.94769,,
70.3,25.35679,,
70.35,24.99512,,
70.4,25.12119,,
70.45,26.08024,,
70.5,27.27081,,
70.55,27.81322,,
70.6,27.63381,,
70.65,27.60676,,
70.7,27.67577,,
70.75,28.14736,,
70.8,28.9375,,
70.85,29.80707,,
70.9,29.82883,,
70.95,29.67623,,
71,29.47988,,
71.05,29.56365,,
71.1,29.66701,,
71.15,29.86519,,
71.2,30.19372,,
71.25,30.49937,,
71.3,30.57815,,
71.35,30.2801,,
71.4,29.57152,,
71.45,29.48078,,
71.5,29.63024,,
71.55,30.06524,,
71.6,30.90945,,
71.65,31.84171,,
71.7,32.5568,,
71.75,32.79262,,
71.8,32.58532,,
71.85,32.11821,,
71.9,31.60428,,
71.95,31.21857,,
72,31.01365,,
72.05,31.14439,,
72.1,31.28622,,
72.15,31.84419,,
72.2,32.8503,,
72.25,33.84524,,
72.3,34.31891,,
72.35,34.47925,,
72.4,34.58129,,
72.45,34.83274,,
72.5,34.83664,,
72.55,35.20575,,
72.6,34.84051,,
72.65,33.74813,,
72.7,33.36491,,
72.75,33.56369,,
72.8,33.33092,,
72.85,33.71931,,
72.9,33.71455,,
72.95,33.30561,,
73,32.60214,,
73.05,32.15076,,
73.1,32.50749,,
73.15,33.21581,,
73.2,34.28042,,
73.25,35.32077,,
73.3,35.22915,,
73.35,35.07631,,
73.4,35.0308,,
73.45,35.32876,,
73.5,35.49355,,
73.55,35.70633,,
73.6,35.91755,,
73.65,35.60302,,
73.7,35.58062,,
73.75,36.11068,,
73.8,36.57268,,
73.85,37.18571,,
73.9,36.92529,,
73.95,36.67361,,
74,37.01251,,
74.05,37.65131,,
74.1,38.49485,,
74.15,39.15799,,
74.2,38.99253,,
74.25,38.78794,,
74.3,38.36432,,
74.35,38.43839,,
74.4,38.91407,,
74.45,39.68366,,
74.5,40.31424,,
74.55,40.87594,,
74.6,40.85033,,
74.65,40.7599,,
74.7,40.69697,,
74.75,40.30819,,
74.8,40.32534,,
74.85,40.6097,,
74.9,40.7494,,
74.95,41.14845,,
75,40.63673,,
75.05,40.57473,,
75.1,40.99158,,
75.15,41.40548,,
75.2,42.01015,,
75.25,42.31343,,
75.3,42.10832,,
75.35,41.75696,,
75.4,41.22089,,
75.45,41.5878,,
75.5,42.27685,,
75.55,42.83262,,
75.6,43.05033,,
75.65,42.78173,,
75.7,42.66933,,
75.75,43.14263,,
75.8,43.37234,,
75.85,43.58351,,
75.9,43.68552,,
75.95,43.85352,,
76,43.70966,,
76.05,43.60358,,
76.1,44.05387,,
76.15,44.53125,,
76.2,44.61285,,
76.25,44.64832,,
76.3,45.00915,,
76.35,45.42199,,
76.4,45.64556,,
76.45,46.26965,,
76.5,47.11124,,
76.55,47.84115,,
76.6,48.42058,,
76.65,48.62464,,
76.7,48.55457,,
76.75,48.23215,,
76.8,48.12521,,
76.85,47.8277,,
76.9,47.66248,,
76.95,47.7872,,
77,48.06839,,
77.05,48.44367,,
77.1,49.28506,,
77.15,50.02949,,
77.2,50.35137,,
77.25,50.09558,,
77.3,49.64319,,
77.35,49.71925,,
77.4,50.37332,,
77.45,50.65477,,
77.5,50.48198,,
77.55,50.09174,,
77.6,49.81358,,
77.65,50.20807,,
77.7,51.45673,,
77.75,53.38213,,
77.8,54.48386,,
77.85,54.38713,,
77.9,53.88455,,
77.95,52.97082,,
78,52.25679,,
78.05,51.99295,,
78.1,51.64261,,
78.15,51.40668,,
78.2,51.64085,,
78.25,52.39117,,
78.3,53.24907,,
78.35,53.94863,,
78.4,54.19085,,
78.45,54.09383,,
78.5,53.98146,,
78.55,54.13245,,
78.6,54.57,,
78.65,55.05511,,
78.7,56.14398,,
78.75,58.0961,,
78.8,60.13253,,
78.85,61.45428,,
78.9,61.44288,,
78.95,60.69771,,
79,59.74186,,
79.05,59.18862,,
79.1,59.3791,,
79.15,60.35221,,
79.2,61.36565,,
79.25,61.81483,,
79.3,61.69963,,
79.35,62.00917,,
79.4,62.29885,,
79.45,62.9858,,
79.5,64.20129,,
79.55,65.88379,,
79.6,67.18594,,
79.65,68.64367,,
79.7,70.26839,,
79.75,71.90054,,
79.8,73.06174,,
79.85,74.18429,,
79.9,74.8579,,
79.95,75.18035,,
80,74.67995,,
80.05,73.34906,,
80.1,71.60197,,
80.15,70.52484,,
80.2,70.70039,,
80.25,71.70158,,
80.3,72.63034,,
80.35,73.00349,,
80.4,72.39531,,
80.45,71.84049,,
80.5,71.6638,,
80.55,71.70555,,
80.6,71.84617,,
80.65,71.84887,,
80.7,71.72787,,
80.75,71.52072,,
80.8,71.49718,,
80.85,71.28173,,
80.9,71.34214,,
80.95,71.54936,,
81,71.38927,,
81.05,71.43855,,
81.1,71.91172,,
81.15,72.45448,,
81.2,72.58192,,
81.25,73.05598,,
81.3,73.87576,,
81.35,74.32963,,
81.4,74.66645,,
81.45,75.17939,,
81.5,75.30556,,
81.55,75.15826,,
81.6,74.80294,,
81.65,75.51908,,
81.7,77.02351,,
81.75,79.30439,,
81.8,81.42784,,
81.85,83.18546,,
81.9,83.25007,,
81.95,82.95552,,
82,81.95722,,
82.05,81.23729,,
82.1,80.29488,,
82.15,79.1291,,
82.2,77.83688,,
82.25,77.07578,,
82.3,75.87466,,
82.35,76.58872,,
82.4,78.11787,,
82.45,79.36025,,
82.5,79.97371,,
82.55,80.5392,,
82.6,81.32173,,
82.65,81.35536,,
82.7,81.59216,,
82.75,82.34454,,
82.8,82.32342,,
82.85,81.67204,,
82.9,80.44614,,
82.95,78.61563,,
83,76.87231,,
83.05,75.84635,,
83.1,76.34943,,
83.15,76.67686,,
83.2,77.44736,,
83.25,77.83778,,
83.3,77.614,,
83.35,77.62467,,
83.4,78.32371,,
83.45,79.32538,,
83.5,80.58794,,
83.55,81.60668,,
83.6,82.3755,,
83.65,82.03197,,
83.7,81.12335,,
83.75,79.80459,,
83.8,78.58312,,
83.85,77.34646,,
83.9,77.01251,,
83.95,77.23476,,
84,78.09205,,
84.05,78.26115,,
84.1,78.48425,,
84.15,78.62269,,
84.2,78.28754,,
84.25,77.58102,,
84.3,77.47573,,
84.35,78.24909,,
84.4,79.53432,,
84.45,80.63367,,
84.5,82.08249,,
84.55,82.84566,,
84.6,83.37842,,
84.65,84.37572,,
84.7,84.81244,,
84.75,85.11475,,
84.8,84.79957,,
84.85,84.39512,,
84.9,84.10021,,
84.95,83.93138,,
85,84.10004,,
85.05,84.46433,,
85.1,84.53125,,
85.15,84.62341,,
85.2,85.01253,,
85.25,85.83382,,
85.3,86.44875,,
85.35,86.33789,,
85.4,85.20948,,
85.45,84.79313,,
85.5,84.68048,,
85.55,85.66419,,
85.6,87.60255,,
85.65,89.33389,,
85.7,89.69048,,
85.75,89.51514,,
85.8,89.75619,,
85.85,90.71255,,
85.9,91.57561,,
85.95,92.21162,,
86,92.30142,,
86.05,90.8523,,
86.1,88.61286,,
86.15,86.69409,,
86.2,85.08121,,
86.25,84.30957,,
86.3,83.75799,,
86.35,83.74585,,
86.4,83.50226,,
86.45,83.14845,,
86.5,83.44016,,
86.55,83.90995,,
86.6,84.2714,,
86.65,84.51168,,
86.7,84.78251,,
86.75,84.93435,,
86.8,84.62237,,
86.85,84.51232,,
86.9,84.29209,,
86.95,84.04098,,
87,83.70607,,
87.05,83.70383,,
87.1,84.25324,,
87.15,84.62874,,
87.2,85.2411,,
87.25,86.40488,,
87.3,87.84443,,
87.35,89.24861,,
87.4,89.75041,,
87.45,89.87643,,
87.5,89.835,,
87.55,89.41488,,
87.6,88.89785,,
87.65,88.70686,,
87.7,88.77444,,
87.75,89.07132,,
87.8,89.27869,,
87.85,89.31215,,
87.9,89.13985,,
87.95,88.59335,,
88,88.27909,,
88.05,88.40127,,
88.1,88.48257,,
88.15,88.12159,,
88.2,87.55914,,
88.25,87.20333,,
88.3,87.069,,
88.35,87.49146,,
88.4,88.5462,,
88.45,89.23257,,
88.5,89.58569,,
88.55,90.05805,,
88.6,90.41216,,
88.65,90.71053,,
88.7,91.20778,,
88.75,92.26153,,
88.8,93.05118,,
88.85,93.3688,,
88.9,94.00494,,
88.95,94.34957,,
89,94.22598,,
89.05,94.45171,,
89.1,94.4566,,
89.15,94.59187,,
89.2,94.99891,,
89.25,95.44926,,
89.3,95.87966,,
89.35,96.14062,,
89.4,96.715,,
89.45,96.91364,,
89.5,97.1002,,
89.55,97.57425,,
89.6,97.8951,,
89.65,97.87296,,
89.7,97.72688,,
89.75,97.70158,,
89.8,98.1896,,
89.85,97.73407,,
89.9,97.92302,,
89.95,98.17895,,
90,97.95703,,
90.05,97.50377,,
90.1,97.32107,,
90.15,97.73754,,
90.2,98.44046,,
90.25,98.81346,,
90.3,99.31444,,
90.35,99.39585,,
90.4,99.51167,,
90.45,100.3543,,
90.5,102.0625,,
90.55,102.9468,,
90.6,102.8435,,
90.65,102.1307,,
90.7,102.1997,,
90.75,102.6265,,
90.8,103.1611,,
90.85,104.3647,,
90.9,105.159,,
90.95,105.3674,,
91,105.4815,,
91.05,105.8215,,
91.1,106.7924,,
91.15,107.2852,,
91.2,108.0035,,
91.25,108.9179,,
91.3,109.1342,,
91.35,109.8069,,
91.4,110.6633,,
91.45,111.535,,
91.5,112.3434,,
91.55,112.7376,,
91.6,114.0914,,
91.65,115.4352,,
91.7,116.7337,,
91.75,118.0582,,
91.8,118.3547,,
91.85,117.8451,,
91.9,117.6276,,
91.95,118.07,,
92,117.8482,,
92.05,117.7891,,
92.1,117.9395,,
92.15,119.2734,,
92.2,121.1891,,
92.25,124.0386,,
92.3,126.1706,,
92.35,126.6744,,
92.4,125.607,,
92.45,124.3826,,
92.5,123.9712,,
92.55,124.4368,,
92.6,125.8214,,
92.65,128.1629,,
92.7,129.6178,,
92.75,130.7331,,
92.8,130.9093,,
92.85,131.5224,,
92.9,133.6258,,
92.95,135.6175,,
93,137.4377,,
93.05,138.958,,
93.1,139.1481,,
93.15,138.2233,,
93.2,137.3571,,
93.25,137.5903,,
93.3,138.5195,,
93.35,138.7804,,
93.4,139.4011,,
93.45,140.2601,,
93.5,141.5423,,
93.55,143.1999,,
93.6,145.1025,,
93.65,145.8613,,
93.7,146.7984,,
93.75,147.7187,,
93.8,149.2157,,
93.85,151.2461,,
93.9,153.4598,,
93.95,153.3694,,
94,154.3601,,
94.05,153.4266,,
94.1,155.4298,,
94.15,156.8221,,
94.2,159.0921,,
94.25,161.1056,,
94.3,161.9307,,
94.35,161.2206,,
94.4,161.8974,,
94.45,162.6177,,
94.5,165.6776,,
94.55,167.941,,
94.6,170.3267,,
94.65,171.3704,,
94.7,172.5728,,
94.75,172.1784,,
94.8,170.9583,,
94.85,170.2923,,
94.9,171.9279,,
94.95,173.7437,,
95,175.3226,,
95.05,176.0635,,
95.1,176.8854,,
95.15,177.2286,,
95.2,178.1696,,
95.25,178.899,,
95.3,182.0142,,
95.35,184.3014,,
95.4,185.6312,,
95.45,188.0492,,
95.5,191.0194,,
95.55,192.7153,,
95.6,193.5499,,
95.65,193.7831,,
95.7,194.2149,,
95.75,194.3063,,
95.8,195.5214,,
95.85,198.3826,,
95.9,200.6556,,
95.95,201.5166,,
96,202.3422,,
96.05,202.7547,,
96.1,203.3789,,
96.15,204.8527,,
96.2,205.4487,,
96.25,207.241,,
96.3,209.3542,,
96.35,211.461,,
96.4,213.836,,
96.45,215.9187,,
96.5,216.3855,,
96.55,216.8439,,
96.6,217.4557,,
96.65,218.0126,,
96.7,220.1358,,
96.75,224.3564,,
96.8,228.0722,,
96.85,230.7997,,
96.9,231.2804,,
96.95,230.437,,
97,229.8437,,
97.05,231.8711,,
97.1,235.7365,,
97.15,238.3621,,
97.2,238.7492,,
97.25,238.5371,,
97.3,238.2489,,
97.35,238.8362,,
97.4,240.5919,,
97.45,242.7234,,
97.5,243.3191,,
97.55,242.6921,,
97.6,243.33,,
97.65,244.7615,,
97.7,245.4944,,
97.75,246.1906,,
97.8,248.0086,,
97.85,249.7761,,
97.9,250.2199,,
97.95,250.866,,
98,250.9493,,
98.05,249.946,,
98.1,248.8996,,
98.15,247.279,,
98.2,246.4198,,
98.25,247.5543,,
98.3,250.009,,
98.35,251.6238,,
98.4,251.7149,,
98.45,252.4564,,
98.5,253.487,,
98.55,252.5478,,
98.6,251.477,,
98.65,250.6256,,
98.7,249.5596,,
98.75,248.8335,,
98.8,248.8062,,
98.85,250.4478,,
98.9,253.0289,,
98.95,253.512,,
99,253.779,,
99.05,253.2038,,
99.1,251.524,,
99.15,248.6143,,
99.2,246.3025,,
99.25,246.4825,,
99.3,247.0338,,
99.35,246.544,,
99.4,246.4029,,
99.45,246.2592,,
99.5,245.1217,,
99.55,243.5362,,
99.6,241.4009,,
99.65,239.3627,,
99.7,237.4304,,
99.75,236.1507,,
99.8,235.7004,,
99.85,234.4155,,
99.9,232.8747,,
99.95,233.6784,,
100,235.3651,,
100.05,238.2708,,
100.1,239.1146,,
100.15,237.3653,,
100.2,233.6701,,
100.25,230.132,,
100.3,230.2529,,
100.35,232.6722,,
100.4,233.142,,
100.45,232.8645,,
100.5,230.4843,,
100.55,227.2035,,
100.6,224.5927,,
100.65,224.9809,,
100.7,225.5732,,
100.75,225.2652,,
100.8,224.3421,,
100.85,223.4018,,
100.9,220.3046,,
100.95,218.3159,,
101,218.2237,,
101.05,218.7638,,
101.1,219.8859,,
101.15,220.1335,,
101.2,218.638,,
101.25,215.5312,,
101.3,212.4531,,
101.35,210.2256,,
101.4,208.654,,
101.45,210.716,,
101.5,211.4598,,
101.55,211.3883,,
101.6,209.4024,,
101.65,204.741,,
101.7,200.2131,,
101.75,197.0244,,
101.8,197.232,,
101.85,198.2887,,
101.9,196.7598,,
101.95,194.5813,,
102,191.8068,,
102.05,190.1155,,
102.1,190.6823,,
102.15,193.0598,,
102.2,194.3672,,
102.25,193.7269,,
102.3,191.2978,,
102.35,188.3197,,
102.4,186.1976,,
102.45,185.1243,,
102.5,183.8699,,
102.55,181.7419,,
102.6,178.6205,,
102.65,177.9635,,
102.7,178.0536,,
102.75,177.1434,,
102.8,175.6536,,
102.85,173.6732,,
102.9,169.478,,
102.95,165.7396,,
103,162.0963,,
103.05,161.1916,,
103.1,159.8157,,
103.15,157.989,,
103.2,158.5513,,
103.25,159.549,,
103.3,158.8186,,
103.35,158.3679,,
103.4,157.8021,,
103.45,157.0383,,
103.5,153.5776,,
103.55,150.2505,,
103.6,148.0848,,
103.65,146.4475,,
103.7,143.9463,,
103.75,141.4018,,
103.8,138.6387,,
103.85,135.6397,,
103.9,133.3258,,
103.95,132.326,,
104,132.4308,,
104.05,131.8744,,
104.1,130.4657,,
104.15,129.7257,,
104.2,130.0507,,
104.25,130.2607,,
104.3,130.0698,,
104.35,128.1004,,
104.4,125.5871,,
104.45,121.2491,,
104.5,118.5799,,
104.55,117.458,,
104.6,118.4578,,
104.65,119.6705,,
104.7,120.0347,,
104.75,119.8881,,
104.8,119.0208,,
104.85,117.6169,,
104.9,115.681,,
104.95,114.2221,,
105,114.1296,,
105.05,113.0283,,
105.1,112.5546,,
105.15,112.2848,,
105.2,112.0021,,
105.25,112.3234,,
105.3,111.885,,
105.35,111.8906,,
105.4,112.3826,,
105.45,112.4233,,
105.5,113.1233,,
105.55,113.4785,,
105.6,113.4911,,
105.65,112.587,,
105.7,112.2826,,
105.75,113.4543,,
105.8,114.664,,
105.85,115.2881,,
105.9,116.6886,,
105.95,119.02,,
106,121.7113,,
106.05,122.8417,,
106.1,122.5462,,
106.15,121.5471,,
106.2,120.8582,,
106.25,121.1858,,
106.3,123.7916,,
106.35,126.4591,,
106.4,127.8513,,
106.45,128.0395,,
106.5,128.8214,,
106.55,129.9283,,
106.6,131.7377,,
106.65,134.4911,,
106.7,138.0679,,
106.75,141.5207,,
106.8,144.3766,,
106.85,144.8354,,
106.9,143.9471,,
106.95,141.4747,,
107,141.281,,
107.05,143.4531,,
107.1,145.4278,,
107.15,146.774,,
107.2,147.3908,,
107.25,146.7152,,
107.3,145.662,,
107.35,144.5592,,
107.4,143.9777,,
107.45,141.8002,,
107.5,138.9037,,
107.55,137.8091,,
107.6,139.1324,,
107.65,140.6291,,
107.7,140.8437,,
107.75,139.9068,,
107.8,137.4691,,
107.85,135.123,,
107.9,133.8297,,
107.95,133.4355,,
108,134.6079,,
108.05,136.3307,,
108.1,137.2324,,
108.15,137.3246,,
108.2,136.8263,,
108.25,134.8034,,
108.3,131.1019,,
108.35,127.6632,,
108.4,125.4169,,
108.45,123.9511,,
108.5,123.9361,,
108.55,123.8384,,
108.6,121.0041,,
108.65,116.8295,,
108.7,113.3436,,
108.75,110.2059,,
108.8,107.9014,,
108.85,106.6911,,
108.9,106.7997,,
108.95,105.8369,,
109,105.2558,,
109.05,105.4607,,
109.1,105.2909,,
109.15,104.5477,,
109.2,103.217,,
109.25,101.051,,
109.3,97.86846,,
109.35,94.092,,
109.4,90.56168,,
109.45,86.81636,,
109.5,84.38917,,
109.55,83.28873,,
109.6,83.40699,,
109.65,83.69707,,
109.7,83.85819,,
109.75,83.39874,,
109.8,80.31021,,
109.85,77.0173,,
109.9,76.27102,,
109.95,76.02635,,
110,74.96951,,
110.05,73.2822,,
110.1,71.24763,,
110.15,67.8182,,
110.2,64.42918,,
110.25,63.4804,,
110.3,63.2959,,
110.35,61.86339,,
110.4,61.00831,,
110.45,60.00817,,
110.5,58.3826,,
110.55,56.86957,,
110.6,55.845,,
110.65,55.66447,,
110.7,54.5979,,
110.75,53.55767,,
110.8,53.30694,,
110.85,52.10811,,
110.9,51.34066,,
110.95,50.64114,,
111,49.07846,,
111.05,48.55201,,
111.1,46.91882,,
111.15,45.86905,,
111.2,45.0462,,
111.25,44.3605,,
111.3,43.79829,,
111.35,43.51855,,
111.4,43.39819,,
111.45,43.52322,,
111.5,41.8926,,
111.55,40.39287,,
111.6,39.2235,,
111.65,39.35213,,
111.7,40.42762,,
111.75,40.76734,,
111.8,40.11747,,
111.85,39.36445,,
111.9,38.4584,,
111.95,39.25984,,
112,40.04553,,
112.05,42.22295,,
112.1,44.32504,,
112.15,47.24189,,
112.2,50.97738,,
112.25,55.00337,,
112.3,59.25977,,
112.35,65.02919,,
112.4,73.08054,,
112.45,84.21694,,
112.5,97.12895,,
112.55,114.1965,,
112.6,131.6458,,
112.65,147.3607,,
112.7,159.7127,,
112.75,169.8604,,
112.8,188.8168,,
112.85,207.005,,
112.9,219.8939,,
112.95,226.4231,,
113,229.4547,,
113.05,229.1951,,
113.1,224.9829,,
113.15,218.5563,,
113.2,216.7707,,
113.25,205.6095,,
113.3,190.1585,,
113.35,174.5884,,
113.4,158.6715,,
113.45,139.7303,,
113.5,120.8176,,
113.55,107.9788,,
113.6,100.3675,,
113.65,94.37749,,
113.7,86.4006,,
113.75,77.45808,,
113.8,68.799,,
113.85,63.3643,,
113.9,58.66328,,
113.95,56.38413,,
114,54.22303,,
114.05,49.07517,,
114.1,42.96489,,
114.15,40.31545,,
114.2,39.39839,,
114.25,39.8798,,
114.3,39.94763,,
114.35,40.03016,,
114.4,38.69654,,
114.45,36.3306,,
114.5,35.40573,,
114.55,34.20779,,
114.6,34.46503,,
114.65,35.90449,,
114.7,36.93615,,
114.75,35.51399,,
114.8,33.50988,,
114.85,31.57439,,
114.9,29.93973,,
114.95,29.75816,,
115,30.6932,,
115.05,30.72967,,
115.1,30.4888,,
115.15,30.00742,,
115.2,29.67823,,
115.25,28.55668,,
115.3,27.79259,,
115.35,28.45072,,
115.4,29.01586,,
115.45,29.17156,,
115.5,29.92294,,
115.55,29.88085,,
115.6,28.89508,,
115.65,27.50421,,
115.7,27.00813,,
115.75,27.26151,,
115.8,27.76161,,
115.85,29.20977,,
115.9,30.18668,,
115.95,29.23545,,
116,27.40654,,
116.05,25.52258,,
116.1,24.53437,,
116.15,24.68475,,
116.2,25.40752,,
116.25,25.44516,,
116.3,24.95471,,
116.35,24.08908,,
116.4,23.83807,,
116.45,24.33823,,
116.5,25.24645,,
116.55,25.47986,,
116.6,24.13529,,
116.65,22.20216,,
116.7,21.02019,,
116.75,20.0958,,
116.8,20.40862,,
116.85,21.21869,,
116.9,21.70167,,
116.95,21.22049,,
117,20.24287,,
117.05,19.82654,,
117.1,19.38949,,
117.15,18.98049,,
117.2,18.87583,,
117.25,18.75869,,
117.3,19.2174,,
117.35,19.77022,,
117.4,20.04954,,
117.45,20.09869,,
117.5,19.82855,,
117.55,19.71087,,
117.6,19.30543,,
117.65,18.67175,,
117.7,18.34813,,
117.75,18.02569,,
117.8,18.06625,,
117.85,18.73715,,
117.9,19.49507,,
117.95,20.11714,,
118,20.22571,,
118.05,20.23549,,
118.1,20.42064,,
118.15,20.03297,,
118.2,19.40881,,
118.25,18.93041,,
118.3,18.65194,,
118.35,18.65329,,
118.4,19.05715,,
118.45,20.01219,,
118.5,20.57652,,
118.55,20.69782,,
118.6,20.77802,,
118.65,20.42826,,
118.7,19.24861,,
118.75,18.1559,,
118.8,17.82658,,
118.85,18.00856,,
118.9,18.17481,,
118.95,18.93636,,
119,19.30898,,
119.05,18.78454,,
119.1,18.13901,,
119.15,18.07808,,
119.2,17.5776,,
119.25,16.67981,,
119.3,16.10821,,
119.35,16.2122,,
119.4,16.42103,,
119.45,17.101,,
119.5,17.97059,,
119.55,18.39775,,
119.6,18.46407,,
119.65,18.54117,,
119.7,18.64642,,
119.75,18.5592,,
119.8,18.25857,,
119.85,17.14109,,
119.9,15.7366,,
119.95,15.66656,,
120,16.43217,,
120.05,17.22891,,
120.1,17.88535,,
120.15,17.76613,,
120.2,17.18366,,
120.25,16.08621,,
120.3,15.6952,,
120.35,16.49474,,
120.4,16.6539,,
120.45,16.6823,,
120.5,17.71979,,
120.55,19.68736,,
120.6,21.65135,,
120.65,22.146,,
120.7,21.3967,,
120.75,19.24659,,
120.8,16.39219,,
120.85,14.8123,,
120.9,14.4148,,
120.95,14.3479,,
121,14.12378,,
121.05,13.89805,,
121.1,14.01201,,
121.15,14.27536,,
121.2,14.84633,,
121.25,15.5922,,
121.3,15.68425,,
121.35,15.3541,,
121.4,14.75555,,
121.45,14.30971,,
121.5,14.08439,,
121.55,14.43708,,
121.6,15.10272,,
121.65,15.89489,,
121.7,16.59442,,
121.75,17.35723,,
121.8,17.65217,,
121.85,17.47662,,
121.9,16.80046,,
121.95,15.81005,,
122,15.18756,,
122.05,15.18381,,
122.1,15.84794,,
122.15,16.56256,,
122.2,17.48765,,
122.25,17.74409,,
122.3,16.55113,,
122.35,15.76694,,
122.4,15.30728,,
122.45,15.17761,,
122.5,16.15454,,
122.55,17.11858,,
122.6,17.72208,,
122.65,16.92366,,
122.7,15.89161,,
122.75,15.13955,,
122.8,14.33864,,
122.85,14.30114,,
122.9,14.44306,,
122.95,14.71018,,
123,15.42609,,
123.05,16.63128,,
123.1,17.45071,,
123.15,17.23169,,
123.2,15.98038,,
123.25,14.82243,,
123.3,14.33207,,
123.35,15.01204,,
123.4,15.10708,,
123.45,15.36214,,
123.5,15.47735,,
123.55,14.7845,,
123.6,13.45325,,
123.65,12.76,,
123.7,11.97078,,
123.75,11.53935,,
123.8,11.42173,,
123.85,12.52356,,
123.9,13.62678,,
123.95,14.21244,,
124,14.40426,,
124.05,14.38629,,
124.1,13.92162,,
124.15,13.72382,,
124.2,13.54009,,
124.25,13.38004,,
124.3,13.62271,,
124.35,14.1404,,
124.4,14.56618,,
124.45,14.65184,,
124.5,14.02766,,
124.55,13.2796,,
124.6,12.52742,,
124.65,12.41293,,
124.7,12.83138,,
124.75,12.96263,,
124.8,12.88126,,
124.85,12.45881,,
124.9,11.95788,,
124.95,11.61083,,
125,11.77909,,
125.05,12.16769,,
125.1,12.18184,,
125.15,11.77193,,
125.2,11.78316,,
125.25,11.6039,,
125.3,11.44308,,
125.35,11.53591,,
125.4,11.85719,,
125.45,12.07777,,
125.5,12.17612,,
125.55,12.32667,,
125.6,12.61124,,
125.65,12.52753,,
125.7,12.40683,,
125.75,12.51576,,
125.8,12.64466,,
125.85,12.17428,,
125.9,11.79668,,
125.95,11.58511,,
126,11.34089,,
126.05,11.10434,,
126.1,10.97392,,
126.15,11.37612,,
126.2,12.05504,,
126.25,12.92147,,
126.3,13.65435,,
126.35,13.43819,,
126.4,12.56767,,
126.45,11.56625,,
126.5,10.75478,,
126.55,10.3541,,
126.6,10.21204,,
126.65,10.61556,,
126.7,10.77372,,
126.75,11.12243,,
126.8,11.67864,,
126.85,12.15933,,
126.9,12.46194,,
126.95,12.41248,,
127,11.98549,,
127.05,11.56864,,
127.1,11.02812,,
127.15,10.73917,,
127.2,10.67678,,
127.25,10.77466,,
127.3,11.11429,,
127.35,11.40165,,
127.4,11.92851,,
127.45,12.5554,,
127.5,12.80716,,
127.55,12.58994,,
127.6,12.03994,,
127.65,11.52824,,
127.7,11.41337,,
127.75,11.4075,,
127.8,11.1911,,
127.85,10.80054,,
127.9,10.42413,,
127.95,10.11379,,
128,10.02547,,
128.05,10.19968,,
128.1,10.46226,,
128.15,10.42239,,
128.2,9.969166,,
128.25,9.485145,,
128.3,9.389357,,
128.35,9.726708,,
128.4,10.39813,,
128.45,10.93835,,
128.5,11.3183,,
128.55,11.4027,,
128.6,11.24663,,
128.65,11.03096,,
128.7,10.61024,,
128.75,10.06276,,
128.8,9.89351,,
128.85,9.974076,,
128.9,10.66171,,
128.95,11.2533,,
129,11.56462,,
129.05,11.49667,,
129.1,11.13755,,
129.15,10.78311,,
129.2,10.32076,,
129.25,9.841986,,
129.3,9.694447,,
129.35,9.624063,,
129.4,9.969521,,
129.45,10.01079,,
129.5,9.864566,,
129.55,9.76414,,
129.6,9.905757,,
129.65,10.09461,,
129.7,10.31752,,
129.75,10.67155,,
129.8,10.26619,,
129.85,9.444377,,
129.9,8.757597,,
129.95,8.84804,,
130,9.344137,,
130.05,9.697598,,
130.1,10.31732,,
130.15,10.82746,,
130.2,10.6823,,
130.25,10.26203,,
130.3,9.719283,,
130.35,9.517406,,
130.4,9.391074,,
130.45,9.948451,,
130.5,11.022,,
130.55,11.25876,,
130.6,10.32814,,
130.65,9.606001,,
130.7,9.146455,,
130.75,8.847668,,
130.8,8.916211,,
130.85,8.892348,,
130.9,8.514237,,
130.95,8.258534,,
131,9.157074,,
131.05,10.37782,,
131.1,11.11313,,
131.15,11.43426,,
131.2,11.31415,,
131.25,10.56657,,
131.3,10.48493,,
131.35,10.8218,,
131.4,10.78644,,
131.45,10.2254,,
131.5,9.523109,,
131.55,8.506509,,
131.6,7.71804,,
131.65,7.437215,,
131.7,8.316158,,
131.75,8.890366,,
131.8,9.218955,,
131.85,9.616666,,
131.9,9.689244,,
131.95,9.681354,,
132,9.408335,,
132.05,9.00347,,
132.1,8.798491,,
132.15,8.688868,,
132.2,9.437676,,
132.25,10.47637,,
132.3,11.05615,,
132.35,11.06496,,
132.4,10.82701,,
132.45,10.43989,,
132.5,10.26081,,
132.55,10.77942,,
132.6,11.22162,,
132.65,10.61082,,
132.7,10.09312,,
132.75,9.666017,,
132.8,9.263856,,
132.85,9.68378,,
132.9,9.998345,,
132.95,9.980912,,
133,9.602264,,
133.05,9.904306,,
133.1,10.52627,,
133.15,10.66366,,
133.2,11.14011,,
133.25,11.46641,,
133.3,10.16977,,
133.35,9.54936,,
133.4,9.425863,,
133.45,9.104226,,
133.5,9.223964,,
133.55,9.812014,,
133.6,9.967372,,
133.65,9.56449,,
133.7,9.252702,,
133.75,9.410905,,
133.8,9.260009,,
133.85,9.023363,,
133.9,9.081594,,
133.95,8.663141,,
134,7.891569,,
134.05,7.294699,,
134.1,6.980366,,
134.15,7.062502,,
134.2,7.427782,,
134.25,7.874412,,
134.3,7.993619,,
134.35,7.762695,,
134.4,7.034463,,
134.45,6.972466,,
134.5,7.21414,,
134.55,7.849787,,
134.6,8.237322,,
134.65,8.602488,,
134.7,8.930186,,
134.75,9.002316,,
134.8,9.123829,,
134.85,9.599501,,
134.9,9.855147,,
134.95,9.661126,,
135,8.979914,,
135.05,8.265992,,
135.1,7.491835,,
135.15,7.417212,,
135.2,7.12882,,
135.25,7.239295,,
135.3,7.703739,,
135.35,7.760298,,
135.4,8.074381,,
135.45,8.413152,,
135.5,8.956871,,
135.55,9.18051,,
135.6,9.071424,,
135.65,9.290811,,
135.7,9.665047,,
135.75,10.09075,,
135.8,10.00797,,
135.85,9.569121,,
135.9,9.275037,,
135.95,8.769514,,
136,8.524005,,
136.05,8.336679,,
136.1,8.610375,,
136.15,9.100128,,
136.2,9.642043,,
136.25,10.161,,
136.3,10.20456,,
136.35,10.08578,,
136.4,10.31639,,
136.45,10.35686,,
136.5,9.949605,,
136.55,8.936323,,
136.6,7.696343,,
136.65,6.79007,,
136.7,6.587357,,
136.75,6.891572,,
136.8,7.310595,,
136.85,7.582005,,
136.9,7.891292,,
136.95,8.200388,,
137,8.428162,,
137.05,8.368897,,
137.1,7.792041,,
137.15,7.234683,,
137.2,7.248497,,
137.25,7.780366,,
137.3,8.33199,,
137.35,8.605483,,
137.4,8.40593,,
137.45,7.74279,,
137.5,7.494345,,
137.55,7.850856,,
137.6,8.457228,,
137.65,9.230064,,
137.7,9.36251,,
137.75,8.754943,,
137.8,7.86225,,
137.85,7.30584,,
137.9,7.45792,,
137.95,7.81324,,
138,8.229095,,
 ,,,
Alignment,On,,
