Data File Name,NK_20170918_High Sensitivity DNA Assay_DE24802700_2017-09-18_10-28-44.xad,,
Data File Path,C:\Users\jlchiniquy\Desktop\20171205_Nextera_library_size_to_loading_concentration_tool\NKaplan,,
Date Created,"Monday, September 18, 2017 5:28:44 PM",,
Date Last Modified,"Monday, September 18, 2017 6:32:04 PM",,
Version Created,B.02.07.SI532,,
Version Last Modified,B.02.07.SI532,,
 ,,,
Assay Name,High Sensitivity DNA,,
Assay Path,C:\Program Files\Agilent\2100 bioanalyzer\2100 expert\assays\dsDNA,,
Assay Title,High Sensitivity DNA Assay,,
Assay Version,1,,
 ,,,
Number of Samples Run,11,,
 ,,,
Sample Name,sample 1,,
Number of Events,2121,,
 ,,,
Time,Value,Library Loading Concentration (pM),Cluster Density (K/mm^2)
32,-5.74E-02,10,1305
32.05,-5.74E-02,,
32.1,-5.74E-02,,
32.15,-5.74E-02,,
32.2,-5.74E-02,,
32.25,-5.74E-02,,
32.3,-5.74E-02,,
32.35,-5.74E-02,,
32.4,-5.74E-02,,
32.45,-5.74E-02,,
32.5,-5.74E-02,,
32.55,-5.74E-02,,
32.6,-5.74E-02,,
32.65,-5.74E-02,,
32.7,-5.98E-02,,
32.75,-3.44E-02,,
32.8,-8.91E-02,,
32.85,6.66E-03,,
32.9,0.1384084,,
32.95,0.1156421,,
33,0.011067,,
33.05,-0.14717,,
33.1,-0.1955723,,
33.15,-0.1908086,,
33.2,-0.1136933,,
33.25,5.96E-02,,
33.3,0.1742911,,
33.35,0.1768447,,
33.4,0.1226783,,
33.45,5.77E-02,,
33.5,3.64E-03,,
33.55,-3.54E-02,,
33.6,-1.99E-03,,
33.65,2.10E-02,,
33.7,-8.84E-03,,
33.75,-2.49E-02,,
33.8,-8.37E-02,,
33.85,-5.12E-02,,
33.9,1.28E-02,,
33.95,5.59E-02,,
34,0.1169019,,
34.05,0.1968545,,
34.1,0.2055193,,
34.15,0.1821371,,
34.2,0.2537726,,
34.25,0.3355408,,
34.3,0.3542238,,
34.35,0.3234405,,
34.4,0.3646429,,
34.45,0.4049918,,
34.5,0.3397464,,
34.55,0.4168043,,
34.6,0.5302437,,
34.65,0.5706692,,
34.7,0.5830529,,
34.75,0.5936928,,
34.8,0.5275569,,
34.85,0.431558,,
34.9,0.3975988,,
34.95,0.4209362,,
35,0.4104849,,
35.05,0.3706121,,
35.1,0.3727187,,
35.15,0.4065746,,
35.2,0.4273275,,
35.25,0.4225765,,
35.3,0.3580673,,
35.35,0.2187172,,
35.4,0.1649351,,
35.45,0.2410933,,
35.5,0.3769199,,
35.55,0.5306736,,
35.6,0.5613284,,
35.65,0.4664741,,
35.7,0.3551628,,
35.75,0.2736879,,
35.8,0.4122813,,
35.85,0.4585839,,
35.9,0.5450905,,
35.95,0.6187419,,
36,0.6234741,,
36.05,0.7817772,,
36.1,0.8281171,,
36.15,0.8314136,,
36.2,0.7880483,,
36.25,0.6994989,,
36.3,0.6596265,,
36.35,0.8018157,,
36.4,0.9808789,,
36.45,1.044979,,
36.5,0.9340113,,
36.55,0.8598361,,
36.6,0.8499171,,
36.65,0.8837854,,
36.7,0.9256561,,
36.75,0.9503953,,
36.8,0.9716334,,
36.85,0.9878883,,
36.9,0.973401,,
36.95,1.038097,,
37,1.126785,,
37.05,1.1711,,
37.1,1.205843,,
37.15,1.125165,,
37.2,1.027048,,
37.25,1.015756,,
37.3,1.137949,,
37.35,1.296229,,
37.4,1.324951,,
37.45,1.231582,,
37.5,1.074492,,
37.55,0.9374678,,
37.6,1.054487,,
37.65,1.041999,,
37.7,0.9530117,,
37.75,0.8265991,,
37.8,0.8336486,,
37.85,0.8432361,,
37.9,0.8836765,,
37.95,1.094642,,
38,1.144392,,
38.05,1.15473,,
38.1,1.161993,,
38.15,1.123223,,
38.2,1.052313,,
38.25,0.9822442,,
38.3,1.122788,,
38.35,1.318689,,
38.4,1.407191,,
38.45,1.444428,,
38.5,1.449136,,
38.55,1.446,,
38.6,1.419988,,
38.65,1.378849,,
38.7,1.296348,,
38.75,1.185575,,
38.8,1.138025,,
38.85,1.203201,,
38.9,1.326635,,
38.95,1.459234,,
39,1.497432,,
39.05,1.492825,,
39.1,1.469048,,
39.15,1.383949,,
39.2,1.465827,,
39.25,1.715786,,
39.3,1.882278,,
39.35,1.954527,,
39.4,1.827922,,
39.45,1.629442,,
39.5,1.425842,,
39.55,1.350916,,
39.6,1.457246,,
39.65,1.502933,,
39.7,1.324314,,
39.75,1.322901,,
39.8,1.285487,,
39.85,1.186754,,
39.9,1.134465,,
39.95,1.167793,,
40,1.191087,,
40.05,1.137904,,
40.1,1.177391,,
40.15,1.314837,,
40.2,1.311213,,
40.25,1.247051,,
40.3,1.23562,,
40.35,1.195414,,
40.4,1.093093,,
40.45,1.072594,,
40.5,1.155882,,
40.55,1.273134,,
40.6,1.321969,,
40.65,1.297985,,
40.7,1.194027,,
40.75,1.096387,,
40.8,1.085816,,
40.85,1.154385,,
40.9,1.313808,,
40.95,1.541894,,
41,1.757318,,
41.05,1.829512,,
41.1,1.854221,,
41.15,1.742149,,
41.2,1.729153,,
41.25,1.665161,,
41.3,1.713406,,
41.35,1.760784,,
41.4,1.738326,,
41.45,1.536908,,
41.5,1.455862,,
41.55,1.379831,,
41.6,1.491578,,
41.65,1.543042,,
41.7,1.672663,,
41.75,1.732945,,
41.8,1.730232,,
41.85,1.703404,,
41.9,1.661079,,
41.95,1.676445,,
42,1.72382,,
42.05,1.747283,,
42.1,1.741077,,
42.15,1.682233,,
42.2,1.676161,,
42.25,1.65546,,
42.3,1.656476,,
42.35,1.731583,,
42.4,1.826368,,
42.45,2.259003,,
42.5,3.319415,,
42.55,5.772526,,
42.6,10.78264,,
42.65,19.73378,,
42.7,34.32454,,
42.75,55.33854,,
42.8,82.25837,,
42.85,112.3821,,
42.9,140.9084,,
42.95,162.586,,
43,173.4979,,
43.05,169.6946,,
43.1,152.8183,,
43.15,126.4011,,
43.2,95.74224,,
43.25,66.20758,,
43.3,42.06104,,
43.35,24.8386,,
43.4,14.13962,,
43.45,8.09861,,
43.5,5.296051,,
43.55,3.942765,,
43.6,3.289837,,
43.65,3.003415,,
43.7,2.791214,,
43.75,2.550054,,
43.8,2.367116,,
43.85,2.275407,,
43.9,2.211022,,
43.95,2.164816,,
44,2.166579,,
44.05,2.104124,,
44.1,2.035956,,
44.15,1.899229,,
44.2,1.739357,,
44.25,1.63864,,
44.3,1.628682,,
44.35,1.637887,,
44.4,1.660475,,
44.45,1.738927,,
44.5,1.908606,,
44.55,1.926923,,
44.6,1.959029,,
44.65,1.935394,,
44.7,1.952128,,
44.75,1.945831,,
44.8,2.008085,,
44.85,2.130011,,
44.9,2.304345,,
44.95,2.426016,,
45,2.429923,,
45.05,2.23888,,
45.1,2.072516,,
45.15,1.929118,,
45.2,1.764915,,
45.25,1.696223,,
45.3,1.672548,,
45.35,1.653913,,
45.4,1.670348,,
45.45,1.691709,,
45.5,1.745694,,
45.55,1.787628,,
45.6,1.821531,,
45.65,1.845012,,
45.7,1.841947,,
45.75,1.831198,,
45.8,1.773522,,
45.85,1.723048,,
45.9,1.763604,,
45.95,1.854504,,
46,1.888816,,
46.05,1.990092,,
46.1,2.139088,,
46.15,2.243229,,
46.2,2.227621,,
46.25,2.117646,,
46.3,1.982637,,
46.35,1.866431,,
46.4,1.722128,,
46.45,1.675686,,
46.5,1.58847,,
46.55,1.612202,,
46.6,1.663923,,
46.65,1.706416,,
46.7,1.751473,,
46.75,1.662337,,
46.8,1.48272,,
46.85,1.345948,,
46.9,1.32515,,
46.95,1.307006,,
47,1.268118,,
47.05,1.189754,,
47.1,1.120227,,
47.15,1.101694,,
47.2,1.178336,,
47.25,1.284586,,
47.3,1.276046,,
47.35,1.233536,,
47.4,1.199414,,
47.45,1.166144,,
47.5,1.19847,,
47.55,1.301894,,
47.6,1.406022,,
47.65,1.494234,,
47.7,1.520123,,
47.75,1.488142,,
47.8,1.397751,,
47.85,1.264041,,
47.9,1.173977,,
47.95,1.111089,,
48,1.069766,,
48.05,1.195157,,
48.1,1.326657,,
48.15,1.468958,,
48.2,1.476454,,
48.25,1.493591,,
48.3,1.404188,,
48.35,1.354839,,
48.4,1.444292,,
48.45,1.483394,,
48.5,1.469539,,
48.55,1.37786,,
48.6,1.37657,,
48.65,1.344429,,
48.7,1.362685,,
48.75,1.479515,,
48.8,1.501802,,
48.85,1.454676,,
48.9,1.398845,,
48.95,1.306478,,
49,1.242563,,
49.05,1.151812,,
49.1,1.151908,,
49.15,1.102215,,
49.2,1.052758,,
49.25,1.063826,,
49.3,1.039458,,
49.35,0.943539,,
49.4,0.8856063,,
49.45,0.8772802,,
49.5,0.8255885,,
49.55,0.7490928,,
49.6,0.7367395,,
49.65,0.8320855,,
49.7,0.8640812,,
49.75,0.8326272,,
49.8,0.8454412,,
49.85,0.7811779,,
49.9,0.8379485,,
49.95,0.9506852,,
50,1.079437,,
50.05,1.242393,,
50.1,1.25903,,
50.15,1.262476,,
50.2,1.243555,,
50.25,1.209603,,
50.3,1.116034,,
50.35,1.065478,,
50.4,1.087233,,
50.45,1.178193,,
50.5,1.282859,,
50.55,1.307659,,
50.6,1.338316,,
50.65,1.376493,,
50.7,1.412744,,
50.75,1.446515,,
50.8,1.370605,,
50.85,1.276823,,
50.9,1.153045,,
50.95,1.044421,,
51,1.030623,,
51.05,1.134707,,
51.1,1.243222,,
51.15,1.253105,,
51.2,1.214978,,
51.25,1.073798,,
51.3,0.9249004,,
51.35,0.777724,,
51.4,0.7219225,,
51.45,0.7250684,,
51.5,0.7268415,,
51.55,0.7345679,,
51.6,0.6864849,,
51.65,0.5742403,,
51.7,0.5783614,,
51.75,0.5545044,,
51.8,0.6092044,,
51.85,0.7010357,,
51.9,0.7784275,,
51.95,0.8695331,,
52,0.9385961,,
52.05,0.8891808,,
52.1,0.8698147,,
52.15,0.8217056,,
52.2,0.8236212,,
52.25,0.8411862,,
52.3,0.862368,,
52.35,0.9433106,,
52.4,0.8727018,,
52.45,0.7820487,,
52.5,0.7310812,,
52.55,0.6437598,,
52.6,0.6398963,,
52.65,0.697657,,
52.7,0.7973509,,
52.75,0.8754583,,
52.8,0.9628194,,
52.85,1.03384,,
52.9,1.02489,,
52.95,0.9825892,,
53,0.9102269,,
53.05,0.8195294,,
53.1,0.8580093,,
53.15,0.9192164,,
53.2,1.012039,,
53.25,1.124188,,
53.3,1.174266,,
53.35,1.069666,,
53.4,0.9403515,,
53.45,0.8755341,,
53.5,0.914093,,
53.55,1.009491,,
53.6,1.116571,,
53.65,1.312319,,
53.7,1.362178,,
53.75,1.372264,,
53.8,1.29023,,
53.85,1.102643,,
53.9,0.9908366,,
53.95,0.9557601,,
54,0.9565777,,
54.05,0.9141274,,
54.1,0.8214557,,
54.15,0.7464206,,
54.2,0.6580614,,
54.25,0.640725,,
54.3,0.6347752,,
54.35,0.6068494,,
54.4,0.5261884,,
54.45,0.5674103,,
54.5,0.7008341,,
54.55,0.7105826,,
54.6,0.6584433,,
54.65,0.5909798,,
54.7,0.6437959,,
54.75,0.8286676,,
54.8,0.9766327,,
54.85,1.067623,,
54.9,0.9838685,,
54.95,0.7935929,,
55,0.6559016,,
55.05,0.7269776,,
55.1,0.8888783,,
55.15,1.085845,,
55.2,1.018007,,
55.25,0.8718872,,
55.3,0.7615871,,
55.35,0.7619529,,
55.4,0.7952032,,
55.45,0.8405662,,
55.5,0.7857392,,
55.55,0.6465328,,
55.6,0.4797315,,
55.65,0.5031621,,
55.7,0.6817577,,
55.75,0.7448287,,
55.8,0.6738793,,
55.85,0.5608777,,
55.9,0.3745018,,
55.95,0.2436484,,
56,0.211086,,
56.05,0.3028842,,
56.1,0.4109657,,
56.15,0.481032,,
56.2,0.4926776,,
56.25,0.3998697,,
56.3,0.3954965,,
56.35,0.5458654,,
56.4,0.7042051,,
56.45,0.7756905,,
56.5,0.767064,,
56.55,0.7324591,,
56.6,0.5419222,,
56.65,0.4699635,,
56.7,0.4739201,,
56.75,0.5067543,,
56.8,0.4053774,,
56.85,0.3145377,,
56.9,0.2177953,,
56.95,0.1724982,,
57,0.1514282,,
57.05,0.2237852,,
57.1,0.2513709,,
57.15,0.2999864,,
57.2,0.349221,,
57.25,0.3758511,,
57.3,0.4316086,,
57.35,0.6292938,,
57.4,0.7058376,,
57.45,0.7774416,,
57.5,0.7337598,,
57.55,0.649538,,
57.6,0.5015689,,
57.65,0.4025096,,
57.7,0.3729762,,
57.75,0.3639814,,
57.8,0.3391773,,
57.85,0.3714102,,
57.9,0.4006187,,
57.95,0.4262063,,
58,0.4164117,,
58.05,0.3662405,,
58.1,0.4143875,,
58.15,0.4591886,,
58.2,0.3941683,,
58.25,0.3216254,,
58.3,0.2393457,,
58.35,0.1756284,,
58.4,3.46E-02,,
58.45,-3.10E-02,,
58.5,6.96E-03,,
58.55,-8.36E-02,,
58.6,-0.1765092,,
58.65,-0.1530023,,
58.7,-0.1742468,,
58.75,-0.2044373,,
58.8,-0.2080618,,
58.85,-8.76E-02,,
58.9,1.46E-03,,
58.95,6.16E-02,,
59,4.75E-02,,
59.05,-4.61E-02,,
59.1,-0.1618801,,
59.15,-0.2268745,,
59.2,-0.2328395,,
59.25,-0.2386202,,
59.3,-0.1667628,,
59.35,-0.1714418,,
59.4,-0.2177878,,
59.45,-0.2089628,,
59.5,-6.91E-02,,
59.55,2.40E-02,,
59.6,5.05E-02,,
59.65,0.1222073,,
59.7,0.1553708,,
59.75,0.1063488,,
59.8,0.1283517,,
59.85,0.2619321,,
59.9,0.3238015,,
59.95,0.2706266,,
60,0.191102,,
60.05,7.60E-02,,
60.1,-3.37E-02,,
60.15,6.47E-02,,
60.2,0.2940727,,
60.25,0.4474052,,
60.3,0.355107,,
60.35,0.2120371,,
60.4,0.1363618,,
60.45,2.03E-02,,
60.5,1.49E-02,,
60.55,-3.86E-02,,
60.6,-8.27E-02,,
60.65,-0.1306075,,
60.7,-0.2059645,,
60.75,-0.1271496,,
60.8,-5.86E-02,,
60.85,-9.07E-02,,
60.9,-3.29E-02,,
60.95,-0.0532719,,
61,-4.92E-02,,
61.05,-0.1313945,,
61.1,-0.2732419,,
61.15,-0.3548037,,
61.2,-0.3656203,,
61.25,-0.2992861,,
61.3,-0.1826788,,
61.35,-0.1163657,,
61.4,-5.43E-02,,
61.45,-6.18E-02,,
61.5,-0.1165528,,
61.55,-0.1585268,,
61.6,-0.1857077,,
61.65,-0.2386009,,
61.7,-0.3285499,,
61.75,-0.3654959,,
61.8,-0.3560986,,
61.85,-0.2884495,,
61.9,-0.2643918,,
61.95,-0.1896832,,
62,-0.128669,,
62.05,-0.1600109,,
62.1,-6.95E-02,,
62.15,4.82E-02,,
62.2,0.1132407,,
62.25,0.1053162,,
62.3,-6.10E-02,,
62.35,-0.1647579,,
62.4,-0.1084442,,
62.45,-9.54E-02,,
62.5,5.26E-02,,
62.55,-5.24E-03,,
62.6,-0.1634966,,
62.65,-0.2066903,,
62.7,-0.2085111,,
62.75,-0.1822976,,
62.8,-3.85E-02,,
62.85,0.112083,,
62.9,4.66E-02,,
62.95,-0.1309886,,
63,-0.1656376,,
63.05,-0.3331327,,
63.1,-0.5615774,,
63.15,-0.5596671,,
63.2,-0.3727311,,
63.25,-0.2375343,,
63.3,-0.1484115,,
63.35,-1.56E-02,,
63.4,-0.1240932,,
63.45,-0.318503,,
63.5,-0.3935892,,
63.55,-0.4389518,,
63.6,-0.5105562,,
63.65,-0.5285034,,
63.7,-0.4994135,,
63.75,-0.5110873,,
63.8,-0.517444,,
63.85,-0.3437016,,
63.9,-0.1957503,,
63.95,1.25E-02,,
64,2.47E-03,,
64.05,-0.1534856,,
64.1,-0.2317103,,
64.15,-0.2340678,,
64.2,-0.1795159,,
64.25,-7.66E-02,,
64.3,3.98E-02,,
64.35,0.2152225,,
64.4,0.2383223,,
64.45,0.371076,,
64.5,0.4091468,,
64.55,0.2273284,,
64.6,5.10E-02,,
64.65,1.38E-02,,
64.7,0.1011179,,
64.75,0.2214872,,
64.8,0.3425088,,
64.85,0.3136992,,
64.9,0.1976606,,
64.95,0.1582377,,
65,0.1637139,,
65.05,0.1312957,,
65.1,7.77E-02,,
65.15,7.00E-02,,
65.2,0.0758929,,
65.25,0.1988646,,
65.3,0.3500521,,
65.35,0.4391818,,
65.4,0.4197848,,
65.45,0.3549735,,
65.5,0.2592577,,
65.55,0.1207077,,
65.6,0.1780276,,
65.65,0.1955813,,
65.7,0.1684499,,
65.75,0.1523743,,
65.8,0.2366882,,
65.85,0.2750361,,
65.9,0.3610272,,
65.95,0.4865068,,
66,0.4647078,,
66.05,0.3352781,,
66.1,0.333354,,
66.15,0.1863363,,
66.2,0.0605965,,
66.25,6.94E-02,,
66.3,0.2006931,,
66.35,0.3230667,,
66.4,0.4502446,,
66.45,0.5049734,,
66.5,0.4523544,,
66.55,0.4365604,,
66.6,0.5956184,,
66.65,0.7694975,,
66.7,0.9116763,,
66.75,1.01962,,
66.8,0.9865824,,
66.85,0.957641,,
66.9,0.9209213,,
66.95,0.9264683,,
67,0.7919959,,
67.05,0.6356244,,
67.1,0.5804119,,
67.15,0.588966,,
67.2,0.5823464,,
67.25,0.6635154,,
67.3,0.596414,,
67.35,0.6722416,,
67.4,0.6026954,,
67.45,0.6866032,,
67.5,0.6818848,,
67.55,0.7054729,,
67.6,0.7151291,,
67.65,0.709805,,
67.7,0.7742783,,
67.75,0.8931845,,
67.8,0.8911676,,
67.85,0.960174,,
67.9,0.9430209,,
67.95,0.7979565,,
68,0.6275467,,
68.05,0.5031396,,
68.1,0.5143241,,
68.15,0.5216023,,
68.2,0.5542784,,
68.25,0.5660318,,
68.3,0.5124161,,
68.35,0.3592235,,
68.4,0.2642057,,
68.45,0.3455813,,
68.5,0.4756669,,
68.55,0.5530927,,
68.6,0.558923,,
68.65,0.6618067,,
68.7,0.8296173,,
68.75,0.956404,,
68.8,1.025124,,
68.85,0.9799551,,
68.9,0.9879292,,
68.95,1.009048,,
69,1.084209,,
69.05,1.129848,,
69.1,1.090463,,
69.15,1.004185,,
69.2,0.9405375,,
69.25,1.274414,,
69.3,1.694896,,
69.35,1.739762,,
69.4,1.576619,,
69.45,1.248322,,
69.5,1.087451,,
69.55,1.056182,,
69.6,1.125167,,
69.65,1.204709,,
69.7,1.130445,,
69.75,1.001265,,
69.8,1.088104,,
69.85,1.247093,,
69.9,1.485096,,
69.95,1.583446,,
70,1.507558,,
70.05,1.456777,,
70.1,1.443296,,
70.15,1.461583,,
70.2,1.457062,,
70.25,1.507069,,
70.3,1.475241,,
70.35,1.435245,,
70.4,1.589484,,
70.45,1.78685,,
70.5,1.858901,,
70.55,1.833063,,
70.6,1.698274,,
70.65,1.488323,,
70.7,1.263982,,
70.75,1.338722,,
70.8,1.396455,,
70.85,1.338319,,
70.9,1.347274,,
70.95,1.52516,,
71,1.710724,,
71.05,1.920569,,
71.1,1.976166,,
71.15,1.885606,,
71.2,1.696026,,
71.25,1.594556,,
71.3,1.630006,,
71.35,1.765398,,
71.4,1.828144,,
71.45,1.904255,,
71.5,1.959058,,
71.55,2.053099,,
71.6,2.103702,,
71.65,2.139835,,
71.7,2.114441,,
71.75,2.19401,,
71.8,2.207342,,
71.85,2.176199,,
71.9,2.197155,,
71.95,2.154073,,
72,2.138622,,
72.05,2.252145,,
72.1,2.397537,,
72.15,2.4462,,
72.2,2.41067,,
72.25,2.430719,,
72.3,2.485075,,
72.35,2.456198,,
72.4,2.482749,,
72.45,2.559477,,
72.5,2.48429,,
72.55,2.680429,,
72.6,2.609956,,
72.65,2.64845,,
72.7,2.686467,,
72.75,2.516968,,
72.8,2.381054,,
72.85,2.28346,,
72.9,2.317351,,
72.95,2.310409,,
73,2.396276,,
73.05,2.717365,,
73.1,2.75872,,
73.15,2.686995,,
73.2,2.780752,,
73.25,2.722989,,
73.3,2.569088,,
73.35,2.550232,,
73.4,2.667456,,
73.45,2.774108,,
73.5,2.886508,,
73.55,2.974868,,
73.6,2.990508,,
73.65,3.041558,,
73.7,3.264802,,
73.75,3.468364,,
73.8,3.593422,,
73.85,3.528801,,
73.9,3.404889,,
73.95,3.288623,,
74,3.231388,,
74.05,3.250658,,
74.1,3.305039,,
74.15,3.266713,,
74.2,3.344828,,
74.25,3.58239,,
74.3,3.827514,,
74.35,3.892294,,
74.4,3.737614,,
74.45,3.521782,,
74.5,3.576416,,
74.55,3.487673,,
74.6,3.565276,,
74.65,3.543599,,
74.7,3.503759,,
74.75,3.800889,,
74.8,4.230268,,
74.85,4.43328,,
74.9,4.396283,,
74.95,4.014696,,
75,3.690903,,
75.05,3.508532,,
75.1,3.658512,,
75.15,3.890179,,
75.2,3.939265,,
75.25,3.902586,,
75.3,3.880144,,
75.35,3.906323,,
75.4,3.862355,,
75.45,3.715889,,
75.5,3.504469,,
75.55,3.369051,,
75.6,3.412579,,
75.65,3.550509,,
75.7,3.946848,,
75.75,4.201758,,
75.8,4.329029,,
75.85,4.537398,,
75.9,4.702633,,
75.95,4.763591,,
76,4.725027,,
76.05,4.606506,,
76.1,4.537533,,
76.15,4.40986,,
76.2,4.30161,,
76.25,4.37561,,
76.3,4.425129,,
76.35,4.630697,,
76.4,4.80546,,
76.45,4.774893,,
76.5,4.940517,,
76.55,4.906649,,
76.6,4.851858,,
76.65,4.935719,,
76.7,4.943729,,
76.75,5.014188,,
76.8,5.038975,,
76.85,5.135703,,
76.9,5.280187,,
76.95,5.2206,,
77,5.133832,,
77.05,5.166058,,
77.1,5.183811,,
77.15,5.007637,,
77.2,4.864834,,
77.25,4.861013,,
77.3,4.876489,,
77.35,4.929911,,
77.4,5.133304,,
77.45,5.478438,,
77.5,5.646025,,
77.55,5.828307,,
77.6,5.920034,,
77.65,5.948689,,
77.7,6.119856,,
77.75,6.030392,,
77.8,5.847793,,
77.85,5.769314,,
77.9,5.546728,,
77.95,5.731544,,
78,6.037445,,
78.05,6.305456,,
78.1,6.401537,,
78.15,6.200456,,
78.2,6.283886,,
78.25,6.59842,,
78.3,6.937752,,
78.35,6.995077,,
78.4,6.751647,,
78.45,6.645923,,
78.5,6.717609,,
78.55,6.921865,,
78.6,7.187363,,
78.65,7.231539,,
78.7,6.975079,,
78.75,6.608996,,
78.8,6.57609,,
78.85,6.759005,,
78.9,7.004398,,
78.95,7.266431,,
79,7.369821,,
79.05,7.459403,,
79.1,7.498387,,
79.15,7.425063,,
79.2,7.245104,,
79.25,6.901943,,
79.3,6.643999,,
79.35,6.69779,,
79.4,6.918228,,
79.45,7.373813,,
79.5,7.408119,,
79.55,7.277921,,
79.6,7.266476,,
79.65,7.208004,,
79.7,7.51219,,
79.75,7.924438,,
79.8,8.155669,,
79.85,7.937998,,
79.9,7.632853,,
79.95,7.416334,,
80,7.177926,,
80.05,7.094997,,
80.1,7.396021,,
80.15,7.618765,,
80.2,7.977048,,
80.25,8.339969,,
80.3,8.629991,,
80.35,8.688715,,
80.4,8.698384,,
80.45,8.652719,,
80.5,8.527778,,
80.55,8.581314,,
80.6,8.661257,,
80.65,8.656884,,
80.7,8.811239,,
80.75,8.835945,,
80.8,8.775414,,
80.85,8.747603,,
80.9,8.939691,,
80.95,9.099662,,
81,9.137547,,
81.05,9.183235,,
81.1,9.271486,,
81.15,9.233455,,
81.2,9.273536,,
81.25,9.436663,,
81.3,9.317032,,
81.35,8.936029,,
81.4,8.710921,,
81.45,9.015424,,
81.5,9.258209,,
81.55,9.359558,,
81.6,9.798821,,
81.65,9.805576,,
81.7,9.607735,,
81.75,9.82313,,
81.8,9.981193,,
81.85,9.904929,,
81.9,9.431826,,
81.95,9.250544,,
82,9.59022,,
82.05,9.887674,,
82.1,10.15118,,
82.15,10.19245,,
82.2,9.995179,,
82.25,9.638708,,
82.3,9.407047,,
82.35,9.621255,,
82.4,9.909581,,
82.45,10.24028,,
82.5,10.61989,,
82.55,11.04715,,
82.6,11.33458,,
82.65,11.43027,,
82.7,11.36561,,
82.75,11.22404,,
82.8,11.39505,,
82.85,11.6791,,
82.9,11.86016,,
82.95,11.93769,,
83,11.97692,,
83.05,11.98935,,
83.1,11.87858,,
83.15,11.6895,,
83.2,11.59594,,
83.25,11.75659,,
83.3,12.0437,,
83.35,12.30413,,
83.4,12.68973,,
83.45,12.62925,,
83.5,12.51464,,
83.55,11.9847,,
83.6,11.69356,,
83.65,11.87191,,
83.7,12.33063,,
83.75,12.82463,,
83.8,13.14235,,
83.85,13.04117,,
83.9,12.79082,,
83.95,12.5,,
84,12.48221,,
84.05,12.55602,,
84.1,12.72231,,
84.15,12.91878,,
84.2,13.07221,,
84.25,13.36167,,
84.3,13.83256,,
84.35,14.28628,,
84.4,14.57198,,
84.45,14.77066,,
84.5,14.6881,,
84.55,14.24909,,
84.6,13.89545,,
84.65,13.72691,,
84.7,13.60115,,
84.75,13.74826,,
84.8,14.21895,,
84.85,14.49763,,
84.9,14.55106,,
84.95,14.81447,,
85,14.83997,,
85.05,15.21447,,
85.1,15.44484,,
85.15,15.90747,,
85.2,15.79745,,
85.25,15.22074,,
85.3,15.10211,,
85.35,14.89134,,
85.4,15.03163,,
85.45,15.77215,,
85.5,16.35202,,
85.55,16.60548,,
85.6,16.37694,,
85.65,16.1844,,
85.7,16.05756,,
85.75,16.28664,,
85.8,16.85922,,
85.85,16.95709,,
85.9,16.76564,,
85.95,16.50958,,
86,16.29481,,
86.05,16.32113,,
86.1,16.33129,,
86.15,16.1244,,
86.2,15.95508,,
86.25,16.08639,,
86.3,16.60877,,
86.35,17.20342,,
86.4,17.14061,,
86.45,16.95365,,
86.5,16.67101,,
86.55,16.63486,,
86.6,17.09361,,
86.65,17.64342,,
86.7,18.32007,,
86.75,18.61853,,
86.8,18.61555,,
86.85,18.78077,,
86.9,18.18978,,
86.95,17.75508,,
87,17.51761,,
87.05,17.78335,,
87.1,18.17864,,
87.15,18.34083,,
87.2,18.46279,,
87.25,18.80396,,
87.3,18.98095,,
87.35,19.15476,,
87.4,19.34406,,
87.45,19.57242,,
87.5,19.79268,,
87.55,19.97115,,
87.6,20.27812,,
87.65,20.37531,,
87.7,19.99433,,
87.75,19.5662,,
87.8,19.34652,,
87.85,19.62649,,
87.9,20.16025,,
87.95,20.70543,,
88,21.34016,,
88.05,21.886,,
88.1,21.8372,,
88.15,21.95168,,
88.2,22.1104,,
88.25,22.22761,,
88.3,21.56927,,
88.35,21.08191,,
88.4,20.64427,,
88.45,20.51358,,
88.5,20.68933,,
88.55,21.3316,,
88.6,21.78177,,
88.65,21.85965,,
88.7,21.79554,,
88.75,21.75927,,
88.8,21.51117,,
88.85,21.929,,
88.9,22.57751,,
88.95,23.34588,,
89,23.88844,,
89.05,23.83351,,
89.1,23.52364,,
89.15,23.53019,,
89.2,23.9922,,
89.25,24.81038,,
89.3,25.17023,,
89.35,25.01867,,
89.4,24.60326,,
89.45,23.70652,,
89.5,23.10715,,
89.55,23.39541,,
89.6,24.44318,,
89.65,25.79865,,
89.7,26.67066,,
89.75,27.22029,,
89.8,27.18694,,
89.85,26.55004,,
89.9,26.74029,,
89.95,27.7448,,
90,28.42769,,
90.05,28.48516,,
90.1,28.08087,,
90.15,27.65396,,
90.2,27.22795,,
90.25,27.83145,,
90.3,28.64288,,
90.35,29.31906,,
90.4,29.51108,,
90.45,28.84933,,
90.5,28.656,,
90.55,28.91921,,
90.6,29.49208,,
90.65,30.72606,,
90.7,31.62166,,
90.75,32.00555,,
90.8,31.97827,,
90.85,32.11724,,
90.9,32.5576,,
90.95,33.13134,,
91,33.91991,,
91.05,34.34031,,
91.1,33.961,,
91.15,33.3172,,
91.2,33.17087,,
91.25,33.35118,,
91.3,34.13474,,
91.35,35.26324,,
91.4,36.05854,,
91.45,36.73981,,
91.5,36.79462,,
91.55,35.86996,,
91.6,35.63681,,
91.65,35.65462,,
91.7,36.44183,,
91.75,37.85438,,
91.8,39.1011,,
91.85,39.78104,,
91.9,39.50217,,
91.95,38.83396,,
92,39.38538,,
92.05,39.27242,,
92.1,39.90144,,
92.15,40.07782,,
92.2,39.6744,,
92.25,39.85407,,
92.3,40.19847,,
92.35,40.99764,,
92.4,42.52768,,
92.45,43.81751,,
92.5,45.20207,,
92.55,45.6632,,
92.6,45.88411,,
92.65,46.03972,,
92.7,46.4908,,
92.75,47.27396,,
92.8,47.42916,,
92.85,47.152,,
92.9,46.87958,,
92.95,46.94083,,
93,48.08852,,
93.05,49.5732,,
93.1,50.72854,,
93.15,50.92138,,
93.2,50.69651,,
93.25,50.74573,,
93.3,51.3353,,
93.35,52.39938,,
93.4,53.08619,,
93.45,52.86435,,
93.5,52.76981,,
93.55,52.64325,,
93.6,53.49136,,
93.65,54.31801,,
93.7,55.53667,,
93.75,56.64938,,
93.8,57.53231,,
93.85,57.90639,,
93.9,58.71538,,
93.95,58.97986,,
94,59.00648,,
94.05,59.13504,,
94.1,60.09272,,
94.15,61.59766,,
94.2,62.26406,,
94.25,62.47257,,
94.3,63.25977,,
94.35,63.79332,,
94.4,64.02086,,
94.45,64.53622,,
94.5,65.16338,,
94.55,65.65276,,
94.6,66.30503,,
94.65,67.87551,,
94.7,69.02824,,
94.75,68.89917,,
94.8,68.20434,,
94.85,67.97064,,
94.9,68.6509,,
94.95,69.82114,,
95,71.39454,,
95.05,73.08575,,
95.1,73.91859,,
95.15,74.62011,,
95.2,75.51142,,
95.25,76.2088,,
95.3,76.01016,,
95.35,75.57018,,
95.4,74.80997,,
95.45,74.60464,,
95.5,75.61307,,
95.55,76.61819,,
95.6,78.37138,,
95.65,78.82557,,
95.7,79.7266,,
95.75,81.58189,,
95.8,83.49886,,
95.85,85.62346,,
95.9,86.51623,,
95.95,86.38253,,
96,86.62216,,
96.05,87.64845,,
96.1,89.53345,,
96.15,89.85538,,
96.2,89.64992,,
96.25,90.12144,,
96.3,90.99721,,
96.35,92.18729,,
96.4,93.77219,,
96.45,95.46635,,
96.5,96.24326,,
96.55,96.86523,,
96.6,97.40524,,
96.65,97.39941,,
96.7,97.02923,,
96.75,97.28694,,
96.8,99.04734,,
96.85,100.7093,,
96.9,102.7441,,
96.95,103.2462,,
97,103.6029,,
97.05,103.4099,,
97.1,103.7924,,
97.15,104.8626,,
97.2,105.5616,,
97.25,105.7676,,
97.3,105.2586,,
97.35,104.3041,,
97.4,104.6958,,
97.45,106.2493,,
97.5,107.8361,,
97.55,109.7223,,
97.6,111.2568,,
97.65,112.0413,,
97.7,112.1259,,
97.75,112.4964,,
97.8,114.4714,,
97.85,117.1368,,
97.9,118.1976,,
97.95,119.3752,,
98,119.7659,,
98.05,119.2157,,
98.1,118.7467,,
98.15,119.206,,
98.2,120.601,,
98.25,121.2943,,
98.3,122.098,,
98.35,123.1417,,
98.4,123.1418,,
98.45,123.5473,,
98.5,124.637,,
98.55,125.5209,,
98.6,125.7105,,
98.65,124.0451,,
98.7,123.2912,,
98.75,123.0233,,
98.8,123.5917,,
98.85,125.8172,,
98.9,127.6823,,
98.95,128.261,,
99,129.6304,,
99.05,132.0019,,
99.1,132.055,,
99.15,132.1591,,
99.2,130.7598,,
99.25,128.7999,,
99.3,126.8686,,
99.35,125.7968,,
99.4,126.3053,,
99.45,126.6582,,
99.5,127.4113,,
99.55,128.786,,
99.6,128.4303,,
99.65,128.0855,,
99.7,128.0128,,
99.75,127.2505,,
99.8,126.9343,,
99.85,127.1277,,
99.9,127.1256,,
99.95,127.2348,,
100,127.678,,
100.05,128.6768,,
100.1,129.483,,
100.15,130.1883,,
100.2,130.481,,
100.25,129.9732,,
100.3,128.3372,,
100.35,127.2393,,
100.4,126.9622,,
100.45,127.9695,,
100.5,128.2399,,
100.55,128.6805,,
100.6,126.7654,,
100.65,124.9497,,
100.7,123.1161,,
100.75,122.8136,,
100.8,123.951,,
100.85,124.431,,
100.9,125.0306,,
100.95,125.2067,,
101,124.2068,,
101.05,123.6289,,
101.1,123.2092,,
101.15,121.8786,,
101.2,121.4868,,
101.25,120.6517,,
101.3,120.5268,,
101.35,121.4153,,
101.4,122.1197,,
101.45,122.4703,,
101.5,122.0217,,
101.55,121.1552,,
101.6,120.1084,,
101.65,119.2429,,
101.7,120.0754,,
101.75,120.3683,,
101.8,119.3949,,
101.85,118.5078,,
101.9,116.5519,,
101.95,115.0211,,
102,113.2606,,
102.05,112.2971,,
102.1,110.9127,,
102.15,109.1922,,
102.2,109.1915,,
102.25,109.7624,,
102.3,108.8344,,
102.35,107.9366,,
102.4,105.5007,,
102.45,103.9511,,
102.5,101.917,,
102.55,101.7629,,
102.6,101.9183,,
102.65,101.5161,,
102.7,101.4618,,
102.75,100.981,,
102.8,101.1669,,
102.85,100.1672,,
102.9,97.37733,,
102.95,96.36388,,
103,97.05285,,
103.05,98.58043,,
103.1,100.3801,,
103.15,101.3851,,
103.2,102.3191,,
103.25,100.3325,,
103.3,97.71747,,
103.35,95.96175,,
103.4,93.35486,,
103.45,90.74556,,
103.5,88.58116,,
103.55,87.3882,,
103.6,86.0344,,
103.65,83.89017,,
103.7,81.5397,,
103.75,78.81837,,
103.8,77.78719,,
103.85,78.05844,,
103.9,78.5182,,
103.95,79.57563,,
104,80.53506,,
104.05,80.53673,,
104.1,80.96899,,
104.15,80.80096,,
104.2,81.17518,,
104.25,79.45856,,
104.3,75.71744,,
104.35,73.97803,,
104.4,72.28775,,
104.45,71.67864,,
104.5,71.92625,,
104.55,72.18002,,
104.6,72.20381,,
104.65,70.27256,,
104.7,68.764,,
104.75,68.3694,,
104.8,68.59503,,
104.85,68.92476,,
104.9,69.73267,,
104.95,69.41239,,
105,68.66263,,
105.05,67.38734,,
105.1,65.72311,,
105.15,64.28497,,
105.2,63.27309,,
105.25,63.4151,,
105.3,63.92228,,
105.35,63.68689,,
105.4,62.79063,,
105.45,61.40485,,
105.5,60.46949,,
105.55,59.88551,,
105.6,60.10683,,
105.65,60.83872,,
105.7,61.10447,,
105.75,60.95571,,
105.8,61.5007,,
105.85,60.98784,,
105.9,60.34023,,
105.95,59.38619,,
106,60.27753,,
106.05,61.18488,,
106.1,62.34215,,
106.15,64.28701,,
106.2,66.95915,,
106.25,68.52755,,
106.3,68.99837,,
106.35,68.94054,,
106.4,68.92227,,
106.45,69.19418,,
106.5,69.90945,,
106.55,70.92776,,
106.6,71.89707,,
106.65,71.43356,,
106.7,70.12152,,
106.75,69.90768,,
106.8,71.20169,,
106.85,73.17393,,
106.9,73.8932,,
106.95,73.66571,,
107,73.0213,,
107.05,71.83611,,
107.1,71.34316,,
107.15,72.32755,,
107.2,74.14285,,
107.25,74.6908,,
107.3,75.0493,,
107.35,74.57411,,
107.4,73.2298,,
107.45,69.89577,,
107.5,68.09592,,
107.55,67.87055,,
107.6,69.66122,,
107.65,71.16321,,
107.7,72.00224,,
107.75,70.26752,,
107.8,68.66714,,
107.85,68.10494,,
107.9,70.76529,,
107.95,71.75469,,
108,72.25636,,
108.05,69.93652,,
108.1,67.28097,,
108.15,66.33717,,
108.2,65.96648,,
108.25,65.89595,,
108.3,65.25902,,
108.35,63.65965,,
108.4,62.21568,,
108.45,61.28802,,
108.5,61.65045,,
108.55,61.43302,,
108.6,60.79384,,
108.65,60.27477,,
108.7,59.91956,,
108.75,59.93863,,
108.8,60.1595,,
108.85,60.13969,,
108.9,59.4627,,
108.95,57.3955,,
109,54.77222,,
109.05,52.5998,,
109.1,50.48056,,
109.15,49.37951,,
109.2,49.81623,,
109.25,50.27097,,
109.3,50.03545,,
109.35,48.34723,,
109.4,47.78739,,
109.45,46.80223,,
109.5,46.26871,,
109.55,46.62169,,
109.6,45.20006,,
109.65,43.87548,,
109.7,42.27421,,
109.75,40.87041,,
109.8,40.49112,,
109.85,39.71883,,
109.9,38.52825,,
109.95,37.07676,,
110,34.76672,,
110.05,34.22626,,
110.1,33.11305,,
110.15,32.55988,,
110.2,32.78557,,
110.25,32.18287,,
110.3,31.49886,,
110.35,30.51139,,
110.4,29.52936,,
110.45,28.55662,,
110.5,26.76195,,
110.55,25.69625,,
110.6,25.2846,,
110.65,25.02051,,
110.7,25.75282,,
110.75,26.10221,,
110.8,26.47734,,
110.85,25.8807,,
110.9,23.54723,,
110.95,21.10957,,
111,19.21818,,
111.05,17.36074,,
111.1,16.97547,,
111.15,17.46526,,
111.2,18.53362,,
111.25,18.87753,,
111.3,19.24581,,
111.35,19.37141,,
111.4,18.93472,,
111.45,17.89381,,
111.5,16.59345,,
111.55,15.1757,,
111.6,13.8773,,
111.65,13.34211,,
111.7,13.29937,,
111.75,13.40414,,
111.8,14.19316,,
111.85,14.72762,,
111.9,14.6258,,
111.95,14.23827,,
112,14.59785,,
112.05,15.67308,,
112.1,17.18392,,
112.15,18.12452,,
112.2,20.17862,,
112.25,25.57518,,
112.3,32.11374,,
112.35,39.53598,,
112.4,50.59409,,
112.45,63.99819,,
112.5,77.83639,,
112.55,92.04185,,
112.6,108.425,,
112.65,125.4127,,
112.7,142.9753,,
112.75,165.7197,,
112.8,185.9046,,
112.85,192.2939,,
112.9,194.7608,,
112.95,194.3127,,
113,195.196,,
113.05,190.9389,,
113.1,190.3504,,
113.15,187.0872,,
113.2,176.793,,
113.25,168.7453,,
113.3,158.5624,,
113.35,141.8995,,
113.4,125.0091,,
113.45,109.3569,,
113.5,99.71993,,
113.55,90.62381,,
113.6,83.67081,,
113.65,74.65289,,
113.7,62.94871,,
113.75,53.96045,,
113.8,47.64713,,
113.85,42.18151,,
113.9,36.48631,,
113.95,30.79783,,
114,25.8282,,
114.05,22.70903,,
114.1,21.75485,,
114.15,21.48888,,
114.2,21.4508,,
114.25,20.49062,,
114.3,18.21661,,
114.35,16.72015,,
114.4,16.61004,,
114.45,16.53463,,
114.5,15.70118,,
114.55,14.5482,,
114.6,14.14427,,
114.65,13.45037,,
114.7,12.81124,,
114.75,12.60226,,
114.8,12.51556,,
114.85,12.03891,,
114.9,11.45292,,
114.95,10.21768,,
115,9.107674,,
115.05,8.628641,,
115.1,7.582422,,
115.15,7.274146,,
115.2,7.881233,,
115.25,8.230042,,
115.3,9.134083,,
115.35,9.588325,,
115.4,9.67984,,
115.45,9.490574,,
115.5,9.086072,,
115.55,9.600393,,
115.6,10.14702,,
115.65,10.46628,,
115.7,9.542514,,
115.75,7.426183,,
115.8,6.246373,,
115.85,6.234717,,
115.9,6.674596,,
115.95,6.779732,,
116,6.481865,,
116.05,5.386843,,
116.1,4.291195,,
116.15,4.344237,,
116.2,5.322592,,
116.25,5.407219,,
116.3,4.794357,,
116.35,3.609394,,
116.4,2.371271,,
116.45,1.938205,,
116.5,2.994446,,
116.55,4.536692,,
116.6,5.276731,,
116.65,5.039351,,
116.7,4.404109,,
116.75,3.219224,,
116.8,3.202659,,
116.85,3.694845,,
116.9,3.668299,,
116.95,2.974185,,
117,1.911391,,
117.05,1.871489,,
117.1,2.355008,,
117.15,2.636954,,
117.2,2.622884,,
117.25,1.680964,,
117.3,0.5708094,,
117.35,4.87E-02,,
117.4,3.17E-03,,
117.45,0.1754535,,
117.5,2.86E-02,,
117.55,-8.57E-02,,
117.6,-7.42E-03,,
117.65,0.3663949,,
117.7,1.300858,,
117.75,1.915038,,
117.8,1.676139,,
117.85,1.194773,,
117.9,0.6401985,,
117.95,0.2117549,,
118,-0.1639703,,
118.05,5.77E-02,,
118.1,0.3866803,,
118.15,0.817659,,
118.2,1.321789,,
118.25,1.989502,,
118.3,2.24329,,
118.35,2.204401,,
118.4,1.905625,,
118.45,1.486136,,
118.5,0.767405,,
118.55,0.1322236,,
118.6,-0.3553488,,
118.65,-0.5009159,,
118.7,4.65E-02,,
118.75,0.6190022,,
118.8,0.7927416,,
118.85,0.6127693,,
118.9,0.1823649,,
118.95,-7.64E-02,,
119,-8.70E-02,,
119.05,-1.88E-02,,
119.1,0.075966,,
119.15,-0.1510723,,
119.2,-0.6401082,,
119.25,-1.181594,,
119.3,-1.225542,,
119.35,-0.8303363,,
119.4,-0.6729199,,
119.45,-0.447102,,
119.5,-0.3283988,,
119.55,-0.5836404,,
119.6,-1.107847,,
119.65,-1.317587,,
119.7,-1.176753,,
119.75,-0.7388898,,
119.8,-0.2753397,,
119.85,0.3571549,,
119.9,0.4041128,,
119.95,0.1327684,,
120,5.88E-02,,
120.05,0.1948634,,
120.1,2.97E-02,,
120.15,0.1143456,,
120.2,0.1990482,,
120.25,0.2515324,,
120.3,0.1125402,,
120.35,-0.242614,,
120.4,-0.6445789,,
120.45,-0.8720828,,
120.5,-0.6716429,,
120.55,-0.1415827,,
120.6,6.36E-02,,
120.65,-0.3106699,,
120.7,-0.9466603,,
120.75,-1.482587,,
120.8,-1.504507,,
120.85,-0.8912125,,
120.9,0.1618022,,
120.95,0.7590181,,
121,0.4618167,,
121.05,1.80E-02,,
121.1,-0.2903479,,
121.15,-0.7174292,,
121.2,-1.065715,,
121.25,-0.9686342,,
121.3,-0.4945781,,
121.35,-0.603108,,
121.4,-0.6928961,,
121.45,-0.6675256,,
121.5,-0.8072984,,
121.55,-0.7957069,,
121.6,-0.7529622,,
121.65,-0.7348011,,
121.7,-1.126105,,
121.75,-1.414001,,
121.8,-1.246527,,
121.85,-0.7883709,,
121.9,-0.192426,,
121.95,0.374299,,
122,0.2948995,,
122.05,-0.2700928,,
122.1,-0.7467685,,
122.15,-0.9769376,,
122.2,-0.8980253,,
122.25,-0.5203142,,
122.3,-0.2506642,,
122.35,-0.2383373,,
122.4,-0.4532429,,
122.45,-0.8912769,,
122.5,-1.319567,,
122.55,-1.592619,,
122.6,-1.507623,,
122.65,-1.345717,,
122.7,-1.239921,,
122.75,-0.926819,,
122.8,-0.7093334,,
122.85,-0.8242459,,
122.9,-1.179731,,
122.95,-1.66278,,
123,-1.992726,,
123.05,-2.172411,,
123.1,-1.706517,,
123.15,-1.060833,,
123.2,-0.7108025,,
123.25,-0.3939225,,
123.3,-0.2032647,,
123.35,-0.5600981,,
123.4,-1.007469,,
123.45,-1.476873,,
123.5,-2.004364,,
123.55,-2.4414,,
123.6,-2.357333,,
123.65,-1.675816,,
123.7,-0.8840892,,
123.75,-0.2620243,,
123.8,0.37963,,
123.85,1.78E-04,,
123.9,-0.9636734,,
123.95,-1.680947,,
124,-2.123222,,
124.05,-2.224257,,
124.1,-2.127358,,
124.15,-1.977158,,
124.2,-1.846323,,
124.25,-1.654153,,
124.3,-1.116169,,
124.35,-0.6494506,,
124.4,-0.7401498,,
124.45,-1.203792,,
124.5,-1.68048,,
124.55,-1.818123,,
124.6,-1.48407,,
124.65,-1.001546,,
124.7,-0.6917768,,
124.75,-0.8050652,,
124.8,-1.158075,,
124.85,-1.829732,,
124.9,-2.407267,,
124.95,-2.486755,,
125,-2.509248,,
125.05,-2.541632,,
125.1,-2.290592,,
125.15,-1.815629,,
125.2,-1.001492,,
125.25,-0.2808228,,
125.3,0.5028945,,
125.35,0.3183576,,
125.4,-0.6415357,,
125.45,-1.675534,,
125.5,-2.061553,,
125.55,-1.872683,,
125.6,-1.567658,,
125.65,-1.425606,,
125.7,-1.713317,,
125.75,-2.496623,,
125.8,-3.03994,,
125.85,-3.031668,,
125.9,-2.667629,,
125.95,-1.927645,,
126,-1.421733,,
126.05,-1.36409,,
126.1,-1.512604,,
126.15,-1.745544,,
126.2,-1.980329,,
126.25,-2.405689,,
126.3,-2.659744,,
126.35,-2.450716,,
126.4,-2.242746,,
126.45,-2.062661,,
126.5,-2.060102,,
126.55,-2.327906,,
126.6,-2.487377,,
126.65,-2.465764,,
126.7,-2.443368,,
126.75,-2.487467,,
126.8,-2.510751,,
126.85,-2.570151,,
126.9,-2.655898,,
126.95,-2.719119,,
127,-2.578644,,
127.05,-2.79509,,
127.1,-2.706054,,
127.15,-2.442096,,
127.2,-2.263817,,
127.25,-2.44637,,
127.3,-2.252399,,
127.35,-1.768056,,
127.4,-1.367226,,
127.45,-1.190995,,
127.5,-1.258122,,
127.55,-1.66405,,
127.6,-1.931174,,
127.65,-1.779024,,
127.7,-1.524084,,
127.75,-1.564106,,
127.8,-1.768978,,
127.85,-1.867607,,
127.9,-1.9358,,
127.95,-1.748381,,
128,-1.279206,,
128.05,-1.002967,,
128.1,-1.225748,,
128.15,-1.681461,,
128.2,-2.145211,,
128.25,-2.610719,,
128.3,-2.930659,,
128.35,-2.986598,,
128.4,-3.11828,,
128.45,-3.33783,,
128.5,-3.453975,,
128.55,-3.094378,,
128.6,-2.615398,,
128.65,-2.153909,,
128.7,-2.066665,,
128.75,-2.410095,,
128.8,-2.839152,,
128.85,-2.832643,,
128.9,-3.018629,,
128.95,-3.12161,,
129,-3.260335,,
129.05,-3.116083,,
129.1,-3.071269,,
129.15,-3.012442,,
129.2,-2.75274,,
129.25,-2.717698,,
129.3,-2.7748,,
129.35,-2.722984,,
129.4,-2.44162,,
129.45,-2.10987,,
129.5,-1.898629,,
129.55,-1.715519,,
129.6,-1.609579,,
129.65,-1.698101,,
129.7,-1.997419,,
129.75,-2.198072,,
129.8,-2.2354,,
129.85,-2.33806,,
129.9,-2.45607,,
129.95,-2.526571,,
130,-2.465771,,
130.05,-2.525818,,
130.1,-2.475491,,
130.15,-2.318206,,
130.2,-2.285666,,
130.25,-2.478988,,
130.3,-2.694574,,
130.35,-2.742702,,
130.4,-2.457229,,
130.45,-2.305671,,
130.5,-2.284302,,
130.55,-2.205998,,
130.6,-1.891992,,
130.65,-1.993751,,
130.7,-1.921969,,
130.75,-1.941623,,
130.8,-2.317883,,
130.85,-2.887085,,
130.9,-3.289955,,
130.95,-3.200011,,
131,-2.990323,,
131.05,-2.886991,,
131.1,-2.816601,,
131.15,-3.031407,,
131.2,-3.381386,,
131.25,-3.637783,,
131.3,-3.43934,,
131.35,-3.150048,,
131.4,-3.070987,,
131.45,-3.101432,,
131.5,-3.158574,,
131.55,-3.257087,,
131.6,-3.260124,,
131.65,-3.185719,,
131.7,-3.217437,,
131.75,-3.115188,,
131.8,-2.77307,,
131.85,-2.527567,,
131.9,-2.490428,,
131.95,-2.744818,,
132,-2.955126,,
132.05,-3.10941,,
132.1,-2.704754,,
132.15,-2.016724,,
132.2,-1.729696,,
132.25,-1.984436,,
132.3,-2.063221,,
132.35,-2.509925,,
132.4,-2.815442,,
132.45,-2.79772,,
132.5,-2.518745,,
132.55,-2.289417,,
132.6,-2.328116,,
132.65,-2.679934,,
132.7,-3.062932,,
132.75,-3.512703,,
132.8,-3.55941,,
132.85,-3.482783,,
132.9,-3.175727,,
132.95,-2.816802,,
133,-2.586687,,
133.05,-2.471224,,
133.1,-2.566711,,
133.15,-2.771149,,
133.2,-3.103561,,
133.25,-3.118596,,
133.3,-2.743791,,
133.35,-2.457525,,
133.4,-2.439598,,
133.45,-2.785612,,
133.5,-3.268715,,
133.55,-3.449586,,
133.6,-3.354711,,
133.65,-3.035423,,
133.7,-2.881024,,
133.75,-2.648422,,
133.8,-2.696612,,
133.85,-2.879311,,
133.9,-3.054592,,
133.95,-2.93608,,
134,-3.216736,,
134.05,-3.349132,,
134.1,-3.206786,,
134.15,-2.937136,,
134.2,-2.633432,,
134.25,-1.967027,,
134.3,-1.507093,,
134.35,-1.788284,,
134.4,-2.412582,,
134.45,-2.599479,,
134.5,-2.670715,,
134.55,-2.716734,,
134.6,-2.698096,,
134.65,-2.941859,,
134.7,-3.331228,,
134.75,-3.466753,,
134.8,-3.249736,,
134.85,-3.018836,,
134.9,-2.869607,,
134.95,-2.743679,,
135,-2.908927,,
135.05,-3.229472,,
135.1,-3.453459,,
135.15,-3.444975,,
135.2,-3.436177,,
135.25,-3.382739,,
135.3,-3.072419,,
135.35,-3.053404,,
135.4,-3.448644,,
135.45,-3.730957,,
135.5,-3.895105,,
135.55,-3.788554,,
135.6,-3.574407,,
135.65,-3.063511,,
135.7,-2.422485,,
135.75,-2.422485,,
135.8,-2.422485,,
135.85,-2.422485,,
135.9,-2.422485,,
135.95,-2.422485,,
136,-2.422485,,
136.05,-2.422485,,
136.1,-2.422485,,
136.15,-2.422485,,
136.2,-2.422485,,
136.25,-2.422485,,
136.3,-2.422485,,
136.35,-2.422485,,
136.4,-2.422485,,
136.45,-2.422485,,
136.5,-2.422485,,
136.55,-2.422485,,
136.6,-2.422485,,
136.65,-2.422485,,
136.7,-2.422485,,
136.75,-2.422485,,
136.8,-2.422485,,
136.85,-2.422485,,
136.9,-2.422485,,
136.95,-2.422485,,
137,-2.422485,,
137.05,-2.422485,,
137.1,-2.422485,,
137.15,-2.422485,,
137.2,-2.422485,,
137.25,-2.422485,,
137.3,-2.422485,,
137.35,-2.422485,,
137.4,-2.422485,,
137.45,-2.422485,,
137.5,-2.422485,,
137.55,-2.422485,,
137.6,-2.422485,,
137.65,-2.422485,,
137.7,-2.422485,,
137.75,-2.422485,,
137.8,-2.422485,,
137.85,-2.422485,,
137.9,-2.422485,,
137.95,-2.422485,,
138,-2.422485,,
 ,,,
Alignment,On,,
