Data File Name,NK_JLC_NEXTERA1_High Sensitivity DNA Assay_DE24802700_2017-02-02_14-30-54.xad,,
Data File Path,C:\Users\jlchiniquy\Desktop\20171205_Nextera_library_size_to_loading_concentration_tool\NKaplan,,
Date Created,"Thursday, February 02, 2017 10:30:54 PM",,
Date Last Modified,"Thursday, February 02, 2017 11:12:15 PM",,
Version Created,B.02.07.SI532,,
Version Last Modified,B.02.07.SI532,,
 ,,,
Assay Name,High Sensitivity DNA,,
Assay Path,C:\Program Files\Agilent\2100 bioanalyzer\2100 expert\assays\dsDNA,,
Assay Title,High Sensitivity DNA Assay,,
Assay Version,1,,
 ,,,
Number of Samples Run,11,,
 ,,,
Sample Name,sample 1,,
Number of Events,2121,,
 ,,,
Time,Value,Library Loading Concentration (pM),Cluster Density (K/mm^2)
32,0.100647,10,1228
32.05,0.100647,,
32.1,0.100647,,
32.15,0.100647,,
32.2,0.100647,,
32.25,0.1133285,,
32.3,0.1571503,,
32.35,0.1591754,,
32.4,0.1443084,,
32.45,8.97E-02,,
32.5,-5.88E-02,,
32.55,-0.1047378,,
32.6,-0.1756579,,
32.65,-0.1531933,,
32.7,-9.49E-02,,
32.75,-0.0778314,,
32.8,-7.60E-02,,
32.85,-5.14E-02,,
32.9,-3.06E-02,,
32.95,3.24E-02,,
33,9.19E-02,,
33.05,9.82E-02,,
33.1,1.95E-02,,
33.15,-4.28E-02,,
33.2,-0.1366026,,
33.25,-0.2273501,,
33.3,-0.2577201,,
33.35,-0.2789894,,
33.4,-0.4416054,,
33.45,-0.5363967,,
33.5,-0.5828522,,
33.55,-0.6796896,,
33.6,-0.7050102,,
33.65,-0.5499904,,
33.7,-0.3345554,,
33.75,-0.1550007,,
33.8,-0.1079955,,
33.85,-0.2283547,,
33.9,-0.5037357,,
33.95,-0.6618172,,
34,-0.6643552,,
34.05,-0.5821264,,
34.1,-0.4952325,,
34.15,-0.407123,,
34.2,-0.4284053,,
34.25,-0.372228,,
34.3,-0.3791522,,
34.35,-0.2240685,,
34.4,-0.1434196,,
34.45,-0.127001,,
34.5,-9.32E-02,,
34.55,-0.1479117,,
34.6,-0.2456795,,
34.65,-0.2635391,,
34.7,-0.2094704,,
34.75,-0.2023439,,
34.8,-0.2785759,,
34.85,-0.3105132,,
34.9,-0.3367178,,
34.95,-0.4099536,,
35,-0.3918809,,
35.05,-0.5220189,,
35.1,-0.6314238,,
35.15,-0.6205455,,
35.2,-0.5347024,,
35.25,-0.4178351,,
35.3,-0.4389624,,
35.35,-0.5251449,,
35.4,-0.5615457,,
35.45,-0.5715986,,
35.5,-0.5585002,,
35.55,-0.5987931,,
35.6,-0.6899531,,
35.65,-0.7671115,,
35.7,-0.7613057,,
35.75,-0.7629396,,
35.8,-0.7684889,,
35.85,-0.7463609,,
35.9,-0.7644613,,
35.95,-0.789554,,
36,-0.8775024,,
36.05,-0.9482145,,
36.1,-1.030384,,
36.15,-1.055367,,
36.2,-1.008705,,
36.25,-0.9985926,,
36.3,-0.9156656,,
36.35,-0.9392656,,
36.4,-1.028751,,
36.45,-1.06308,,
36.5,-1.05329,,
36.55,-1.047263,,
36.6,-1.129403,,
36.65,-1.140706,,
36.7,-1.150442,,
36.75,-1.124687,,
36.8,-1.0614,,
36.85,-0.9611547,,
36.9,-0.8919869,,
36.95,-0.8390208,,
37,-0.8206212,,
37.05,-0.7886072,,
37.1,-0.7754676,,
37.15,-0.8234513,,
37.2,-0.8032261,,
37.25,-0.7414645,,
37.3,-0.759481,,
37.35,-0.8445004,,
37.4,-0.850288,,
37.45,-0.8848673,,
37.5,-0.891541,,
37.55,-0.8616587,,
37.6,-0.8635255,,
37.65,-0.8415281,,
37.7,-0.8325021,,
37.75,-0.8664041,,
37.8,-0.9345884,,
37.85,-0.947825,,
37.9,-0.9491161,,
37.95,-0.9326786,,
38,-0.8895014,,
38.05,-0.7279713,,
38.1,-0.7571068,,
38.15,-0.7441223,,
38.2,-0.7165846,,
38.25,-0.7917796,,
38.3,-0.7914129,,
38.35,-0.9367247,,
38.4,-0.8695652,,
38.45,-0.746387,,
38.5,-0.7249913,,
38.55,-0.7201094,,
38.6,-0.8054619,,
38.65,-0.9043123,,
38.7,-1.038799,,
38.75,-1.124581,,
38.8,-1.187043,,
38.85,-1.217389,,
38.9,-1.177285,,
38.95,-1.189659,,
39,-1.212746,,
39.05,-1.307755,,
39.1,-1.347919,,
39.15,-1.300901,,
39.2,-1.232873,,
39.25,-1.211109,,
39.3,-1.263082,,
39.35,-1.365898,,
39.4,-1.427441,,
39.45,-1.407033,,
39.5,-1.370631,,
39.55,-1.358577,,
39.6,-1.372735,,
39.65,-1.424532,,
39.7,-1.358434,,
39.75,-1.148969,,
39.8,-1.084986,,
39.85,-1.205938,,
39.9,-1.362053,,
39.95,-1.360756,,
40,-1.239457,,
40.05,-1.08067,,
40.1,-0.946375,,
40.15,-1.016569,,
40.2,-1.201681,,
40.25,-1.328557,,
40.3,-1.332837,,
40.35,-1.298066,,
40.4,-1.264304,,
40.45,-1.185838,,
40.5,-1.19702,,
40.55,-1.21246,,
40.6,-1.260947,,
40.65,-1.288224,,
40.7,-1.234707,,
40.75,-1.169837,,
40.8,-1.148578,,
40.85,-1.181086,,
40.9,-1.232606,,
40.95,-1.307797,,
41,-1.332744,,
41.05,-1.325479,,
41.1,-1.354084,,
41.15,-1.331765,,
41.2,-1.177224,,
41.25,-1.147266,,
41.3,-1.155757,,
41.35,-1.107826,,
41.4,-1.122084,,
41.45,-1.170331,,
41.5,-1.181665,,
41.55,-1.095525,,
41.6,-1.209289,,
41.65,-1.313807,,
41.7,-1.32112,,
41.75,-1.336223,,
41.8,-1.343943,,
41.85,-1.353583,,
41.9,-1.377347,,
41.95,-1.395996,,
42,-1.411398,,
42.05,-1.40649,,
42.1,-1.373006,,
42.15,-1.449491,,
42.2,-1.382485,,
42.25,-1.334956,,
42.3,-1.159077,,
42.35,-1.069757,,
42.4,-0.8964681,,
42.45,-0.4315789,,
42.5,0.664085,,
42.55,3.200292,,
42.6,8.17094,,
42.65,16.812,,
42.7,29.65755,,
42.75,46.57474,,
42.8,66.50259,,
42.85,87.37701,,
42.9,105.5928,,
42.95,117.6034,,
43,120.9791,,
43.05,114.1411,,
43.1,98.99536,,
43.15,78.85485,,
43.2,57.66465,,
43.25,38.63202,,
43.3,23.67658,,
43.35,13.39734,,
43.4,7.158677,,
43.45,3.808671,,
43.5,2.196108,,
43.55,1.558885,,
43.6,1.215027,,
43.65,0.9422354,,
43.7,0.5467815,,
43.75,0.330797,,
43.8,9.36E-02,,
43.85,-6.60E-03,,
43.9,-4.36E-02,,
43.95,-0.1769664,,
44,-0.3520474,,
44.05,-0.3673175,,
44.1,-0.3770175,,
44.15,-0.3902042,,
44.2,-0.3183309,,
44.25,-0.169603,,
44.3,-6.75E-02,,
44.35,0.030529,,
44.4,1.38E-02,,
44.45,-0.2091177,,
44.5,-0.4547595,,
44.55,-0.584073,,
44.6,-0.5660642,,
44.65,-0.3901026,,
44.7,-0.0776153,,
44.75,0.1767023,,
44.8,0.4836046,,
44.85,0.7657464,,
44.9,1.111698,,
44.95,1.596795,,
45,2.06621,,
45.05,2.352494,,
45.1,2.398881,,
45.15,2.365156,,
45.2,2.205209,,
45.25,2.01213,,
45.3,1.880168,,
45.35,1.654034,,
45.4,1.377212,,
45.45,1.074424,,
45.5,0.8745185,,
45.55,0.7556981,,
45.6,0.672721,,
45.65,0.702279,,
45.7,0.7674947,,
45.75,0.8487293,,
45.8,0.9743067,,
45.85,1.088324,,
45.9,1.090898,,
45.95,1.006989,,
46,0.8969249,,
46.05,0.8277624,,
46.1,0.8717898,,
46.15,1.002759,,
46.2,1.185743,,
46.25,1.287087,,
46.3,1.438476,,
46.35,1.453807,,
46.4,1.536125,,
46.45,1.472636,,
46.5,1.298918,,
46.55,1.057103,,
46.6,0.8641705,,
46.65,0.707265,,
46.7,0.485156,,
46.75,0.2844014,,
46.8,0.0448921,,
46.85,-0.1996486,,
46.9,-0.3693184,,
46.95,-0.4582882,,
47,-0.6589762,,
47.05,-0.858037,,
47.1,-0.9980064,,
47.15,-1.192241,,
47.2,-1.31025,,
47.25,-1.3621,,
47.3,-1.355248,,
47.35,-1.372712,,
47.4,-1.359911,,
47.45,-1.286898,,
47.5,-1.327068,,
47.55,-1.404138,,
47.6,-1.386868,,
47.65,-1.321441,,
47.7,-1.227913,,
47.75,-1.236589,,
47.8,-1.341578,,
47.85,-1.51883,,
47.9,-1.799531,,
47.95,-1.884013,,
48,-1.816775,,
48.05,-1.807033,,
48.1,-1.788152,,
48.15,-1.820713,,
48.2,-1.852118,,
48.25,-1.893051,,
48.3,-1.869367,,
48.35,-1.80831,,
48.4,-1.836987,,
48.45,-1.924533,,
48.5,-1.91942,,
48.55,-1.827204,,
48.6,-1.840435,,
48.65,-1.799544,,
48.7,-1.697691,,
48.75,-1.579355,,
48.8,-1.740783,,
48.85,-2.049195,,
48.9,-2.299673,,
48.95,-2.513674,,
49,-2.573728,,
49.05,-2.456536,,
49.1,-2.27066,,
49.15,-2.163093,,
49.2,-2.034769,,
49.25,-1.88015,,
49.3,-1.876581,,
49.35,-1.969797,,
49.4,-2.139416,,
49.45,-2.208508,,
49.5,-2.34202,,
49.55,-2.300294,,
49.6,-2.345001,,
49.65,-2.391722,,
49.7,-2.419684,,
49.75,-2.39974,,
49.8,-2.460325,,
49.85,-2.55213,,
49.9,-2.602211,,
49.95,-2.57093,,
50,-2.506866,,
50.05,-2.481371,,
50.1,-2.431902,,
50.15,-2.55162,,
50.2,-2.514653,,
50.25,-2.539798,,
50.3,-2.496372,,
50.35,-2.597902,,
50.4,-2.688792,,
50.45,-2.775572,,
50.5,-2.759239,,
50.55,-2.649153,,
50.6,-2.611511,,
50.65,-2.688993,,
50.7,-2.871611,,
50.75,-3.065728,,
50.8,-3.176198,,
50.85,-3.066168,,
50.9,-2.876312,,
50.95,-2.770985,,
51,-2.713196,,
51.05,-2.661343,,
51.1,-2.861706,,
51.15,-2.875363,,
51.2,-2.803643,,
51.25,-2.734699,,
51.3,-2.778351,,
51.35,-2.789262,,
51.4,-2.853354,,
51.45,-2.94454,,
51.5,-2.94186,,
51.55,-2.81944,,
51.6,-2.75469,,
51.65,-2.766073,,
51.7,-2.759083,,
51.75,-2.789926,,
51.8,-2.906672,,
51.85,-2.983226,,
51.9,-3.03024,,
51.95,-2.921537,,
52,-2.840425,,
52.05,-2.760111,,
52.1,-2.688132,,
52.15,-2.632695,,
52.2,-2.58172,,
52.25,-2.573537,,
52.3,-2.580838,,
52.35,-2.550349,,
52.4,-2.518071,,
52.45,-2.505594,,
52.5,-2.534035,,
52.55,-2.566656,,
52.6,-2.687748,,
52.65,-2.759724,,
52.7,-2.663193,,
52.75,-2.576256,,
52.8,-2.625704,,
52.85,-2.667483,,
52.9,-2.804275,,
52.95,-2.879565,,
53,-2.841079,,
53.05,-2.759873,,
53.1,-2.768986,,
53.15,-2.914911,,
53.2,-3.086995,,
53.25,-3.220902,,
53.3,-3.08869,,
53.35,-2.884888,,
53.4,-2.867174,,
53.45,-2.883897,,
53.5,-2.901762,,
53.55,-2.963383,,
53.6,-2.9303,,
53.65,-2.76983,,
53.7,-2.616016,,
53.75,-2.550326,,
53.8,-2.543796,,
53.85,-2.641728,,
53.9,-2.845941,,
53.95,-2.906969,,
54,-2.819701,,
54.05,-2.763451,,
54.1,-2.662079,,
54.15,-2.750326,,
54.2,-2.927411,,
54.25,-2.956449,,
54.3,-2.850983,,
54.35,-2.79616,,
54.4,-2.799543,,
54.45,-2.759861,,
54.5,-2.778606,,
54.55,-2.874755,,
54.6,-2.880746,,
54.65,-2.916635,,
54.7,-2.939025,,
54.75,-2.820913,,
54.8,-2.633595,,
54.85,-2.563145,,
54.9,-2.466567,,
54.95,-2.493541,,
55,-2.622389,,
55.05,-2.734592,,
55.1,-2.690326,,
55.15,-2.532488,,
55.2,-2.45185,,
55.25,-2.391903,,
55.3,-2.417902,,
55.35,-2.47052,,
55.4,-2.492722,,
55.45,-2.552415,,
55.5,-2.559605,,
55.55,-2.551794,,
55.6,-2.620569,,
55.65,-2.600616,,
55.7,-2.473593,,
55.75,-2.442354,,
55.8,-2.520587,,
55.85,-2.682243,,
55.9,-2.706701,,
55.95,-2.958742,,
56,-2.997825,,
56.05,-2.795283,,
56.1,-2.734761,,
56.15,-2.676841,,
56.2,-2.681122,,
56.25,-2.665109,,
56.3,-2.673913,,
56.35,-2.650458,,
56.4,-2.604669,,
56.45,-2.71688,,
56.5,-2.833436,,
56.55,-2.924564,,
56.6,-2.90577,,
56.65,-2.853599,,
56.7,-2.752065,,
56.75,-2.639746,,
56.8,-2.672723,,
56.85,-2.720928,,
56.9,-2.833237,,
56.95,-2.860449,,
57,-2.801507,,
57.05,-2.647417,,
57.1,-2.457417,,
57.15,-2.386516,,
57.2,-2.403018,,
57.25,-2.498733,,
57.3,-2.496343,,
57.35,-2.421353,,
57.4,-2.396679,,
57.45,-2.321781,,
57.5,-2.176201,,
57.55,-2.168195,,
57.6,-2.196661,,
57.65,-2.229353,,
57.7,-2.250858,,
57.75,-2.336225,,
57.8,-2.313708,,
57.85,-2.231092,,
57.9,-2.225861,,
57.95,-2.191512,,
58,-2.105958,,
58.05,-2.03335,,
58.1,-1.990902,,
58.15,-1.890496,,
58.2,-1.838572,,
58.25,-1.867246,,
58.3,-1.91298,,
58.35,-2.035098,,
58.4,-2.163417,,
58.45,-2.199676,,
58.5,-2.172154,,
58.55,-2.120873,,
58.6,-2.082317,,
58.65,-1.965441,,
58.7,-1.871415,,
58.75,-1.7136,,
58.8,-1.611427,,
58.85,-1.480482,,
58.9,-1.377844,,
58.95,-1.458432,,
59,-1.586892,,
59.05,-1.719722,,
59.1,-1.914798,,
59.15,-1.990073,,
59.2,-1.965889,,
59.25,-1.798895,,
59.3,-1.693743,,
59.35,-1.736815,,
59.4,-1.753598,,
59.45,-1.813857,,
59.5,-1.845893,,
59.55,-1.840241,,
59.6,-1.654983,,
59.65,-1.391584,,
59.7,-1.432808,,
59.75,-1.422527,,
59.8,-1.494864,,
59.85,-1.413603,,
59.9,-1.292861,,
59.95,-1.165246,,
60,-1.13754,,
60.05,-1.301697,,
60.1,-1.360559,,
60.15,-1.393801,,
60.2,-1.382421,,
60.25,-1.408763,,
60.3,-1.444557,,
60.35,-1.399246,,
60.4,-1.296626,,
60.45,-1.131515,,
60.5,-1.019753,,
60.55,-0.9443993,,
60.6,-0.9351704,,
60.65,-0.7830301,,
60.7,-0.7126682,,
60.75,-0.796442,,
60.8,-0.9570301,,
60.85,-0.9681201,,
60.9,-1.018569,,
60.95,-0.9335428,,
61,-0.7672327,,
61.05,-0.6929343,,
61.1,-0.6984264,,
61.15,-0.7097078,,
61.2,-0.7218148,,
61.25,-0.7471463,,
61.3,-0.6638253,,
61.35,-0.5530345,,
61.4,-0.4469314,,
61.45,-0.3568586,,
61.5,-0.4368235,,
61.55,-0.6020546,,
61.6,-0.8525507,,
61.65,-0.9693471,,
61.7,-1.087914,,
61.75,-1.075646,,
61.8,-1.095309,,
61.85,-1.16832,,
61.9,-1.227364,,
61.95,-1.221634,,
62,-1.081033,,
62.05,-1.02291,,
62.1,-1.027747,,
62.15,-1.067789,,
62.2,-1.162745,,
62.25,-1.213411,,
62.3,-1.100934,,
62.35,-0.9447308,,
62.4,-0.8849904,,
62.45,-0.9665868,,
62.5,-1.043377,,
62.55,-1.118417,,
62.6,-0.9994114,,
62.65,-0.871706,,
62.7,-0.7390713,,
62.75,-0.6647038,,
62.8,-0.5852404,,
62.85,-0.6289533,,
62.9,-0.6959152,,
62.95,-0.6390098,,
63,-0.6946368,,
63.05,-0.6747391,,
63.1,-0.3751546,,
63.15,-0.3033997,,
63.2,-0.3103345,,
63.25,-0.518166,,
63.3,-0.5980971,,
63.35,-0.6739047,,
63.4,-0.6551086,,
63.45,-0.4097119,,
63.5,-0.1815454,,
63.55,-0.1526013,,
63.6,-0.1464657,,
63.65,-0.201294,,
63.7,-0.2467118,,
63.75,-0.1684197,,
63.8,-0.1009635,,
63.85,1.41E-04,,
63.9,-2.75E-02,,
63.95,-2.14E-03,,
64,1.58E-02,,
64.05,8.17E-02,,
64.1,0.080872,,
64.15,0.0582668,,
64.2,4.73E-02,,
64.25,0.1557326,,
64.3,0.2892074,,
64.35,0.3735675,,
64.4,0.4399046,,
64.45,0.5189213,,
64.5,0.6507677,,
64.55,0.7422712,,
64.6,0.7880483,,
64.65,0.787719,,
64.7,0.7137543,,
64.75,0.8534896,,
64.8,0.9578696,,
64.85,1.003401,,
64.9,0.9754689,,
64.95,0.8747546,,
65,0.7819208,,
65.05,0.7032052,,
65.1,0.7528917,,
65.15,0.7071102,,
65.2,0.5333862,,
65.25,0.5362313,,
65.3,0.6243431,,
65.35,0.868922,,
65.4,1.013403,,
65.45,1.031745,,
65.5,0.9121491,,
65.55,0.8166723,,
65.6,0.7573645,,
65.65,0.8017963,,
65.7,0.7161903,,
65.75,0.6497163,,
65.8,0.4202183,,
65.85,0.417632,,
65.9,0.5884067,,
65.95,0.8265623,,
66,1.059591,,
66.05,1.229298,,
66.1,1.396689,,
66.15,1.293396,,
66.2,1.351853,,
66.25,1.419217,,
66.3,1.400778,,
66.35,1.367936,,
66.4,1.215909,,
66.45,1.153625,,
66.5,1.178663,,
66.55,1.327464,,
66.6,1.623495,,
66.65,1.659343,,
66.7,1.59426,,
66.75,1.609013,,
66.8,1.83617,,
66.85,2.077636,,
66.9,2.350631,,
66.95,2.409968,,
67,2.178105,,
67.05,1.835862,,
67.1,1.723348,,
67.15,1.89846,,
67.2,2.201934,,
67.25,2.504047,,
67.3,2.843428,,
67.35,2.811296,,
67.4,2.532734,,
67.45,2.320872,,
67.5,2.139229,,
67.55,2.067006,,
67.6,2.009662,,
67.65,2.095358,,
67.7,2.265269,,
67.75,2.399067,,
67.8,2.509654,,
67.85,2.32359,,
67.9,2.2633,,
67.95,2.305207,,
68,2.472355,,
68.05,2.686518,,
68.1,2.659524,,
68.15,2.509028,,
68.2,2.379526,,
68.25,2.559916,,
68.3,2.938642,,
68.35,3.093338,,
68.4,2.995514,,
68.45,2.903395,,
68.5,2.85637,,
68.55,2.920614,,
68.6,3.134341,,
68.65,3.341719,,
68.7,3.425226,,
68.75,3.459812,,
68.8,3.485851,,
68.85,3.325717,,
68.9,3.104779,,
68.95,3.041377,,
69,3.088154,,
69.05,3.199043,,
69.1,3.33257,,
69.15,3.397081,,
69.2,3.399783,,
69.25,3.507139,,
69.3,3.808765,,
69.35,4.256877,,
69.4,4.671555,,
69.45,4.992439,,
69.5,5.104224,,
69.55,5.20576,,
69.6,4.996833,,
69.65,5.158971,,
69.7,5.28458,,
69.75,5.272898,,
69.8,5.188379,,
69.85,5.318302,,
69.9,5.344776,,
69.95,5.067627,,
70,4.899617,,
70.05,4.924626,,
70.1,5.021613,,
70.15,5.093928,,
70.2,5.105608,,
70.25,5.208357,,
70.3,5.142438,,
70.35,5.064842,,
70.4,5.133429,,
70.45,5.228706,,
70.5,5.235826,,
70.55,5.341079,,
70.6,5.531154,,
70.65,5.633638,,
70.7,5.450773,,
70.75,5.404951,,
70.8,5.57501,,
70.85,5.666955,,
70.9,5.816965,,
70.95,5.764021,,
71,5.579822,,
71.05,5.343912,,
71.1,5.427332,,
71.15,5.529106,,
71.2,5.386505,,
71.25,5.609602,,
71.3,6.042513,,
71.35,6.042708,,
71.4,6.234129,,
71.45,6.212659,,
71.5,6.006544,,
71.55,5.880849,,
71.6,6.058885,,
71.65,6.156998,,
71.7,6.092523,,
71.75,6.173872,,
71.8,6.118477,,
71.85,6.114341,,
71.9,6.331333,,
71.95,6.562447,,
72,6.407782,,
72.05,6.422697,,
72.1,6.46574,,
72.15,6.464391,,
72.2,6.707657,,
72.25,7.145532,,
72.3,7.477445,,
72.35,7.547242,,
72.4,7.561182,,
72.45,7.43094,,
72.5,7.173635,,
72.55,7.126642,,
72.6,7.176379,,
72.65,7.283628,,
72.7,7.393224,,
72.75,7.584264,,
72.8,7.869823,,
72.85,7.879474,,
72.9,8.079911,,
72.95,7.859043,,
73,7.594806,,
73.05,7.685277,,
73.1,7.941467,,
73.15,8.262022,,
73.2,8.499618,,
73.25,8.685658,,
73.3,8.532048,,
73.35,8.468919,,
73.4,8.524078,,
73.45,8.335857,,
73.5,8.237087,,
73.55,8.411699,,
73.6,8.195741,,
73.65,8.195355,,
73.7,8.157689,,
73.75,8.31791,,
73.8,8.415573,,
73.85,8.832105,,
73.9,9.132268,,
73.95,9.122035,,
74,9.170387,,
74.05,9.21559,,
74.1,9.274704,,
74.15,9.207232,,
74.2,9.190245,,
74.25,9.279575,,
74.3,9.394924,,
74.35,9.605482,,
74.4,9.887517,,
74.45,10.20375,,
74.5,10.28282,,
74.55,10.05059,,
74.6,9.928365,,
74.65,9.52968,,
74.7,9.317942,,
74.75,9.502543,,
74.8,9.875563,,
74.85,10.10502,,
74.9,10.31913,,
74.95,10.45905,,
75,10.24038,,
75.05,10.32985,,
75.1,10.56317,,
75.15,10.7192,,
75.2,10.77066,,
75.25,10.96516,,
75.3,11.00119,,
75.35,10.82815,,
75.4,10.78532,,
75.45,11.06645,,
75.5,11.29049,,
75.55,11.55286,,
75.6,11.85924,,
75.65,11.83848,,
75.7,11.69767,,
75.75,11.60466,,
75.8,11.69991,,
75.85,11.73808,,
75.9,11.75852,,
75.95,11.8363,,
76,11.92948,,
76.05,11.91584,,
76.1,11.98973,,
76.15,11.92494,,
76.2,11.92159,,
76.25,11.81744,,
76.3,11.67093,,
76.35,11.56666,,
76.4,11.88286,,
76.45,12.17653,,
76.5,12.44966,,
76.55,12.77505,,
76.6,12.84789,,
76.65,12.76696,,
76.7,12.49576,,
76.75,12.57275,,
76.8,12.74475,,
76.85,13.01549,,
76.9,13.84747,,
76.95,13.77352,,
77,13.44505,,
77.05,13.14776,,
77.1,13.0365,,
77.15,12.94876,,
77.2,12.85501,,
77.25,13.14851,,
77.3,13.67326,,
77.35,14.06722,,
77.4,14.43385,,
77.45,14.40043,,
77.5,14.379,,
77.55,14.53565,,
77.6,15.06418,,
77.65,15.5126,,
77.7,15.15475,,
77.75,14.71689,,
77.8,14.68066,,
77.85,14.57438,,
77.9,14.74389,,
77.95,15.01742,,
78,14.98235,,
78.05,14.77866,,
78.1,15.14236,,
78.15,15.81746,,
78.2,16.28476,,
78.25,16.5133,,
78.3,16.57232,,
78.35,16.24823,,
78.4,15.8004,,
78.45,15.90054,,
78.5,15.73296,,
78.55,15.78625,,
78.6,15.8655,,
78.65,15.79583,,
78.7,16.02101,,
78.75,16.25722,,
78.8,16.6075,,
78.85,17.06728,,
78.9,17.5843,,
78.95,17.74563,,
79,17.45097,,
79.05,17.37086,,
79.1,17.35138,,
79.15,17.29581,,
79.2,17.21018,,
79.25,17.17475,,
79.3,17.26319,,
79.35,17.82781,,
79.4,18.23409,,
79.45,18.48176,,
79.5,18.59603,,
79.55,18.57784,,
79.6,18.65256,,
79.65,18.51663,,
79.7,18.21663,,
79.75,17.99568,,
79.8,18.14247,,
79.85,18.81544,,
79.9,19.57525,,
79.95,20.28691,,
80,20.43024,,
80.05,20.29406,,
80.1,20.05827,,
80.15,19.68286,,
80.2,19.41215,,
80.25,19.3613,,
80.3,19.98675,,
80.35,20.72138,,
80.4,21.60762,,
80.45,22.30883,,
80.5,22.35093,,
80.55,22.21416,,
80.6,22.04171,,
80.65,21.84727,,
80.7,21.4856,,
80.75,21.59257,,
80.8,22.10905,,
80.85,22.28799,,
80.9,22.43497,,
80.95,22.64165,,
81,22.42973,,
81.05,21.8965,,
81.1,21.89737,,
81.15,22.27132,,
81.2,22.80075,,
81.25,23.22948,,
81.3,23.42431,,
81.35,23.55802,,
81.4,23.45609,,
81.45,23.50249,,
81.5,23.64738,,
81.55,24.01281,,
81.6,24.51556,,
81.65,24.65388,,
81.7,24.39398,,
81.75,24.34717,,
81.8,24.26585,,
81.85,24.55184,,
81.9,24.87228,,
81.95,25.07398,,
82,25.1204,,
82.05,25.23099,,
82.1,25.73236,,
82.15,26.14315,,
82.2,26.29047,,
82.25,25.90482,,
82.3,25.17894,,
82.35,24.90643,,
82.4,25.13537,,
82.45,25.28905,,
82.5,26.023,,
82.55,26.24874,,
82.6,26.69225,,
82.65,26.8394,,
82.7,26.60374,,
82.75,26.46093,,
82.8,26.22564,,
82.85,26.13224,,
82.9,26.25855,,
82.95,26.75024,,
83,27.08255,,
83.05,27.20199,,
83.1,27.57674,,
83.15,27.64831,,
83.2,27.89828,,
83.25,28.11443,,
83.3,28.96977,,
83.35,30.12684,,
83.4,30.99488,,
83.45,31.16912,,
83.5,30.66315,,
83.55,30.25884,,
83.6,29.64895,,
83.65,29.54715,,
83.7,29.99327,,
83.75,30.43391,,
83.8,30.69384,,
83.85,30.89593,,
83.9,31.11362,,
83.95,30.429,,
84,29.88952,,
84.05,30.08406,,
84.1,30.35483,,
84.15,31.06435,,
84.2,31.70715,,
84.25,32.06999,,
84.3,32.13275,,
84.35,32.00144,,
84.4,32.15411,,
84.45,32.45234,,
84.5,32.84708,,
84.55,32.81922,,
84.6,32.61731,,
84.65,32.86518,,
84.7,33.10806,,
84.75,33.877,,
84.8,34.84011,,
84.85,35.09591,,
84.9,34.72564,,
84.95,34.08989,,
85,33.90119,,
85.05,34.20308,,
85.1,35.17946,,
85.15,36.05542,,
85.2,36.13411,,
85.25,35.95405,,
85.3,35.44439,,
85.35,35.24476,,
85.4,35.25471,,
85.45,35.81773,,
85.5,36.03808,,
85.55,36.31075,,
85.6,36.50992,,
85.65,37.18736,,
85.7,37.31093,,
85.75,38.15933,,
85.8,38.18968,,
85.85,38.4683,,
85.9,38.2893,,
85.95,38.21877,,
86,37.80224,,
86.05,37.56821,,
86.1,37.6898,,
86.15,38.21258,,
86.2,38.86824,,
86.25,39.27291,,
86.3,39.77097,,
86.35,40.119,,
86.4,40.00094,,
86.45,40.35682,,
86.5,40.80154,,
86.55,41.09712,,
86.6,40.8643,,
86.65,41.11647,,
86.7,41.38342,,
86.75,41.15799,,
86.8,40.90422,,
86.85,41.44436,,
86.9,42.07826,,
86.95,42.44113,,
87,42.83361,,
87.05,43.17836,,
87.1,43.22403,,
87.15,43.15651,,
87.2,43.84736,,
87.25,44.3358,,
87.3,44.68934,,
87.35,45.30398,,
87.4,45.21637,,
87.45,44.96001,,
87.5,44.79318,,
87.55,44.79688,,
87.6,45.21089,,
87.65,45.27504,,
87.7,45.00598,,
87.75,44.58768,,
87.8,45.15044,,
87.85,46.38027,,
87.9,47.51612,,
87.95,48.10582,,
88,47.70858,,
88.05,47.61411,,
88.1,47.21974,,
88.15,46.85595,,
88.2,46.91879,,
88.25,46.87096,,
88.3,46.82374,,
88.35,47.00879,,
88.4,47.68461,,
88.45,48.11254,,
88.5,48.62384,,
88.55,49.62951,,
88.6,50.6087,,
88.65,51.12489,,
88.7,51.34261,,
88.75,51.62608,,
88.8,51.26342,,
88.85,51.40197,,
88.9,51.40874,,
88.95,52.04664,,
89,52.12363,,
89.05,52.75142,,
89.1,53.37063,,
89.15,53.57922,,
89.2,53.66085,,
89.25,53.87644,,
89.3,54.14495,,
89.35,54.96883,,
89.4,56.13067,,
89.45,57.29005,,
89.5,57.89688,,
89.55,57.72466,,
89.6,57.16157,,
89.65,56.08601,,
89.7,55.85295,,
89.75,56.00768,,
89.8,56.95739,,
89.85,58.58027,,
89.9,59.94928,,
89.95,61.93149,,
90,62.82681,,
90.05,62.60876,,
90.1,61.48835,,
90.15,60.53363,,
90.2,60.50496,,
90.25,61.618,,
90.3,63.84375,,
90.35,64.4799,,
90.4,65.09839,,
90.45,65.24123,,
90.5,64.72943,,
90.55,64.69698,,
90.6,65.55759,,
90.65,66.60358,,
90.7,66.83929,,
90.75,66.58039,,
90.8,66.11994,,
90.85,65.5298,,
90.9,65.97049,,
90.95,67.03945,,
91,67.59554,,
91.05,67.97393,,
91.1,68.83421,,
91.15,69.96461,,
91.2,70.83723,,
91.25,71.83645,,
91.3,72.17229,,
91.35,71.95123,,
91.4,72.47758,,
91.45,73.0928,,
91.5,73.15111,,
91.55,73.03603,,
91.6,72.80501,,
91.65,72.65836,,
91.7,73.62009,,
91.75,75.22958,,
91.8,76.6984,,
91.85,77.94532,,
91.9,78.66036,,
91.95,78.2719,,
92,77.69089,,
92.05,78.10676,,
92.1,79.15684,,
92.15,80.79742,,
92.2,82.89915,,
92.25,85.06798,,
92.3,86.42663,,
92.35,86.51637,,
92.4,86.82827,,
92.45,87.13155,,
92.5,87.28874,,
92.55,87.57985,,
92.6,88.04315,,
92.65,88.73993,,
92.7,88.6705,,
92.75,88.70291,,
92.8,88.93925,,
92.85,90.1934,,
92.9,91.69077,,
92.95,93.88241,,
93,94.90897,,
93.05,94.54636,,
93.1,94.17919,,
93.15,95.06751,,
93.2,95.77104,,
93.25,96.76478,,
93.3,97.60178,,
93.35,97.90254,,
93.4,97.55677,,
93.45,98.29299,,
93.5,98.45158,,
93.55,98.06992,,
93.6,98.88627,,
93.65,99.71749,,
93.7,100.8325,,
93.75,100.2361,,
93.8,100.213,,
93.85,100.4446,,
93.9,101.5518,,
93.95,102.8854,,
94,103.7926,,
94.05,104.5384,,
94.1,104.519,,
94.15,105.2805,,
94.2,106.6541,,
94.25,107.4744,,
94.3,107.9102,,
94.35,108.9205,,
94.4,110.8557,,
94.45,112.8324,,
94.5,117.037,,
94.55,118.994,,
94.6,119.2253,,
94.65,118.9041,,
94.7,119.2515,,
94.75,118.6416,,
94.8,117.5457,,
94.85,117.6853,,
94.9,118.5476,,
94.95,120.3531,,
95,122.6909,,
95.05,123.9822,,
95.1,123.7713,,
95.15,122.4517,,
95.2,123.67,,
95.25,125.9243,,
95.3,128.5428,,
95.35,129.9157,,
95.4,130.3284,,
95.45,129.5704,,
95.5,129.3233,,
95.55,129.5624,,
95.6,130.8142,,
95.65,131.8523,,
95.7,132.4601,,
95.75,132.3895,,
95.8,133.0203,,
95.85,134.4217,,
95.9,135.5533,,
95.95,136.4115,,
96,135.7473,,
96.05,135.8316,,
96.1,137.51,,
96.15,141.379,,
96.2,144.3985,,
96.25,146.1294,,
96.3,145.2557,,
96.35,143.9212,,
96.4,143.1182,,
96.45,144.2491,,
96.5,146.2069,,
96.55,148.1135,,
96.6,150.1004,,
96.65,150.6632,,
96.7,151.8304,,
96.75,152.0084,,
96.8,152.451,,
96.85,153.1978,,
96.9,155.4192,,
96.95,155.8466,,
97,157.3305,,
97.05,158.3473,,
97.1,159.4902,,
97.15,159.4358,,
97.2,159.6699,,
97.25,160.102,,
97.3,160.8925,,
97.35,161.9705,,
97.4,162.7807,,
97.45,163.88,,
97.5,164.7038,,
97.55,163.6267,,
97.6,162.1269,,
97.65,161.247,,
97.7,160.7739,,
97.75,162.9146,,
97.8,166.6301,,
97.85,169.9252,,
97.9,169.7512,,
97.95,167.1383,,
98,164.6289,,
98.05,162.2866,,
98.1,162.1312,,
98.15,163.8397,,
98.2,165.3074,,
98.25,166.2254,,
98.3,166.8274,,
98.35,167.7311,,
98.4,167.8604,,
98.45,167.7703,,
98.5,168.0843,,
98.55,165.8033,,
98.6,165.0457,,
98.65,166.3456,,
98.7,167.2808,,
98.75,168.3441,,
98.8,168.9326,,
98.85,169.1716,,
98.9,169.1553,,
98.95,169.505,,
99,170.4728,,
99.05,170.1095,,
99.1,167.8648,,
99.15,166.4922,,
99.2,164.4652,,
99.25,163.7528,,
99.3,163.7318,,
99.35,163.7738,,
99.4,165.3488,,
99.45,165.4105,,
99.5,165.5002,,
99.55,165.1216,,
99.6,164.646,,
99.65,164.3965,,
99.7,163.8148,,
99.75,164.0416,,
99.8,164.5428,,
99.85,165.6615,,
99.9,166.2862,,
99.95,167.0468,,
100,166.5699,,
100.05,164.8922,,
100.1,163.3616,,
100.15,161.4674,,
100.2,161.6579,,
100.25,161.2476,,
100.3,159.6515,,
100.35,158.768,,
100.4,158.1546,,
100.45,158.5662,,
100.5,159.2566,,
100.55,159.2348,,
100.6,158.9394,,
100.65,159.3771,,
100.7,159.1818,,
100.75,159.0612,,
100.8,158.4866,,
100.85,158.8988,,
100.9,158.5849,,
100.95,155.3799,,
101,152.8781,,
101.05,147.9705,,
101.1,143.9865,,
101.15,142.4928,,
101.2,141.2942,,
101.25,142.2161,,
101.3,142.1045,,
101.35,142.0086,,
101.4,142.4568,,
101.45,142.778,,
101.5,142.9209,,
101.55,142.8068,,
101.6,143.325,,
101.65,141.9769,,
101.7,139.6188,,
101.75,138.0083,,
101.8,135.9148,,
101.85,133.6254,,
101.9,133.9384,,
101.95,134.3943,,
102,133.7971,,
102.05,133.1766,,
102.1,132.7526,,
102.15,131.4372,,
102.2,128.766,,
102.25,125.8038,,
102.3,123.1647,,
102.35,122.8946,,
102.4,124.2949,,
102.45,126.5232,,
102.5,128.8239,,
102.55,129.082,,
102.6,127.7119,,
102.65,126.0142,,
102.7,124.5978,,
102.75,123.1532,,
102.8,120.7833,,
102.85,120.0792,,
102.9,120.5555,,
102.95,121.1974,,
103,121.7523,,
103.05,120.189,,
103.1,117.679,,
103.15,115.6094,,
103.2,113.7873,,
103.25,112.639,,
103.3,112.2621,,
103.35,111.4821,,
103.4,111.7584,,
103.45,112.4391,,
103.5,113.1231,,
103.55,112.4682,,
103.6,111.2327,,
103.65,109.9668,,
103.7,109.3959,,
103.75,109.3263,,
103.8,109.2396,,
103.85,108.389,,
103.9,105.9478,,
103.95,102.8958,,
104,100.5745,,
104.05,100.0118,,
104.1,99.07919,,
104.15,96.922,,
104.2,93.71748,,
104.25,91.22411,,
104.3,90.524,,
104.35,91.53194,,
104.4,92.36773,,
104.45,92.25946,,
104.5,90.60087,,
104.55,88.57567,,
104.6,86.91248,,
104.65,85.27164,,
104.7,82.48518,,
104.75,79.45285,,
104.8,77.89231,,
104.85,77.20241,,
104.9,77.74973,,
104.95,78.53948,,
105,77.22645,,
105.05,76.0378,,
105.1,74.16965,,
105.15,72.71332,,
105.2,71.73396,,
105.25,70.93325,,
105.3,71.15285,,
105.35,71.60422,,
105.4,72.73663,,
105.45,73.07646,,
105.5,71.6198,,
105.55,68.6179,,
105.6,65.23059,,
105.65,63.52023,,
105.7,61.97857,,
105.75,62.18858,,
105.8,64.30595,,
105.85,66.98553,,
105.9,68.67091,,
105.95,68.05402,,
106,65.98905,,
106.05,60.54799,,
106.1,54.77991,,
106.15,52.195,,
106.2,52.05137,,
106.25,52.82566,,
106.3,54.37371,,
106.35,55.20711,,
106.4,54.24384,,
106.45,52.40325,,
106.5,50.58453,,
106.55,48.58327,,
106.6,47.4599,,
106.65,46.96503,,
106.7,47.93624,,
106.75,47.84998,,
106.8,47.86063,,
106.85,47.51626,,
106.9,46.63587,,
106.95,44.70527,,
107,42.61275,,
107.05,41.0702,,
107.1,39.73116,,
107.15,38.80512,,
107.2,38.21061,,
107.25,38.24458,,
107.3,38.45726,,
107.35,39.67859,,
107.4,40.50494,,
107.45,39.07714,,
107.5,36.17321,,
107.55,33.62988,,
107.6,32.58131,,
107.65,31.69312,,
107.7,30.80709,,
107.75,30.58524,,
107.8,30.05737,,
107.85,28.95427,,
107.9,27.9392,,
107.95,27.41952,,
108,26.58514,,
108.05,26.57793,,
108.1,27.26738,,
108.15,27.55252,,
108.2,27.16515,,
108.25,26.44107,,
108.3,25.3459,,
108.35,24.43386,,
108.4,23.67127,,
108.45,22.98864,,
108.5,22.12595,,
108.55,21.6076,,
108.6,21.54001,,
108.65,21.79947,,
108.7,22.67109,,
108.75,23.19726,,
108.8,22.51861,,
108.85,22.01605,,
108.9,22.64759,,
108.95,22.86576,,
109,23.00311,,
109.05,23.40222,,
109.1,23.08865,,
109.15,22.44821,,
109.2,22.29946,,
109.25,22.37951,,
109.3,22.60921,,
109.35,22.10267,,
109.4,21.10058,,
109.45,19.42939,,
109.5,17.84155,,
109.55,16.7969,,
109.6,16.64707,,
109.65,17.06153,,
109.7,16.37724,,
109.75,15.78177,,
109.8,15.43135,,
109.85,15.36288,,
109.9,15.6234,,
109.95,16.98713,,
110,18.25985,,
110.05,18.40871,,
110.1,17.90696,,
110.15,16.68919,,
110.2,15.21896,,
110.25,13.57831,,
110.3,13.22312,,
110.35,13.47403,,
110.4,13.72339,,
110.45,14.2068,,
110.5,13.81758,,
110.55,12.92196,,
110.6,11.69269,,
110.65,11.89102,,
110.7,12.82296,,
110.75,12.87159,,
110.8,12.65618,,
110.85,11.98697,,
110.9,11.02346,,
110.95,10.10126,,
111,9.887092,,
111.05,10.01365,,
111.1,9.644707,,
111.15,9.082584,,
111.2,8.532603,,
111.25,8.456979,,
111.3,8.571708,,
111.35,8.839892,,
111.4,9.892697,,
111.45,9.494834,,
111.5,8.620457,,
111.55,7.877565,,
111.6,7.550746,,
111.65,8.276454,,
111.7,8.573957,,
111.75,9.059689,,
111.8,8.846922,,
111.85,7.626796,,
111.9,6.211528,,
111.95,4.98342,,
112,5.22766,,
112.05,7.308025,,
112.1,10.90162,,
112.15,13.55773,,
112.2,14.6706,,
112.25,17.54896,,
112.3,23.12743,,
112.35,30.22905,,
112.4,39.35508,,
112.45,51.95936,,
112.5,64.45399,,
112.55,78.98476,,
112.6,98.80991,,
112.65,118.2444,,
112.7,135.1676,,
112.75,152.954,,
112.8,176.0634,,
112.85,197.4061,,
112.9,220.9086,,
112.95,240.6053,,
113,245.0045,,
113.05,241.158,,
113.1,235.9168,,
113.15,229.6626,,
113.2,227.2851,,
113.25,221.6525,,
113.3,216.9935,,
113.35,203.9398,,
113.4,187.3102,,
113.45,173.3122,,
113.5,159.5394,,
113.55,148.0617,,
113.6,136.5208,,
113.65,125.9705,,
113.7,111.7524,,
113.75,99.14905,,
113.8,88.39465,,
113.85,76.62758,,
113.9,66.17173,,
113.95,59.6647,,
114,56.60519,,
114.05,54.96914,,
114.1,52.61467,,
114.15,48.81847,,
114.2,42.80927,,
114.25,37.95704,,
114.3,34.66257,,
114.35,34.04094,,
114.4,32.62706,,
114.45,30.41413,,
114.5,28.45765,,
114.55,25.71013,,
114.6,22.77527,,
114.65,21.44101,,
114.7,20.92018,,
114.75,19.92242,,
114.8,18.82337,,
114.85,17.45282,,
114.9,15.49955,,
114.95,14.20194,,
115,13.21271,,
115.05,12.06715,,
115.1,10.63441,,
115.15,10.04154,,
115.2,10.16582,,
115.25,11.11454,,
115.3,12.2809,,
115.35,11.97881,,
115.4,11.40792,,
115.45,10.81853,,
115.5,9.168516,,
115.55,9.02653,,
115.6,9.182212,,
115.65,8.906678,,
115.7,7.789182,,
115.75,7.530121,,
115.8,8.128591,,
115.85,7.820029,,
115.9,8.050636,,
115.95,8.532118,,
116,7.984552,,
116.05,6.833295,,
116.1,7.018786,,
116.15,7.20315,,
116.2,6.828962,,
116.25,7.099397,,
116.3,8.09681,,
116.35,7.620186,,
116.4,7.209775,,
116.45,7.328465,,
116.5,7.491873,,
116.55,7.116302,,
116.6,6.265811,,
116.65,4.836726,,
116.7,3.194921,,
116.75,2.519429,,
116.8,2.619683,,
116.85,2.748988,,
116.9,2.867836,,
116.95,2.437783,,
117,2.102736,,
117.05,2.551767,,
117.1,2.686057,,
117.15,2.784399,,
117.2,2.16076,,
117.25,1.680698,,
117.3,1.558419,,
117.35,1.606354,,
117.4,1.892202,,
117.45,1.871633,,
117.5,1.654533,,
117.55,1.38003,,
117.6,0.9676684,,
117.65,0.5646937,,
117.7,-0.1021203,,
117.75,-0.5083245,,
117.8,-0.4188085,,
117.85,-0.1547867,,
117.9,0.363686,,
117.95,0.2907998,,
118,0.2459851,,
118.05,4.41E-02,,
118.1,-6.78E-02,,
118.15,-0.0320791,,
118.2,0.197273,,
118.25,0.2693475,,
118.3,-0.2425725,,
118.35,-0.252191,,
118.4,-0.2099758,,
118.45,-0.2403599,,
118.5,0.2295063,,
118.55,0.7489674,,
118.6,0.9804137,,
118.65,0.700398,,
118.7,0.3454774,,
118.75,-4.72E-02,,
118.8,-0.5269051,,
118.85,-0.1306987,,
118.9,0.6521831,,
118.95,1.00057,,
119,0.5256541,,
119.05,-0.2679758,,
119.1,-0.7431242,,
119.15,-0.9938784,,
119.2,-0.6240185,,
119.25,8.08E-02,,
119.3,0.4651523,,
119.35,6.62E-02,,
119.4,-0.5942128,,
119.45,-0.6828593,,
119.5,-0.7435284,,
119.55,-0.4124131,,
119.6,-0.2289659,,
119.65,-0.6466503,,
119.7,-1.118187,,
119.75,-1.440272,,
119.8,-0.9800092,,
119.85,-0.4922147,,
119.9,-0.4782124,,
119.95,-0.999355,,
120,-1.522363,,
120.05,-1.446206,,
120.1,-1.17421,,
120.15,-0.9551606,,
120.2,-1.516705,,
120.25,-2.310384,,
120.3,-2.724984,,
120.35,-2.837942,,
120.4,-2.022582,,
120.45,-1.556433,,
120.5,-1.392554,,
120.55,-1.42365,,
120.6,-1.919646,,
120.65,-2.52637,,
120.7,-3.128273,,
120.75,-3.442076,,
120.8,-3.260683,,
120.85,-2.443636,,
120.9,-1.529359,,
120.95,-1.158796,,
121,-1.109232,,
121.05,-1.354101,,
121.1,-1.773252,,
121.15,-1.640334,,
121.2,-1.645636,,
121.25,-1.955478,,
121.3,-2.582151,,
121.35,-2.813646,,
121.4,-2.910774,,
121.45,-3.156114,,
121.5,-2.993641,,
121.55,-2.836351,,
121.6,-2.868723,,
121.65,-2.865157,,
121.7,-2.612125,,
121.75,-2.54763,,
121.8,-3.012415,,
121.85,-3.234343,,
121.9,-3.12529,,
121.95,-3.469503,,
122,-3.32212,,
122.05,-3.30242,,
122.1,-3.221227,,
122.15,-3.121918,,
122.2,-3.082629,,
122.25,-3.011829,,
122.3,-2.930427,,
122.35,-2.845343,,
122.4,-2.746361,,
122.45,-2.744843,,
122.5,-2.652905,,
122.55,-2.944015,,
122.6,-3.288068,,
122.65,-3.454737,,
122.7,-3.437365,,
122.75,-2.934587,,
122.8,-1.970405,,
122.85,-1.306058,,
122.9,-1.176631,,
122.95,-1.641267,,
123,-2.30167,,
123.05,-2.880351,,
123.1,-3.327953,,
123.15,-3.53492,,
123.2,-3.364313,,
123.25,-2.967502,,
123.3,-2.586851,,
123.35,-2.575158,,
123.4,-2.740654,,
123.45,-3.084841,,
123.5,-3.431552,,
123.55,-3.67293,,
123.6,-3.491075,,
123.65,-3.436341,,
123.7,-3.504309,,
123.75,-3.972241,,
123.8,-4.448596,,
123.85,-4.869754,,
123.9,-5.096011,,
123.95,-4.792431,,
124,-3.835998,,
124.05,-3.03657,,
124.1,-2.843722,,
124.15,-2.980114,,
124.2,-3.316756,,
124.25,-3.916217,,
124.3,-4.507267,,
124.35,-4.527375,,
124.4,-4.085289,,
124.45,-3.818642,,
124.5,-3.50563,,
124.55,-3.198624,,
124.6,-3.329469,,
124.65,-3.669131,,
124.7,-3.853213,,
124.75,-3.737791,,
124.8,-3.717362,,
124.85,-3.788222,,
124.9,-3.803488,,
124.95,-3.796266,,
125,-3.50014,,
125.05,-3.439634,,
125.1,-3.579466,,
125.15,-3.518257,,
125.2,-3.84199,,
125.25,-3.949329,,
125.3,-4.035561,,
125.35,-4.021165,,
125.4,-4.210557,,
125.45,-4.304843,,
125.5,-4.177501,,
125.55,-3.846292,,
125.6,-3.479147,,
125.65,-3.399925,,
125.7,-3.402413,,
125.75,-3.676507,,
125.8,-4.219484,,
125.85,-4.653393,,
125.9,-4.611167,,
125.95,-4.359411,,
126,-4.279202,,
126.05,-4.177483,,
126.1,-4.188396,,
126.15,-4.382996,,
126.2,-4.500607,,
126.25,-4.391981,,
126.3,-4.478849,,
126.35,-4.69178,,
126.4,-4.968223,,
126.45,-5.087701,,
126.5,-4.850042,,
126.55,-4.704454,,
126.6,-4.55232,,
126.65,-4.422989,,
126.7,-4.390821,,
126.75,-4.364606,,
126.8,-4.617496,,
126.85,-4.819058,,
126.9,-5.124909,,
126.95,-5.231215,,
127,-4.920813,,
127.05,-4.532443,,
127.1,-4.334462,,
127.15,-4.500416,,
127.2,-4.877311,,
127.25,-5.115181,,
127.3,-5.204485,,
127.35,-5.072037,,
127.4,-4.855597,,
127.45,-4.796303,,
127.5,-4.69747,,
127.55,-4.774909,,
127.6,-4.415566,,
127.65,-4.141703,,
127.7,-4.085435,,
127.75,-4.197454,,
127.8,-4.431959,,
127.85,-4.430406,,
127.9,-4.23055,,
127.95,-3.968796,,
128,-3.892161,,
128.05,-4.303566,,
128.1,-4.630436,,
128.15,-4.873264,,
128.2,-4.813735,,
128.25,-4.649079,,
128.3,-4.544632,,
128.35,-4.790657,,
128.4,-4.98686,,
128.45,-4.942729,,
128.5,-4.540797,,
128.55,-4.132644,,
128.6,-3.901618,,
128.65,-3.829365,,
128.7,-4.010934,,
128.75,-4.137312,,
128.8,-4.301168,,
128.85,-4.618508,,
128.9,-4.740248,,
128.95,-4.707434,,
129,-4.159115,,
129.05,-3.783252,,
129.1,-3.908859,,
129.15,-4.460523,,
129.2,-4.982725,,
129.25,-5.282062,,
129.3,-4.799263,,
129.35,-4.087096,,
129.4,-3.970624,,
129.45,-4.283238,,
129.5,-4.761562,,
129.55,-5.124123,,
129.6,-5.356429,,
129.65,-5.214799,,
129.7,-5.00382,,
129.75,-5.251378,,
129.8,-5.376427,,
129.85,-5.254587,,
129.9,-5.157148,,
129.95,-4.703,,
130,-4.334016,,
130.05,-4.213841,,
130.1,-4.479179,,
130.15,-4.839674,,
130.2,-5.110444,,
130.25,-5.148379,,
130.3,-5.012021,,
130.35,-5.098441,,
130.4,-5.229847,,
130.45,-5.216835,,
130.5,-5.112295,,
130.55,-5.140366,,
130.6,-5.291677,,
130.65,-5.446956,,
130.7,-5.780554,,
130.75,-5.915373,,
130.8,-5.532591,,
130.85,-5.076048,,
130.9,-4.930863,,
130.95,-5.000612,,
131,-5.147251,,
131.05,-5.151806,,
131.1,-5.052241,,
131.15,-4.686286,,
131.2,-4.493276,,
131.25,-4.605976,,
131.3,-4.91958,,
131.35,-5.046163,,
131.4,-5.061937,,
131.45,-5.306159,,
131.5,-5.613008,,
131.55,-5.848844,,
131.6,-6.116235,,
131.65,-6.104637,,
131.7,-5.934532,,
131.75,-5.766983,,
131.8,-5.857254,,
131.85,-5.900609,,
131.9,-5.842391,,
131.95,-5.55404,,
132,-4.893738,,
132.05,-4.893738,,
132.1,-4.893738,,
132.15,-4.893738,,
132.2,-4.893738,,
132.25,-4.893738,,
132.3,-4.893738,,
132.35,-4.893738,,
132.4,-4.893738,,
132.45,-4.893738,,
132.5,-4.893738,,
132.55,-4.893738,,
132.6,-4.893738,,
132.65,-4.893738,,
132.7,-4.893738,,
132.75,-4.893738,,
132.8,-4.893738,,
132.85,-4.893738,,
132.9,-4.893738,,
132.95,-4.893738,,
133,-4.893738,,
133.05,-4.893738,,
133.1,-4.893738,,
133.15,-4.893738,,
133.2,-4.893738,,
133.25,-4.893738,,
133.3,-4.893738,,
133.35,-4.893738,,
133.4,-4.893738,,
133.45,-4.893738,,
133.5,-4.893738,,
133.55,-4.893738,,
133.6,-4.893738,,
133.65,-4.893738,,
133.7,-4.893738,,
133.75,-4.893738,,
133.8,-4.893738,,
133.85,-4.893738,,
133.9,-4.893738,,
133.95,-4.893738,,
134,-4.893738,,
134.05,-4.893738,,
134.1,-4.893738,,
134.15,-4.893738,,
134.2,-4.893738,,
134.25,-4.893738,,
134.3,-4.893738,,
134.35,-4.893738,,
134.4,-4.893738,,
134.45,-4.893738,,
134.5,-4.893738,,
134.55,-4.893738,,
134.6,-4.893738,,
134.65,-4.893738,,
134.7,-4.893738,,
134.75,-4.893738,,
134.8,-4.893738,,
134.85,-4.893738,,
134.9,-4.893738,,
134.95,-4.893738,,
135,-4.893738,,
135.05,-4.893738,,
135.1,-4.893738,,
135.15,-4.893738,,
135.2,-4.893738,,
135.25,-4.893738,,
135.3,-4.893738,,
135.35,-4.893738,,
135.4,-4.893738,,
135.45,-4.893738,,
135.5,-4.893738,,
135.55,-4.893738,,
135.6,-4.893738,,
135.65,-4.893738,,
135.7,-4.893738,,
135.75,-4.893738,,
135.8,-4.893738,,
135.85,-4.893738,,
135.9,-4.893738,,
135.95,-4.893738,,
136,-4.893738,,
136.05,-4.893738,,
136.1,-4.893738,,
136.15,-4.893738,,
136.2,-4.893738,,
136.25,-4.893738,,
136.3,-4.893738,,
136.35,-4.893738,,
136.4,-4.893738,,
136.45,-4.893738,,
136.5,-4.893738,,
136.55,-4.893738,,
136.6,-4.893738,,
136.65,-4.893738,,
136.7,-4.893738,,
136.75,-4.893738,,
136.8,-4.893738,,
136.85,-4.893738,,
136.9,-4.893738,,
136.95,-4.893738,,
137,-4.893738,,
137.05,-4.893738,,
137.1,-4.893738,,
137.15,-4.893738,,
137.2,-4.893738,,
137.25,-4.893738,,
137.3,-4.893738,,
137.35,-4.893738,,
137.4,-4.893738,,
137.45,-4.893738,,
137.5,-4.893738,,
137.55,-4.893738,,
137.6,-4.893738,,
137.65,-4.893738,,
137.7,-4.893738,,
137.75,-4.893738,,
137.8,-4.893738,,
137.85,-4.893738,,
137.9,-4.893738,,
137.95,-4.893738,,
138,-4.893738,,
 ,,,
Alignment,On,,