Data File Name,NK_M_J_M03232017_High Sensitivity DNA Assay_DE24802700_2017-03-23_11-01-57.xad,,
Data File Path,C:\Users\jlchiniquy\Desktop\20171205_Nextera_library_size_to_loading_concentration_tool\NKaplan,,
Date Created,"Thursday, March 23, 2017 6:00:00 PM",,
Date Last Modified,"Thursday, March 23, 2017 6:45:00 PM",,
Version Created,B.02.07.SI532,,
Version Last Modified,B.02.07.SI532,,
 ,,,
Assay Name,High Sensitivity DNA,,
Assay Path,C:\Program Files\Agilent\2100 bioanalyzer\2100 expert\assays\dsDNA,,
Assay Title,High Sensitivity DNA Assay,,
Assay Version,1,,
 ,,,
Number of Samples Run,11,,
 ,,,
Sample Name,sample 1,,
Number of Events,2121,,
 ,,,
Time,Value,Library Loading Concentration (pM),Cluster Density (K/mm^2)
32,0.1926466,13,1352
32.05,0.3419459,,
32.1,0.4330825,,
32.15,0.4467301,,
32.2,0.3997895,,
32.25,0.3532458,,
32.3,0.3023808,,
32.35,0.3964427,,
32.4,0.5145102,,
32.45,0.4425994,,
32.5,0.3051442,,
32.55,0.2415806,,
32.6,0.2150354,,
32.65,0.2090189,,
32.7,0.3777157,,
32.75,0.3301011,,
32.8,0.2927088,,
32.85,0.2205971,,
32.9,0.115946,,
32.95,7.83E-02,,
33,0.2412875,,
33.05,0.2498055,,
33.1,0.2226335,,
33.15,0.2206142,,
33.2,0.1144518,,
33.25,6.16E-02,,
33.3,0.1619436,,
33.35,0.1520859,,
33.4,-5.35E-03,,
33.45,-9.55E-02,,
33.5,-0.1856374,,
33.55,-0.121201,,
33.6,-0.0918464,,
33.65,-2.29E-02,,
33.7,-0.1683249,,
33.75,-0.154483,,
33.8,-3.12E-02,,
33.85,0.1127264,,
33.9,0.3052697,,
33.95,0.4797333,,
34,0.4814928,,
34.05,0.2424567,,
34.1,9.56E-02,,
34.15,-0.1222282,,
34.2,-0.1792032,,
34.25,-2.03E-02,,
34.3,0.2185285,,
34.35,0.382958,,
34.4,0.3568349,,
34.45,0.3803091,,
34.5,0.286689,,
34.55,0.0285476,,
34.6,3.35E-02,,
34.65,0.1441435,,
34.7,0.1696675,,
34.75,0.1500477,,
34.8,0.1425893,,
34.85,1.73E-02,,
34.9,0.0574423,,
34.95,0.2610924,,
35,0.242249,,
35.05,0.2378145,,
35.1,0.1068765,,
35.15,-2.38E-02,,
35.2,-2.81E-02,,
35.25,-0.1094292,,
35.3,-0.2820626,,
35.35,-0.3829735,,
35.4,-0.5030894,,
35.45,-0.3565611,,
35.5,-6.70E-02,,
35.55,9.31E-02,,
35.6,7.94E-02,,
35.65,1.77E-02,,
35.7,9.22E-02,,
35.75,1.28E-02,,
35.8,0.1236154,,
35.85,0.1444563,,
35.9,0.11387,,
35.95,5.93E-02,,
36,0.1680798,,
36.05,0.1668065,,
36.1,2.70E-02,,
36.15,-0.051902,,
36.2,-0.0802628,,
36.25,-1.91E-02,,
36.3,0.1643206,,
36.35,0.3590725,,
36.4,0.4394559,,
36.45,0.4039149,,
36.5,0.3740522,,
36.55,0.3637692,,
36.6,0.4058373,,
36.65,0.3886935,,
36.7,0.3069835,,
36.75,0.1440108,,
36.8,0.1383804,,
36.85,0.2394932,,
36.9,0.2583145,,
36.95,0.2033064,,
37,0.1149847,,
37.05,-0.1699884,,
37.1,-0.3263176,,
37.15,-0.3129584,,
37.2,-0.3155257,,
37.25,-0.2907814,,
37.3,-0.2051941,,
37.35,-0.1265548,,
37.4,-0.0160125,,
37.45,4.43E-04,,
37.5,-6.44E-02,,
37.55,-5.84E-02,,
37.6,-0.114778,,
37.65,-0.135601,,
37.7,-5.70E-02,,
37.75,4.28E-02,,
37.8,-5.70E-02,,
37.85,-9.06E-02,,
37.9,-7.90E-02,,
37.95,-0.1229689,,
38,-5.02E-02,,
38.05,-0.1146362,,
38.1,-0.169273,,
38.15,-0.2105959,,
38.2,-8.57E-02,,
38.25,0.2380145,,
38.3,0.5701808,,
38.35,0.632714,,
38.4,0.4761047,,
38.45,0.2796691,,
38.5,0.1346747,,
38.55,0.1397719,,
38.6,0.2180335,,
38.65,0.2523809,,
38.7,0.2354619,,
38.75,0.2941466,,
38.8,0.28025,,
38.85,0.3116064,,
38.9,0.2393807,,
38.95,0.2938245,,
39,0.4181955,,
39.05,0.3832014,,
39.1,0.2709236,,
39.15,0.1307271,,
39.2,1.76E-02,,
39.25,2.33E-02,,
39.3,0.1038657,,
39.35,5.73E-02,,
39.4,-7.11E-02,,
39.45,2.16E-02,,
39.5,0.1472903,,
39.55,0.1621741,,
39.6,6.24E-02,,
39.65,-1.64E-02,,
39.7,-0.1501517,,
39.75,-0.2536647,,
39.8,-0.3267445,,
39.85,-0.4181226,,
39.9,-0.4061588,,
39.95,-0.2816841,,
40,-0.1447155,,
40.05,-0.2407238,,
40.1,-0.3068311,,
40.15,-0.3771061,,
40.2,-0.4014136,,
40.25,-0.358964,,
40.3,-0.3251159,,
40.35,-0.1386438,,
40.4,-4.50E-02,,
40.45,0.1106241,,
40.5,3.49E-02,,
40.55,-7.03E-02,,
40.6,-0.0798858,,
40.65,2.26E-02,,
40.7,0.2025759,,
40.75,0.2533869,,
40.8,0.3193951,,
40.85,0.2657109,,
40.9,0.238284,,
40.95,0.197851,,
41,0.2206903,,
41.05,0.2768179,,
41.1,0.2183698,,
41.15,0.243847,,
41.2,0.2250458,,
41.25,0.2197696,,
41.3,0.2487382,,
41.35,0.2910934,,
41.4,0.2924956,,
41.45,0.2338954,,
41.5,0.1077443,,
41.55,0.0291924,,
41.6,9.50E-02,,
41.65,0.1356946,,
41.7,0.174887,,
41.75,0.1847013,,
41.8,9.26E-02,,
41.85,-0.1162165,,
41.9,-0.1745751,,
41.95,-0.1849005,,
42,-0.1196368,,
42.05,-0.1572151,,
42.1,-0.2431787,,
42.15,-0.3790116,,
42.2,-0.4779537,,
42.25,-0.3476621,,
42.3,-0.2577009,,
42.35,-4.58E-02,,
42.4,0.2202619,,
42.45,0.7500554,,
42.5,2.223409,,
42.55,5.501036,,
42.6,11.93354,,
42.65,23.18969,,
42.7,41.45603,,
42.75,66.39386,,
42.8,96.54967,,
42.85,128.4525,,
42.9,156.8414,,
42.95,176.2833,,
43,181.9749,,
43.05,171.2176,,
43.1,147.5288,,
43.15,116.4332,,
43.2,83.95668,,
43.25,55.33975,,
43.3,33.70878,,
43.35,19.63496,,
43.4,12.0444,,
43.45,7.875856,,
43.5,5.698983,,
43.55,4.550302,,
43.6,3.967507,,
43.65,3.623179,,
43.7,3.453145,,
43.75,3.322856,,
43.8,2.979417,,
43.85,2.527342,,
43.9,2.230756,,
43.95,1.949242,,
44,1.771249,,
44.05,1.636378,,
44.1,1.423766,,
44.15,1.170583,,
44.2,1.026808,,
44.25,0.8862063,,
44.3,0.7860211,,
44.35,0.845928,,
44.4,0.8649221,,
44.45,0.9676481,,
44.5,0.9601623,,
44.55,0.8914512,,
44.6,0.7577081,,
44.65,0.6863645,,
44.7,0.7248001,,
44.75,0.7554549,,
44.8,0.7805789,,
44.85,0.791665,,
44.9,0.7858806,,
44.95,0.9343736,,
45,1.119586,,
45.05,1.177069,,
45.1,1.151373,,
45.15,1.10954,,
45.2,1.038365,,
45.25,1.034777,,
45.3,1.192532,,
45.35,1.150654,,
45.4,1.065135,,
45.45,1.019053,,
45.5,0.952482,,
45.55,1.001915,,
45.6,1.0108,,
45.65,1.096393,,
45.7,1.014833,,
45.75,0.9582623,,
45.8,0.9301268,,
45.85,1.024675,,
45.9,1.161661,,
45.95,1.09672,,
46,1.016434,,
46.05,0.8426419,,
46.1,0.750168,,
46.15,0.7735596,,
46.2,0.799409,,
46.25,0.901601,,
46.3,0.7977301,,
46.35,0.5960883,,
46.4,0.3743979,,
46.45,0.5350329,,
46.5,0.9054262,,
46.55,1.266733,,
46.6,1.448588,,
46.65,1.034949,,
46.7,0.60526,,
46.75,0.2546739,,
46.8,0.206189,,
46.85,0.1740933,,
46.9,6.91E-02,,
46.95,8.19E-03,,
47,-4.30E-02,,
47.05,4.45E-02,,
47.1,7.70E-02,,
47.15,0.1255566,,
47.2,7.65E-02,,
47.25,4.90E-02,,
47.3,0.1697733,,
47.35,0.2134921,,
47.4,0.1829676,,
47.45,7.44E-02,,
47.5,7.33E-02,,
47.55,2.01E-02,,
47.6,0.2793597,,
47.65,0.4843204,,
47.7,0.4853976,,
47.75,0.3610705,,
47.8,0.1853757,,
47.85,-3.31E-02,,
47.9,-0.1381963,,
47.95,7.96E-02,,
48,3.78E-02,,
48.05,7.31E-02,,
48.1,9.33E-02,,
48.15,6.93E-02,,
48.2,4.97E-02,,
48.25,7.85E-02,,
48.3,0.1079416,,
48.35,-4.17E-02,,
48.4,-7.18E-02,,
48.45,-9.41E-04,,
48.5,8.55E-03,,
48.55,-0.1220863,,
48.6,-0.3672263,,
48.65,-0.7336714,,
48.7,-0.865478,,
48.75,-0.7410451,,
48.8,-0.580583,,
48.85,-0.4045755,,
48.9,-0.4751208,,
48.95,-0.5258563,,
49,-0.5661891,,
49.05,-0.5263485,,
49.1,-0.6482728,,
49.15,-0.6211232,,
49.2,-0.6793987,,
49.25,-0.8023205,,
49.3,-0.7758924,,
49.35,-0.7313243,,
49.4,-0.6065325,,
49.45,-0.461276,,
49.5,-0.3238896,,
49.55,-0.404502,,
49.6,-0.393854,,
49.65,-0.3560931,,
49.7,-0.1582319,,
49.75,-3.81E-02,,
49.8,-5.62E-02,,
49.85,-0.1966649,,
49.9,-0.1950161,,
49.95,-0.1652177,,
50,-6.29E-02,,
50.05,-7.37E-02,,
50.1,-0.2584286,,
50.15,-0.3747158,,
50.2,-0.4875934,,
50.25,-0.4724908,,
50.3,-0.5013055,,
50.35,-0.4725963,,
50.4,-0.5517177,,
50.45,-0.5048715,,
50.5,-0.4905484,,
50.55,-0.5223771,,
50.6,-0.6262516,,
50.65,-0.7616081,,
50.7,-0.7771952,,
50.75,-0.6933491,,
50.8,-0.5863333,,
50.85,-0.5730664,,
50.9,-0.515516,,
50.95,-0.6009492,,
51,-0.6250237,,
51.05,-0.5900566,,
51.1,-0.6288186,,
51.15,-0.7098039,,
51.2,-0.7440277,,
51.25,-0.6554387,,
51.3,-0.6381449,,
51.35,-0.6715137,,
51.4,-0.6899145,,
51.45,-0.8453283,,
51.5,-0.914541,,
51.55,-0.8659548,,
51.6,-0.8728136,,
51.65,-0.7599254,,
51.7,-0.5410454,,
51.75,-0.2960805,,
51.8,-0.1747007,,
51.85,-0.1440653,,
51.9,-0.2322431,,
51.95,-0.4188157,,
52,-0.43959,,
52.05,-0.5688761,,
52.1,-0.644653,,
52.15,-0.6586601,,
52.2,-0.6257427,,
52.25,-0.6513073,,
52.3,-0.7691828,,
52.35,-0.7364218,,
52.4,-0.7047168,,
52.45,-0.5363208,,
52.5,-0.4854746,,
52.55,-0.5584622,,
52.6,-0.7065812,,
52.65,-0.6510959,,
52.7,-0.6534746,,
52.75,-0.6564288,,
52.8,-0.7511568,,
52.85,-0.8862357,,
52.9,-0.9709235,,
52.95,-0.9979866,,
53,-0.775591,,
53.05,-0.7734058,,
53.1,-0.750168,,
53.15,-0.823262,,
53.2,-0.8325217,,
53.25,-0.9025092,,
53.3,-0.8331043,,
53.35,-0.7977792,,
53.4,-0.817144,,
53.45,-0.8201981,,
53.5,-0.8494901,,
53.55,-0.8042572,,
53.6,-0.7768012,,
53.65,-0.7659187,,
53.7,-0.8801272,,
53.75,-0.9639714,,
53.8,-0.9319805,,
53.85,-0.7896699,,
53.9,-0.529865,,
53.95,-0.473637,,
54,-0.6035627,,
54.05,-0.6194247,,
54.1,-0.5973762,,
54.15,-0.6150464,,
54.2,-0.5555296,,
54.25,-0.5174343,,
54.3,-0.6249812,,
54.35,-0.6538136,,
54.4,-0.7146829,,
54.45,-0.7857608,,
54.5,-0.7943216,,
54.55,-0.6846332,,
54.6,-0.6926252,,
54.65,-0.7699075,,
54.7,-0.8016226,,
54.75,-0.8177143,,
54.8,-0.7959966,,
54.85,-0.6949327,,
54.9,-0.7077211,,
54.95,-0.8603435,,
55,-0.91956,,
55.05,-1.041393,,
55.1,-1.185733,,
55.15,-1.248907,,
55.2,-1.326617,,
55.25,-1.279284,,
55.3,-1.111124,,
55.35,-1.018768,,
55.4,-1.036855,,
55.45,-0.978977,,
55.5,-1.202184,,
55.55,-1.439716,,
55.6,-1.536257,,
55.65,-1.395869,,
55.7,-1.226052,,
55.75,-1.094183,,
55.8,-1.063745,,
55.85,-1.283179,,
55.9,-1.400096,,
55.95,-1.348567,,
56,-1.192162,,
56.05,-1.030524,,
56.1,-0.8172981,,
56.15,-0.7588391,,
56.2,-0.8458799,,
56.25,-0.804929,,
56.3,-0.8206118,,
56.35,-0.766504,,
56.4,-0.6651927,,
56.45,-0.7398006,,
56.5,-0.9000343,,
56.55,-0.8465105,,
56.6,-0.7336672,,
56.65,-0.7938845,,
56.7,-0.7476338,,
56.75,-0.9165003,,
56.8,-1.141433,,
56.85,-1.071296,,
56.9,-1.014021,,
56.95,-1.177038,,
57,-1.312151,,
57.05,-1.413536,,
57.1,-1.386986,,
57.15,-1.291691,,
57.2,-1.107149,,
57.25,-1.220333,,
57.3,-1.440601,,
57.35,-1.547524,,
57.4,-1.450879,,
57.45,-1.305162,,
57.5,-1.269875,,
57.55,-1.16713,,
57.6,-1.149366,,
57.65,-1.224728,,
57.7,-1.247896,,
57.75,-1.331073,,
57.8,-1.413681,,
57.85,-1.499864,,
57.9,-1.545726,,
57.95,-1.578618,,
58,-1.523614,,
58.05,-1.506348,,
58.1,-1.411259,,
58.15,-1.321343,,
58.2,-1.293624,,
58.25,-1.023451,,
58.3,-0.9402163,,
58.35,-0.8814525,,
58.4,-0.9832447,,
58.45,-1.114359,,
58.5,-1.252862,,
58.55,-1.306031,,
58.6,-1.283432,,
58.65,-1.303453,,
58.7,-1.110844,,
58.75,-1.073167,,
58.8,-1.156567,,
58.85,-1.311815,,
58.9,-1.407312,,
58.95,-1.369396,,
59,-1.330242,,
59.05,-1.321573,,
59.1,-1.356712,,
59.15,-1.379887,,
59.2,-1.360211,,
59.25,-1.473592,,
59.3,-1.684157,,
59.35,-1.805161,,
59.4,-1.853103,,
59.45,-1.785238,,
59.5,-1.651591,,
59.55,-1.513669,,
59.6,-1.543553,,
59.65,-1.786376,,
59.7,-1.966978,,
59.75,-2.047348,,
59.8,-1.880029,,
59.85,-1.695971,,
59.9,-1.562734,,
59.95,-1.539505,,
60,-1.693715,,
60.05,-1.711369,,
60.1,-1.71459,,
60.15,-1.72104,,
60.2,-1.791422,,
60.25,-1.739852,,
60.3,-1.762579,,
60.35,-1.744069,,
60.4,-1.648431,,
60.45,-1.494471,,
60.5,-1.380373,,
60.55,-1.313891,,
60.6,-1.333047,,
60.65,-1.494936,,
60.7,-1.587515,,
60.75,-1.599313,,
60.8,-1.535253,,
60.85,-1.44414,,
60.9,-1.532678,,
60.95,-1.645876,,
61,-1.6651,,
61.05,-1.637841,,
61.1,-1.575976,,
61.15,-1.398352,,
61.2,-1.339401,,
61.25,-1.424099,,
61.3,-1.426695,,
61.35,-1.563912,,
61.4,-1.611798,,
61.45,-1.58239,,
61.5,-1.512229,,
61.55,-1.558643,,
61.6,-1.554854,,
61.65,-1.656564,,
61.7,-1.673626,,
61.75,-1.590155,,
61.8,-1.597686,,
61.85,-1.682943,,
61.9,-1.740256,,
61.95,-1.818268,,
62,-1.88893,,
62.05,-1.70505,,
62.1,-1.609164,,
62.15,-1.672927,,
62.2,-1.6789,,
62.25,-1.658015,,
62.3,-1.841185,,
62.35,-1.843743,,
62.4,-1.861777,,
62.45,-1.840285,,
62.5,-1.685555,,
62.55,-1.54342,,
62.6,-1.453775,,
62.65,-1.350059,,
62.7,-1.356202,,
62.75,-1.554905,,
62.8,-1.630698,,
62.85,-1.669005,,
62.9,-1.732903,,
62.95,-1.577258,,
63,-1.608567,,
63.05,-1.654931,,
63.1,-1.656602,,
63.15,-1.591537,,
63.2,-1.582189,,
63.25,-1.635965,,
63.3,-1.641499,,
63.35,-1.74666,,
63.4,-1.730659,,
63.45,-1.792824,,
63.5,-1.823368,,
63.55,-1.790395,,
63.6,-1.76306,,
63.65,-1.805916,,
63.7,-1.839391,,
63.75,-1.783934,,
63.8,-1.663098,,
63.85,-1.495681,,
63.9,-1.500879,,
63.95,-1.570626,,
64,-1.783321,,
64.05,-1.7855,,
64.1,-1.769253,,
64.15,-1.728851,,
64.2,-1.77709,,
64.25,-1.884319,,
64.3,-1.975158,,
64.35,-1.907029,,
64.4,-1.64665,,
64.45,-1.603881,,
64.5,-1.797471,,
64.55,-2.077821,,
64.6,-2.157349,,
64.65,-2.02148,,
64.7,-1.839921,,
64.75,-1.74053,,
64.8,-1.841541,,
64.85,-1.873558,,
64.9,-1.704092,,
64.95,-1.72328,,
65,-1.743279,,
65.05,-1.775439,,
65.1,-1.924708,,
65.15,-1.867923,,
65.2,-1.578731,,
65.25,-1.309123,,
65.3,-1.267864,,
65.35,-1.329903,,
65.4,-1.51744,,
65.45,-1.603823,,
65.5,-1.424093,,
65.55,-1.379505,,
65.6,-1.392205,,
65.65,-1.481716,,
65.7,-1.527634,,
65.75,-1.537328,,
65.8,-1.527659,,
65.85,-1.574063,,
65.9,-1.612719,,
65.95,-1.728812,,
66,-1.726277,,
66.05,-1.76721,,
66.1,-1.824183,,
66.15,-1.75508,,
66.2,-1.755144,,
66.25,-1.763498,,
66.3,-2.041094,,
66.35,-2.071028,,
66.4,-1.920004,,
66.45,-1.675873,,
66.5,-1.495976,,
66.55,-1.522587,,
66.6,-1.573976,,
66.65,-1.545394,,
66.7,-1.411819,,
66.75,-1.472192,,
66.8,-1.505686,,
66.85,-1.437173,,
66.9,-1.249425,,
66.95,-1.196674,,
67,-1.143273,,
67.05,-1.221271,,
67.1,-1.229333,,
67.15,-1.07616,,
67.2,-0.9777001,,
67.25,-0.8222155,,
67.3,-0.7685043,,
67.35,-0.8022515,,
67.4,-0.7132894,,
67.45,-0.6908031,,
67.5,-0.7280628,,
67.55,-0.7008017,,
67.6,-0.6618568,,
67.65,-0.7142302,,
67.7,-0.6188709,,
67.75,-0.6128474,,
67.8,-0.8255943,,
67.85,-0.7782423,,
67.9,-0.6453761,,
67.95,-0.4707621,,
68,-0.2564158,,
68.05,-0.4030775,,
68.1,-0.6528916,,
68.15,-0.8753517,,
68.2,-1.020052,,
68.25,-1.094275,,
68.3,-0.9357313,,
68.35,-0.7618448,,
68.4,-0.7326531,,
68.45,-0.6763628,,
68.5,-0.775685,,
68.55,-0.8363783,,
68.6,-0.7229716,,
68.65,-0.4887647,,
68.7,-0.3885184,,
68.75,-0.6418366,,
68.8,-0.9357082,,
68.85,-1.056033,,
68.9,-0.8244649,,
68.95,-0.3801802,,
69,-0.0917909,,
69.05,-0.1143815,,
69.1,-0.3649088,,
69.15,-0.4720872,,
69.2,-0.3177047,,
69.25,-0.1183739,,
69.3,2.13E-02,,
69.35,0.4345935,,
69.4,0.6848693,,
69.45,0.6990235,,
69.5,0.5835459,,
69.55,0.417813,,
69.6,0.2578777,,
69.65,0.3131897,,
69.7,0.4942133,,
69.75,0.4071043,,
69.8,0.3422898,,
69.85,0.3867063,,
69.9,0.5595299,,
69.95,0.6248124,,
70,0.6809641,,
70.05,0.5809931,,
70.1,0.4580736,,
70.15,0.4498457,,
70.2,0.5613512,,
70.25,0.6488272,,
70.3,0.7547193,,
70.35,0.834472,,
70.4,0.7624956,,
70.45,0.6558648,,
70.5,0.5604225,,
70.55,0.5435354,,
70.6,0.4877053,,
70.65,0.6115296,,
70.7,0.7201591,,
70.75,0.7927209,,
70.8,0.9411937,,
70.85,1.262344,,
70.9,1.416149,,
70.95,1.550051,,
71,1.513995,,
71.05,1.150391,,
71.1,0.9232229,,
71.15,0.9635526,,
71.2,1.031647,,
71.25,1.084175,,
71.3,1.348409,,
71.35,1.441226,,
71.4,1.592835,,
71.45,2.12451,,
71.5,2.426804,,
71.55,2.448947,,
71.6,2.40499,,
71.65,2.316358,,
71.7,2.163182,,
71.75,2.175192,,
71.8,2.222369,,
71.85,2.099722,,
71.9,2.122147,,
71.95,2.084576,,
72,2.070141,,
72.05,2.049461,,
72.1,1.970782,,
72.15,2.024178,,
72.2,2.144611,,
72.25,2.320172,,
72.3,2.636199,,
72.35,2.999379,,
72.4,3.024133,,
72.45,2.920981,,
72.5,2.709661,,
72.55,2.54733,,
72.6,2.696694,,
72.65,2.885373,,
72.7,2.908518,,
72.75,2.765004,,
72.8,2.671382,,
72.85,2.763819,,
72.9,2.883529,,
72.95,2.941153,,
73,2.811142,,
73.05,2.678348,,
73.1,2.593048,,
73.15,2.68608,,
73.2,2.899034,,
73.25,3.133539,,
73.3,3.22019,,
73.35,3.178692,,
73.4,3.075403,,
73.45,3.001862,,
73.5,3.133214,,
73.55,3.324065,,
73.6,3.420115,,
73.65,3.342431,,
73.7,3.363211,,
73.75,3.441597,,
73.8,3.703545,,
73.85,3.801795,,
73.9,3.949714,,
73.95,3.958631,,
74,3.893564,,
74.05,3.795536,,
74.1,3.766862,,
74.15,3.992806,,
74.2,4.300456,,
74.25,4.749852,,
74.3,4.845782,,
74.35,4.64515,,
74.4,4.338212,,
74.45,4.168271,,
74.5,4.157319,,
74.55,4.267816,,
74.6,4.462188,,
74.65,4.647988,,
74.7,4.881384,,
74.75,4.815175,,
74.8,4.508448,,
74.85,4.515236,,
74.9,4.28623,,
74.95,4.338477,,
75,4.471778,,
75.05,4.496628,,
75.1,4.386493,,
75.15,4.46009,,
75.2,4.584674,,
75.25,4.420303,,
75.3,4.626534,,
75.35,4.768676,,
75.4,4.892099,,
75.45,4.540277,,
75.5,4.282121,,
75.55,3.990576,,
75.6,4.3163,,
75.65,4.862905,,
75.7,5.320921,,
75.75,5.5349,,
75.8,5.42735,,
75.85,5.423439,,
75.9,5.27631,,
75.95,5.315989,,
76,5.212801,,
76.05,5.360893,,
76.1,5.557561,,
76.15,5.78193,,
76.2,6.112097,,
76.25,6.481701,,
76.3,6.565029,,
76.35,6.641876,,
76.4,6.442976,,
76.45,6.023074,,
76.5,5.731256,,
76.55,5.426847,,
76.6,5.713439,,
76.65,6.16014,,
76.7,6.539699,,
76.75,6.626142,,
76.8,6.731969,,
76.85,6.882974,,
76.9,6.903625,,
76.95,6.837285,,
77,6.43643,,
77.05,6.381557,,
77.1,6.80654,,
77.15,7.214245,,
77.2,7.011469,,
77.25,6.643082,,
77.3,6.374218,,
77.35,6.463684,,
77.4,6.823608,,
77.45,7.32472,,
77.5,7.543389,,
77.55,7.499302,,
77.6,7.882149,,
77.65,8.350601,,
77.7,8.733211,,
77.75,8.778231,,
77.8,8.537497,,
77.85,7.986617,,
77.9,7.750685,,
77.95,7.738724,,
78,8.075491,,
78.05,8.620789,,
78.1,9.31037,,
78.15,9.628626,,
78.2,9.626303,,
78.25,9.450681,,
78.3,9.091467,,
78.35,9.077739,,
78.4,8.903955,,
78.45,8.89061,,
78.5,8.820493,,
78.55,8.870733,,
78.6,9.099447,,
78.65,9.338313,,
78.7,9.5684,,
78.75,9.633345,,
78.8,9.889957,,
78.85,10.12316,,
78.9,10.31689,,
78.95,10.52521,,
79,10.46529,,
79.05,10.47264,,
79.1,10.20458,,
79.15,10.06484,,
79.2,9.787521,,
79.25,10.03877,,
79.3,10.29539,,
79.35,10.72287,,
79.4,11.10853,,
79.45,10.95857,,
79.5,11.03823,,
79.55,11.17887,,
79.6,11.59947,,
79.65,11.35796,,
79.7,11.40991,,
79.75,11.53596,,
79.8,11.38478,,
79.85,11.49636,,
79.9,11.79064,,
79.95,11.63728,,
80,11.51133,,
80.05,11.95871,,
80.1,12.5028,,
80.15,12.74227,,
80.2,13.1305,,
80.25,13.36035,,
80.3,13.09974,,
80.35,13.00767,,
80.4,12.95378,,
80.45,13.07249,,
80.5,13.1264,,
80.55,13.51833,,
80.6,13.58145,,
80.65,13.62413,,
80.7,13.80945,,
80.75,14.33482,,
80.8,14.81834,,
80.85,15.00834,,
80.9,14.98321,,
80.95,15.04857,,
81,14.79525,,
81.05,14.57301,,
81.1,14.22532,,
81.15,14.20135,,
81.2,14.40137,,
81.25,14.99389,,
81.3,15.85389,,
81.35,15.90179,,
81.4,15.70804,,
81.45,14.91053,,
81.5,14.76821,,
81.55,14.54005,,
81.6,14.8992,,
81.65,15.3442,,
81.7,15.53254,,
81.75,15.92754,,
81.8,16.21175,,
81.85,16.73018,,
81.9,16.6128,,
81.95,16.4247,,
82,16.49265,,
82.05,16.48347,,
82.1,16.48946,,
82.15,16.73322,,
82.2,17.17214,,
82.25,17.22039,,
82.3,17.57361,,
82.35,18.06219,,
82.4,18.23294,,
82.45,18.44476,,
82.5,18.65871,,
82.55,18.49862,,
82.6,18.30363,,
82.65,18.5795,,
82.7,19.00526,,
82.75,19.09033,,
82.8,19.15382,,
82.85,18.72728,,
82.9,18.72027,,
82.95,18.97034,,
83,19.38196,,
83.05,19.85917,,
83.1,20.07132,,
83.15,20.059,,
83.2,20.21994,,
83.25,20.34363,,
83.3,20.35292,,
83.35,20.33146,,
83.4,20.22172,,
83.45,19.9184,,
83.5,19.93367,,
83.55,20.41913,,
83.6,21.21847,,
83.65,21.9367,,
83.7,21.9763,,
83.75,21.70285,,
83.8,21.90429,,
83.85,21.84405,,
83.9,22.09599,,
83.95,21.97436,,
84,21.28362,,
84.05,21.12001,,
84.1,21.60849,,
84.15,22.34068,,
84.2,22.23842,,
84.25,21.79324,,
84.3,21.55151,,
84.35,21.61632,,
84.4,22.23149,,
84.45,22.82254,,
84.5,23.07199,,
84.55,23.15513,,
84.6,23.66731,,
84.65,24.08619,,
84.7,24.25669,,
84.75,23.85575,,
84.8,22.96434,,
84.85,22.84788,,
84.9,23.00721,,
84.95,23.79809,,
85,24.55389,,
85.05,25.50715,,
85.1,26.24509,,
85.15,26.61168,,
85.2,26.14914,,
85.25,25.64347,,
85.3,25.37719,,
85.35,25.22945,,
85.4,25.3529,,
85.45,25.16133,,
85.5,25.00259,,
85.55,25.16739,,
85.6,26.20917,,
85.65,26.90351,,
85.7,27.11187,,
85.75,26.37695,,
85.8,26.42214,,
85.85,27.46077,,
85.9,28.0062,,
85.95,28.38057,,
86,28.04487,,
86.05,27.76335,,
86.1,27.28289,,
86.15,27.94777,,
86.2,28.15544,,
86.25,28.08482,,
86.3,28.06824,,
86.35,28.51119,,
86.4,28.70362,,
86.45,28.89816,,
86.5,29.81792,,
86.55,30.45707,,
86.6,30.52318,,
86.65,30.90073,,
86.7,31.53214,,
86.75,31.70683,,
86.8,31.60261,,
86.85,32.10762,,
86.9,31.79127,,
86.95,31.70657,,
87,32.77038,,
87.05,33.40125,,
87.1,33.33702,,
87.15,32.56433,,
87.2,32.56465,,
87.25,33.06358,,
87.3,33.79585,,
87.35,34.05863,,
87.4,33.89624,,
87.45,33.61179,,
87.5,33.83124,,
87.55,34.98281,,
87.6,35.5172,,
87.65,35.28632,,
87.7,35.20463,,
87.75,35.20088,,
87.8,34.7711,,
87.85,35.20998,,
87.9,35.81162,,
87.95,36.61246,,
88,37.19319,,
88.05,37.40099,,
88.1,37.77042,,
88.15,37.31372,,
88.2,37.51065,,
88.25,37.30664,,
88.3,37.12663,,
88.35,36.90828,,
88.4,37.18536,,
88.45,37.98618,,
88.5,38.97135,,
88.55,40.24236,,
88.6,40.79866,,
88.65,40.85442,,
88.7,40.42473,,
88.75,39.99081,,
88.8,39.80078,,
88.85,40.38371,,
88.9,41.36634,,
88.95,42.24714,,
89,43.02172,,
89.05,42.86721,,
89.1,42.32355,,
89.15,42.18358,,
89.2,41.77619,,
89.25,41.9785,,
89.3,42.93726,,
89.35,44.2166,,
89.4,44.80788,,
89.45,45.43385,,
89.5,45.21799,,
89.55,45.2139,,
89.6,45.73411,,
89.65,46.30566,,
89.7,47.14294,,
89.75,47.64704,,
89.8,47.96883,,
89.85,47.84597,,
89.9,48.29976,,
89.95,48.01726,,
90,47.84778,,
90.05,48.10889,,
90.1,48.56872,,
90.15,48.73889,,
90.2,49.29584,,
90.25,49.53371,,
90.3,50.04732,,
90.35,50.78653,,
90.4,51.22113,,
90.45,51.26051,,
90.5,51.34395,,
90.55,52.04133,,
90.6,52.95752,,
90.65,53.46226,,
90.7,52.79204,,
90.75,51.94407,,
90.8,52.3339,,
90.85,53.13175,,
90.9,54.71391,,
90.95,55.6727,,
91,55.89777,,
91.05,55.71252,,
91.1,55.76098,,
91.15,56.40474,,
91.2,57.06998,,
91.25,57.58064,,
91.3,58.04736,,
91.35,58.42205,,
91.4,59.36144,,
91.45,59.44262,,
91.5,59.44136,,
91.55,59.86469,,
91.6,60.47208,,
91.65,61.79311,,
91.7,63.43064,,
91.75,65.09858,,
91.8,64.51053,,
91.85,63.48266,,
91.9,63.27245,,
91.95,63.615,,
92,65.14521,,
92.05,66.85418,,
92.1,67.01412,,
92.15,66.37836,,
92.2,66.61435,,
92.25,67.92504,,
92.3,69.49054,,
92.35,71.62228,,
92.4,71.99623,,
92.45,71.05921,,
92.5,69.99138,,
92.55,69.59313,,
92.6,70.60432,,
92.65,72.28684,,
92.7,73.63624,,
92.75,73.84805,,
92.8,74.30719,,
92.85,74.01451,,
92.9,73.93304,,
92.95,74.46712,,
93,75.25845,,
93.05,77.35657,,
93.1,79.93663,,
93.15,81.45455,,
93.2,80.93236,,
93.25,80.60065,,
93.3,80.90298,,
93.35,82.09599,,
93.4,83.24374,,
93.45,83.94779,,
93.5,84.84322,,
93.55,84.78258,,
93.6,85.95231,,
93.65,87.59674,,
93.7,88.69456,,
93.75,89.87599,,
93.8,90.33044,,
93.85,89.79269,,
93.9,88.07317,,
93.95,87.50968,,
94,88.26768,,
94.05,89.65148,,
94.1,91.65714,,
94.15,93.32954,,
94.2,94.9193,,
94.25,96.63937,,
94.3,99.064,,
94.35,100.8378,,
94.4,102.0629,,
94.45,101.9636,,
94.5,102.0146,,
94.55,103.0979,,
94.6,104.3318,,
94.65,105.1339,,
94.7,106.0259,,
94.75,106.1603,,
94.8,106.4364,,
94.85,107.4804,,
94.9,108.0052,,
94.95,108.6185,,
95,110.9455,,
95.05,112.8012,,
95.1,113.2683,,
95.15,114.4009,,
95.2,114.9108,,
95.25,115.3768,,
95.3,117.7288,,
95.35,119.7401,,
95.4,120.0794,,
95.45,120.2801,,
95.5,121.422,,
95.55,122.4314,,
95.6,123.0347,,
95.65,122.9312,,
95.7,122.8963,,
95.75,122.6449,,
95.8,125.5513,,
95.85,128.2248,,
95.9,128.8063,,
95.95,129.2917,,
96,131.0424,,
96.05,132.0948,,
96.1,133.6283,,
96.15,135.5286,,
96.2,136.1577,,
96.25,136.5718,,
96.3,136.0173,,
96.35,136.0912,,
96.4,137.1765,,
96.45,139.3578,,
96.5,142.6612,,
96.55,145.8982,,
96.6,148.8633,,
96.65,152.211,,
96.7,154.6001,,
96.75,154.3674,,
96.8,153.2135,,
96.85,153.7806,,
96.9,154.4388,,
96.95,156.1554,,
97,158.1042,,
97.05,158.0302,,
97.1,158.2029,,
97.15,160.0286,,
97.2,162.8507,,
97.25,165.8229,,
97.3,167.0207,,
97.35,166.3216,,
97.4,166.5508,,
97.45,169.2471,,
97.5,171.84,,
97.55,174.4654,,
97.6,177.0899,,
97.65,179.533,,
97.7,183.7609,,
97.75,186.4115,,
97.8,186.8241,,
97.85,186.3145,,
97.9,187.2187,,
97.95,188.8609,,
98,191.8035,,
98.05,195.0425,,
98.1,198.2082,,
98.15,203.4876,,
98.2,207.9735,,
98.25,210.1718,,
98.3,209.8988,,
98.35,208.5259,,
98.4,208.9681,,
98.45,211.5589,,
98.5,216.4873,,
98.55,221.5668,,
98.6,223.9268,,
98.65,223.7213,,
98.7,223.0531,,
98.75,225.2296,,
98.8,226.7047,,
98.85,230.815,,
98.9,233.4914,,
98.95,235.1029,,
99,239.2516,,
99.05,243.6949,,
99.1,246.2757,,
99.15,247.6197,,
99.2,246.9733,,
99.25,245.0569,,
99.3,246.4434,,
99.35,252.3038,,
99.4,257.4823,,
99.45,259.8098,,
99.5,259.1047,,
99.55,259.6767,,
99.6,259.4914,,
99.65,259.9065,,
99.7,261.1082,,
99.75,263.0653,,
99.8,262.3181,,
99.85,266.347,,
99.9,269.2417,,
99.95,267.6509,,
100,267.8507,,
100.05,265.0145,,
100.1,262.4372,,
100.15,262.1649,,
100.2,266.3215,,
100.25,269.6936,,
100.3,273.195,,
100.35,275.2626,,
100.4,274.5886,,
100.45,276.718,,
100.5,278.8044,,
100.55,280.0119,,
100.6,278.1332,,
100.65,276.5634,,
100.7,278.1958,,
100.75,282.2928,,
100.8,286.4601,,
100.85,290.2163,,
100.9,289.4317,,
100.95,285.2732,,
101,283.5502,,
101.05,283.0356,,
101.1,283.1518,,
101.15,286.0742,,
101.2,289.5539,,
101.25,291.4415,,
101.3,294.0499,,
101.35,293.8299,,
101.4,295.232,,
101.45,295.6739,,
101.5,297.2663,,
101.55,300.5999,,
101.6,304.3512,,
101.65,305.2199,,
101.7,304.6006,,
101.75,305.413,,
101.8,307.3308,,
101.85,311.5186,,
101.9,316.9409,,
101.95,323.1406,,
102,323.5703,,
102.05,322.5717,,
102.1,317.5047,,
102.15,315.8211,,
102.2,317.5372,,
102.25,321.2735,,
102.3,326.0014,,
102.35,329.277,,
102.4,331.9487,,
102.45,333.2618,,
102.5,333.4358,,
102.55,329.1584,,
102.6,325.673,,
102.65,328.1501,,
102.7,328.7116,,
102.75,329.4362,,
102.8,330.1592,,
102.85,330.1106,,
102.9,331.0041,,
102.95,332.0953,,
103,331.889,,
103.05,332.7188,,
103.1,330.3006,,
103.15,328.8928,,
103.2,327.4536,,
103.25,325.6299,,
103.3,326.5771,,
103.35,327.4244,,
103.4,326.9917,,
103.45,321.9236,,
103.5,320.9853,,
103.55,319.4069,,
103.6,319.8228,,
103.65,316.3044,,
103.7,313.1107,,
103.75,314.0946,,
103.8,315.5927,,
103.85,314.4694,,
103.9,311.2783,,
103.95,306.0475,,
104,302.0774,,
104.05,303.8055,,
104.1,307.9556,,
104.15,307.9504,,
104.2,306.2662,,
104.25,303.7678,,
104.3,301.2635,,
104.35,298.9428,,
104.4,296.5172,,
104.45,294.47,,
104.5,291.8684,,
104.55,289.9392,,
104.6,288.2058,,
104.65,288.9764,,
104.7,289.6618,,
104.75,290.5934,,
104.8,288.3693,,
104.85,284.0241,,
104.9,280.1494,,
104.95,278.5797,,
105,277.4491,,
105.05,278.3968,,
105.1,277.7191,,
105.15,278.1133,,
105.2,278.7176,,
105.25,279.8739,,
105.3,277.1213,,
105.35,275.7881,,
105.4,274.8866,,
105.45,272.1273,,
105.5,268.5884,,
105.55,265.5226,,
105.6,263.7486,,
105.65,261.0591,,
105.7,258.311,,
105.75,254.9461,,
105.8,252.4889,,
105.85,251.8225,,
105.9,252.9214,,
105.95,253.4965,,
106,251.4203,,
106.05,250.6624,,
106.1,251.0897,,
106.15,251.0377,,
106.2,250.7861,,
106.25,251.001,,
106.3,249.9682,,
106.35,249.684,,
106.4,247.2207,,
106.45,243.1053,,
106.5,240.1658,,
106.55,238.5475,,
106.6,237.7049,,
106.65,238.3815,,
106.7,239.7802,,
106.75,236.8532,,
106.8,234.6951,,
106.85,231.3901,,
106.9,228.5551,,
106.95,228.8423,,
107,227.722,,
107.05,223.3558,,
107.1,219.88,,
107.15,219.0679,,
107.2,218.222,,
107.25,218.8907,,
107.3,215.6145,,
107.35,210.3623,,
107.4,206.1135,,
107.45,203.8545,,
107.5,204.4607,,
107.55,205.0126,,
107.6,205.286,,
107.65,204.063,,
107.7,203.639,,
107.75,200.7541,,
107.8,198.2569,,
107.85,195.8327,,
107.9,195.0477,,
107.95,196.097,,
108,197.8225,,
108.05,197.2816,,
108.1,196.522,,
108.15,193.3817,,
108.2,189.3401,,
108.25,187.7572,,
108.3,188.6,,
108.35,188.7847,,
108.4,186.5854,,
108.45,184.4512,,
108.5,181.6276,,
108.55,181.1457,,
108.6,184.1239,,
108.65,186.5235,,
108.7,186.7226,,
108.75,184.633,,
108.8,181.6853,,
108.85,175.3554,,
108.9,169.8194,,
108.95,168.0886,,
109,169.2231,,
109.05,173.4344,,
109.1,175.2065,,
109.15,175.6419,,
109.2,173.5892,,
109.25,172.7884,,
109.3,173.1719,,
109.35,176.0108,,
109.4,175.2781,,
109.45,175.8172,,
109.5,175.7531,,
109.55,174.9128,,
109.6,172.2449,,
109.65,169.2344,,
109.7,165.6225,,
109.75,163.1141,,
109.8,165.7472,,
109.85,168.971,,
109.9,169.793,,
109.95,169.5292,,
110,168.0498,,
110.05,162.9183,,
110.1,160.9717,,
110.15,163.5503,,
110.2,164.7778,,
110.25,161.1766,,
110.3,160.0988,,
110.35,160.0054,,
110.4,159.9411,,
110.45,161.8944,,
110.5,165.6235,,
110.55,165.2924,,
110.6,163.4153,,
110.65,162.563,,
110.7,159.029,,
110.75,154.1258,,
110.8,151.1658,,
110.85,150.8421,,
110.9,150.5906,,
110.95,149.8035,,
111,148.8766,,
111.05,148.2613,,
111.1,149.8741,,
111.15,151.0962,,
111.2,150.5121,,
111.25,148.0785,,
111.3,143.457,,
111.35,140.6464,,
111.4,138.2864,,
111.45,137.2746,,
111.5,135.3514,,
111.55,135.1954,,
111.6,134.8062,,
111.65,135.7104,,
111.7,135.9342,,
111.75,133.0933,,
111.8,128.6795,,
111.85,125.1915,,
111.9,124.6957,,
111.95,125.7314,,
112,127.4373,,
112.05,125.6606,,
112.1,122.5822,,
112.15,119.1947,,
112.2,116.8397,,
112.25,116.1551,,
112.3,115.3292,,
112.35,114.0497,,
112.4,115.1465,,
112.45,114.8771,,
112.5,114.6304,,
112.55,112.663,,
112.6,110.1547,,
112.65,107.493,,
112.7,105.0871,,
112.75,101.2993,,
112.8,98.27268,,
112.85,97.67444,,
112.9,97.9403,,
112.95,99.77453,,
113,100.8889,,
113.05,100.3839,,
113.1,98.23266,,
113.15,96.32935,,
113.2,94.75276,,
113.25,93.80217,,
113.3,92.14479,,
113.35,88.65306,,
113.4,85.76857,,
113.45,83.1482,,
113.5,83.87083,,
113.55,85.63019,,
113.6,85.45558,,
113.65,84.13387,,
113.7,82.32658,,
113.75,79.60642,,
113.8,76.52527,,
113.85,75.06748,,
113.9,74.9309,,
113.95,75.30467,,
114,74.78973,,
114.05,71.34142,,
114.1,68.0722,,
114.15,64.85144,,
114.2,63.23627,,
114.25,62.91151,,
114.3,62.62003,,
114.35,61.73854,,
114.4,60.3914,,
114.45,60.04782,,
114.5,60.48126,,
114.55,63.21637,,
114.6,65.61873,,
114.65,66.14194,,
114.7,66.49751,,
114.75,66.22255,,
114.8,69.70432,,
114.85,77.02991,,
114.9,86.79333,,
114.95,99.36407,,
115,112.5991,,
115.05,121.2764,,
115.1,129.7909,,
115.15,143.4566,,
115.2,158.4248,,
115.25,180.0497,,
115.3,205.2598,,
115.35,223.2444,,
115.4,229.253,,
115.45,242.4013,,
115.5,254.8782,,
115.55,267.3014,,
115.6,277.3523,,
115.65,279.4731,,
115.7,271.8491,,
115.75,266.7286,,
115.8,263.752,,
115.85,259.1295,,
115.9,253.9418,,
115.95,243.7448,,
116,240.5617,,
116.05,234.7129,,
116.1,224.0003,,
116.15,207.0427,,
116.2,194.1762,,
116.25,182.0232,,
116.3,177.0744,,
116.35,178.6694,,
116.4,168.771,,
116.45,157.7965,,
116.5,148.9318,,
116.55,144.5805,,
116.6,135.8558,,
116.65,132.1939,,
116.7,124.3456,,
116.75,116.9721,,
116.8,113.4595,,
116.85,109.4342,,
116.9,102.2556,,
116.95,92.84932,,
117,91.21357,,
117.05,89.03107,,
117.1,86.88245,,
117.15,85.52928,,
117.2,80.3107,,
117.25,73.25063,,
117.3,71.517,,
117.35,73.32386,,
117.4,72.26923,,
117.45,69.80026,,
117.5,68.0004,,
117.55,66.24313,,
117.6,64.57629,,
117.65,65.09695,,
117.7,63.87733,,
117.75,60.21161,,
117.8,56.92583,,
117.85,55.58025,,
117.9,51.40244,,
117.95,46.44651,,
118,44.35071,,
118.05,43.74805,,
118.1,45.51014,,
118.15,47.45295,,
118.2,46.92844,,
118.25,44.59995,,
118.3,44.00957,,
118.35,43.33326,,
118.4,42.63151,,
118.45,41.11547,,
118.5,40.69658,,
118.55,40.05535,,
118.6,37.73396,,
118.65,36.04279,,
118.7,35.00564,,
118.75,34.67361,,
118.8,35.70131,,
118.85,36.64556,,
118.9,35.12484,,
118.95,32.54487,,
119,31.31236,,
119.05,30.50382,,
119.1,30.13776,,
119.15,31.55245,,
119.2,31.88609,,
119.25,31.09837,,
119.3,30.17912,,
119.35,29.74361,,
119.4,29.16097,,
119.45,29.34984,,
119.5,29.40334,,
119.55,28.5333,,
119.6,29.24267,,
119.65,28.54422,,
119.7,27.95163,,
119.75,26.64766,,
119.8,25.34406,,
119.85,23.39786,,
119.9,22.27451,,
119.95,21.91603,,
120,22.73521,,
120.05,24.23089,,
120.1,25.01863,,
120.15,24.36996,,
120.2,22.50261,,
120.25,20.46397,,
120.3,19.29151,,
120.35,19.34413,,
120.4,20.42511,,
120.45,21.0723,,
120.5,21.54394,,
120.55,21.95837,,
120.6,21.2286,,
120.65,20.22342,,
120.7,19.39481,,
120.75,18.21662,,
120.8,17.29869,,
120.85,17.50603,,
120.9,18.05648,,
120.95,18.48949,,
121,17.98189,,
121.05,16.97962,,
121.1,16.49832,,
121.15,16.57561,,
121.2,16.76749,,
121.25,17.04941,,
121.3,16.76698,,
121.35,15.80939,,
121.4,15.71371,,
121.45,15.80968,,
121.5,15.72795,,
121.55,16.06134,,
121.6,15.91794,,
121.65,15.70886,,
121.7,15.15898,,
121.75,14.39428,,
121.8,13.81763,,
121.85,13.96844,,
121.9,15.0797,,
121.95,16.39716,,
122,17.29548,,
122.05,17.38592,,
122.1,17.4368,,
122.15,16.74696,,
122.2,16.31153,,
122.25,16.73692,,
122.3,16.56349,,
122.35,16.17595,,
122.4,15.93633,,
122.45,14.72407,,
122.5,13.76014,,
122.55,14.37369,,
122.6,15.00913,,
122.65,14.81726,,
122.7,14.81726,,
122.75,14.81726,,
122.8,14.81726,,
122.85,14.81726,,
122.9,14.81726,,
122.95,14.81726,,
123,14.81726,,
123.05,14.81726,,
123.1,14.81726,,
123.15,14.81726,,
123.2,14.81726,,
123.25,14.81726,,
123.3,14.81726,,
123.35,14.81726,,
123.4,14.81726,,
123.45,14.81726,,
123.5,14.81726,,
123.55,14.81726,,
123.6,14.81726,,
123.65,14.81726,,
123.7,14.81726,,
123.75,14.81726,,
123.8,14.81726,,
123.85,14.81726,,
123.9,14.81726,,
123.95,14.81726,,
124,14.81726,,
124.05,14.81726,,
124.1,14.81726,,
124.15,14.81726,,
124.2,14.81726,,
124.25,14.81726,,
124.3,14.81726,,
124.35,14.81726,,
124.4,14.81726,,
124.45,14.81726,,
124.5,14.81726,,
124.55,14.81726,,
124.6,14.81726,,
124.65,14.81726,,
124.7,14.81726,,
124.75,14.81726,,
124.8,14.81726,,
124.85,14.81726,,
124.9,14.81726,,
124.95,14.81726,,
125,14.81726,,
125.05,14.81726,,
125.1,14.81726,,
125.15,14.81726,,
125.2,14.81726,,
125.25,14.81726,,
125.3,14.81726,,
125.35,14.81726,,
125.4,14.81726,,
125.45,14.81726,,
125.5,14.81726,,
125.55,14.81726,,
125.6,14.81726,,
125.65,14.81726,,
125.7,14.81726,,
125.75,14.81726,,
125.8,14.81726,,
125.85,14.81726,,
125.9,14.81726,,
125.95,14.81726,,
126,14.81726,,
126.05,14.81726,,
126.1,14.81726,,
126.15,14.81726,,
126.2,14.81726,,
126.25,14.81726,,
126.3,14.81726,,
126.35,14.81726,,
126.4,14.81726,,
126.45,14.81726,,
126.5,14.81726,,
126.55,14.81726,,
126.6,14.81726,,
126.65,14.81726,,
126.7,14.81726,,
126.75,14.81726,,
126.8,14.81726,,
126.85,14.81726,,
126.9,14.81726,,
126.95,14.81726,,
127,14.81726,,
127.05,14.81726,,
127.1,14.81726,,
127.15,14.81726,,
127.2,14.81726,,
127.25,14.81726,,
127.3,14.81726,,
127.35,14.81726,,
127.4,14.81726,,
127.45,14.81726,,
127.5,14.81726,,
127.55,14.81726,,
127.6,14.81726,,
127.65,14.81726,,
127.7,14.81726,,
127.75,14.81726,,
127.8,14.81726,,
127.85,14.81726,,
127.9,14.81726,,
127.95,14.81726,,
128,14.81726,,
128.05,14.81726,,
128.1,14.81726,,
128.15,14.81726,,
128.2,14.81726,,
128.25,14.81726,,
128.3,14.81726,,
128.35,14.81726,,
128.4,14.81726,,
128.45,14.81726,,
128.5,14.81726,,
128.55,14.81726,,
128.6,14.81726,,
128.65,14.81726,,
128.7,14.81726,,
128.75,14.81726,,
128.8,14.81726,,
128.85,14.81726,,
128.9,14.81726,,
128.95,14.81726,,
129,14.81726,,
129.05,14.81726,,
129.1,14.81726,,
129.15,14.81726,,
129.2,14.81726,,
129.25,14.81726,,
129.3,14.81726,,
129.35,14.81726,,
129.4,14.81726,,
129.45,14.81726,,
129.5,14.81726,,
129.55,14.81726,,
129.6,14.81726,,
129.65,14.81726,,
129.7,14.81726,,
129.75,14.81726,,
129.8,14.81726,,
129.85,14.81726,,
129.9,14.81726,,
129.95,14.81726,,
130,14.81726,,
130.05,14.81726,,
130.1,14.81726,,
130.15,14.81726,,
130.2,14.81726,,
130.25,14.81726,,
130.3,14.81726,,
130.35,14.81726,,
130.4,14.81726,,
130.45,14.81726,,
130.5,14.81726,,
130.55,14.81726,,
130.6,14.81726,,
130.65,14.81726,,
130.7,14.81726,,
130.75,14.81726,,
130.8,14.81726,,
130.85,14.81726,,
130.9,14.81726,,
130.95,14.81726,,
131,14.81726,,
131.05,14.81726,,
131.1,14.81726,,
131.15,14.81726,,
131.2,14.81726,,
131.25,14.81726,,
131.3,14.81726,,
131.35,14.81726,,
131.4,14.81726,,
131.45,14.81726,,
131.5,14.81726,,
131.55,14.81726,,
131.6,14.81726,,
131.65,14.81726,,
131.7,14.81726,,
131.75,14.81726,,
131.8,14.81726,,
131.85,14.81726,,
131.9,14.81726,,
131.95,14.81726,,
132,14.81726,,
132.05,14.81726,,
132.1,14.81726,,
132.15,14.81726,,
132.2,14.81726,,
132.25,14.81726,,
132.3,14.81726,,
132.35,14.81726,,
132.4,14.81726,,
132.45,14.81726,,
132.5,14.81726,,
132.55,14.81726,,
132.6,14.81726,,
132.65,14.81726,,
132.7,14.81726,,
132.75,14.81726,,
132.8,14.81726,,
132.85,14.81726,,
132.9,14.81726,,
132.95,14.81726,,
133,14.81726,,
133.05,14.81726,,
133.1,14.81726,,
133.15,14.81726,,
133.2,14.81726,,
133.25,14.81726,,
133.3,14.81726,,
133.35,14.81726,,
133.4,14.81726,,
133.45,14.81726,,
133.5,14.81726,,
133.55,14.81726,,
133.6,14.81726,,
133.65,14.81726,,
133.7,14.81726,,
133.75,14.81726,,
133.8,14.81726,,
133.85,14.81726,,
133.9,14.81726,,
133.95,14.81726,,
134,14.81726,,
134.05,14.81726,,
134.1,14.81726,,
134.15,14.81726,,
134.2,14.81726,,
134.25,14.81726,,
134.3,14.81726,,
134.35,14.81726,,
134.4,14.81726,,
134.45,14.81726,,
134.5,14.81726,,
134.55,14.81726,,
134.6,14.81726,,
134.65,14.81726,,
134.7,14.81726,,
134.75,14.81726,,
134.8,14.81726,,
134.85,14.81726,,
134.9,14.81726,,
134.95,14.81726,,
135,14.81726,,
135.05,14.81726,,
135.1,14.81726,,
135.15,14.81726,,
135.2,14.81726,,
135.25,14.81726,,
135.3,14.81726,,
135.35,14.81726,,
135.4,14.81726,,
135.45,14.81726,,
135.5,14.81726,,
135.55,14.81726,,
135.6,14.81726,,
135.65,14.81726,,
135.7,14.81726,,
135.75,14.81726,,
135.8,14.81726,,
135.85,14.81726,,
135.9,14.81726,,
135.95,14.81726,,
136,14.81726,,
136.05,14.81726,,
136.1,14.81726,,
136.15,14.81726,,
136.2,14.81726,,
136.25,14.81726,,
136.3,14.81726,,
136.35,14.81726,,
136.4,14.81726,,
136.45,14.81726,,
136.5,14.81726,,
136.55,14.81726,,
136.6,14.81726,,
136.65,14.81726,,
136.7,14.81726,,
136.75,14.81726,,
136.8,14.81726,,
136.85,14.81726,,
136.9,14.81726,,
136.95,14.81726,,
137,14.81726,,
137.05,14.81726,,
137.1,14.81726,,
137.15,14.81726,,
137.2,14.81726,,
137.25,14.81726,,
137.3,14.81726,,
137.35,14.81726,,
137.4,14.81726,,
137.45,14.81726,,
137.5,14.81726,,
137.55,14.81726,,
137.6,14.81726,,
137.65,14.81726,,
137.7,14.81726,,
137.75,14.81726,,
137.8,14.81726,,
137.85,14.81726,,
137.9,14.81726,,
137.95,14.81726,,
138,14.81726,,
 ,,,
Alignment,On,,